Section,version_name,type,name_group,parent_version,design_team,obsolete,icon,# ship_mtg_armor_upgrade,# submarine_mtg_engine_upgrade,ship_ASW_upgrade,ship_anti_air_upgrade,ship_mtg_armor_sub_upgrade,ship_mtg_armor_upgrade,ship_mtg_carrier_engine_upgrade,ship_mtg_deck_space_upgrade,ship_mtg_engine_upgrade,ship_mtg_hevy_engine_upgrade,ship_mtg_light_engine_upgrade,ship_mtg_mid_engine_upgrade,ship_mtg_naval_range_upgrade,ship_mtg_sp_hevy_engine_upgrade,submarine_mtg_engine_upgrade,# fixed_ship_armor_slot,# fixed_ship_deck_slot_2,# front_1_custom_slot,# front_2_custom_slot,# mid_3_custom_slot,# rear_2_custom_slot,fixed_ship_anti_air_slot,fixed_ship_armor_slot,fixed_ship_battery_slot,fixed_ship_deck_slot_1,fixed_ship_deck_slot_2,fixed_ship_deck_slot_3,fixed_ship_engine_slot,fixed_ship_fire_control_system_slot,fixed_ship_missile_slot,fixed_ship_radar_slot,fixed_ship_secondaries_slot,fixed_ship_sonar_slot,fixed_ship_sub_snorkel_slot,fixed_ship_torpedo_depth_charge_slot,fixed_ship_torpedo_slot,front_1_custom_slot,front_2_custom_slot,mid_1_custom_slot,mid_2_custom_slot,mid_3_custom_slot,rear_1_custom_slot,rear_2_custom_slot
siam_navy,Chakri Naruebet Class,ship_hull_carrier_1,SIA_HISTORICAL_CV,,,,,,,,,,3,6,5,,,,,6,,,,,,,,,ship_old_anti_air_2A,sm_armor_3,,flush_deck,ship_armor_carrier_deck,,SM_engine_2,,,ship_radar_3,ship_dp_old_light_battery_3,,,,,ship_anti_air_rocket_2,,ship_depth_charge_1,,,,
siam_navy,Great Pleiades Class,ship_hull_cruiser_coastal_defense_ship_2,SIA_HISTORICAL_BB,0,,,,,,,,,10,,,,,,7,10,,,,,,,,,ship_dp_Bofors_battery_2,sm_armor_3,ship_JAP_heavy_battery,,,,SM_engine_6,ship_fire_control_system_3,,ship_radar_3,ship_old_secondaries_2,,,,,ship_ITA_light_medium_battery,,dp_GER_light_battery,ship_JAP_light_medium_battery,,ship_JAP_heavy_battery,
siam_navy,Dhonburi Class,ship_hull_cruiser_coastal_defense_ship_1,SIA_HISTORICAL_BB,0,,,,,,,,,6,,,,,,10,8,,,,,,,,,ship_dp_Bofors_battery_2,sm_armor_2,ship_old_medium_battery_3,,,,SM_engine_6,ship_fire_control_system_3,,ship_radar_3,ship_old_secondaries_2,,,,,ship_JAP_light_medium_battery,,ship_airplane_launcher_2,ship_torpedo_2,,ship_old_medium_battery_3,
siam_navy,Sri Ayuthia Class,ship_hull_cruiser_2,SIA_HISTORICAL_CA,0,,,,,,,,,5,,,,,,8,4,,,,,,,,,ship_dp_old_light_battery_3,sm_armor_2,ship_medium_battery_1,,,,SM_engine_2,ship_fire_control_system_3,,ship_radar_3,dp_ship_old_secondaries_3,,,,,,,ship_medium_battery_1,ship_airplane_launcher_2,,ship_medium_battery_1,
siam_navy,Doi Ang Khang Class,ship_hull_cruiser_1,SIA_HISTORICAL_CA,0,,,,,,,,,5,,,,,,8,4,,,,,,,,,ship_dp_old_light_battery_3,sm_armor_2,ship_old_medium_battery_3,,,,SM_engine_2,ship_fire_control_system_3,,ship_radar_3,dp_ship_old_secondaries_3,,,,,,,ship_old_medium_battery_3,ship_JAP_torpedo,,ship_old_medium_battery_3,
siam_navy,Phu Kradueng Class,ship_hull_cruiser_1,SIA_HISTORICAL_CA,0,,,,,,,,,6,,,,,,8,4,,,,,,,,,ship_dp_old_light_battery_3,sm_armor_2,ship_old_medium_battery_2,,,,SM_engine_2,ship_fire_control_system_3,,ship_radar_3,dp_ship_old_secondaries_3,,,,,,,ship_old_medium_battery_2,ship_JAP_torpedo,,ship_old_medium_battery_2,
siam_navy,Taksin Class,ship_hull_cruiser_1,SIA_HISTORICAL_CL,0,,,,4,,,,,,,,,,,3,3,,,,,,,,,ship_old_anti_air_2A,sm_armor_1,dp_GER_light_battery,,,,SM_engine_2,ship_fire_control_system_2,,ship_radar_2,ship_dp_Bofors_battery_1,,,,,dp_GER_light_battery,,dp_GER_light_battery,dp_GER_light_battery,,ship_depth_charge_2,
siam_navy,Bali Class,ship_hull_cruiser_2,SIA_HISTORICAL_CL,0,,,,,,,,,2,,,,,,4,3,,,,,,,,,ship_old_anti_air_2A,sm_armor_1,dp_GER_light_battery,,,,SM_engine_2,ship_fire_control_system_2,,ship_radar_2,ship_dp_Bofors_battery_1,,,,,dp_GER_light_battery,,dp_GER_light_battery,ship_torpedo_2,,ship_airplane_launcher_2,
siam_navy,Maeklong Class,ship_hull_frigate_2,SIA_HISTORICAL_DD,,,,,,,5,5,,,,,10,,,,10,,,,,,,,,ship_old_anti_air_3,,ship_old_light_battery_2,,,,SM_engine_2,,,ship_sonar_3,,,,ship_mine_layer_2,,ship_torpedo_1,,ship_airplane_launcher_1,,,,
siam_navy,Phra Ruang Class,ship_hull_light_0,SIA_HISTORICAL_DD,,,,,,,,,,0,,,,,5,,6,,,,,,,,,ship_old_anti_air_4A,,ship_ENG_light_battery_4,,,,SM_engine_2,ship_fire_control_system_3,,ship_radar_2,,,,,ship_torpedo_2,,,,,,ship_ENG_light_battery_4,
siam_navy,Prap Porapak Class,ship_hull_light_1,SIA_HISTORICAL_DD,,,,,,,,,,1,,,,,5,,4,,,,,,,,,ship_old_anti_air_4A,,ship_old_light_battery_2,,,,SM_engine_2,ship_sonar_3,,ship_radar_3,,,,,ship_JAP_torpedo,,,ship_JAP_light_battery_1,,,ship_depth_charge_3,
siam_navy,Kechon Class,ship_hull_light_1,SIA_HISTORICAL_DD,,,,,,,,,,2,,,,,6,,5,,,,,,,,,ship_old_anti_air_2A,,dp_GER_light_battery,,,,SM_engine_2,ship_fire_control_system_3,,ship_radar_3,,,,,ship_torpedo_2,,,dp_GER_light_battery,,,ship_depth_charge_projection_device_2,
siam_navy,Ratnakosindra Class,ship_hull_micro,,,,,,,,,,,,,,8,,,,8,,,,,,,,,ship_old_anti_air_2A,,ship_dp_old_light_battery_1,,,,SM_engine_1,,,ship_radar_2,,,,,,empty,,,,,,
siam_navy,Trad Class,ship_hull_frigate_2,SIA_HISTORICAL_DD,,,,,,,3,3,,,,,8,,,,10,,,,,,,,,ship_old_anti_air_2A,,ship_dp_old_light_battery_1,,,,SM_engine_2,,,ship_sonar_2,,,,ship_torpedo_1,,ship_dp_old_light_battery_1,,ship_dp_old_light_battery_1,,,,
siam_navy,Sua Thayan Chon Class,ship_hull_frigate_2,SIA_HISTORICAL_DD,,,,,,,5,2,,,,,8,,,,10,,,,,,,,,ship_old_anti_air_2A,,ship_old_light_battery_2,,,,SM_engine_2,,,ship_sonar_2,,,,ship_mine_sweeper_2,,ship_JAP_light_battery_1,,ship_depth_charge_projection_device_1,,,,
siam_navy,Sriya Monthon Class,ship_hull_frigate_2,SIA_HISTORICAL_DD,,,,,,,5,2,,,,,8,,,,10,,,,,,,,,ship_old_anti_air_2A,,ship_old_light_battery_2,,,,SM_engine_2,,,ship_sonar_3,,,,ship_mine_sweeper_2,,ship_JAP_light_battery_1,,ship_depth_charge_projection_device_2,,,,
siam_navy,Matchanu Class,ship_hull_submarine_1,PHI_HISTORICAL_SS,0,,,,,,,,,,,,,,,,2,,4,,,,,,,,,,,,,sub_engine_3,,,ship_radar_2,,ship_sonar_2,ship_old_sub_snorkel_2,,ship_torpedo_sub_1,ship_dp_old_light_battery_1,,ship_extra_fuel_tank,,,ship_torpedo_sub_1,
siam_navy,Sunthorn Phu Class,ship_hull_cruiser_submarine,SIA_HISTORICAL_SS,0,,,,,,,,,,,,,,,,5,,3,,,,,,,,,,,,,sub_engine_3,,,ship_radar_2,,ship_sonar_2,ship_old_sub_snorkel_1,,ship_JAP_torpedo_sub,ship_old_anti_air_2A,,ship_extra_fuel_tank_4,,,ship_extra_fuel_tank_4,
kamchatka_navy,Huji Class,ship_hull_pre_dreadnought_0,JAP_HISTORICAL_BB,,,,,,,,,,20,,,,5,,,20,,,,,,,,,ship_dp_Bofors_battery_2x8,sm_armor_3,ship_USA_heavy_battery,,,,SM_engine_5,ship_fire_control_system_3,,ship_radar_3,ship_old_secondaries_1,,,,,ship_torpedo_uw,,ship_anti_air_1x8,ship_airplane_launcher_2,ship_airplane_launcher_2,ship_USA_heavy_battery,
kamchatka_navy,Shikishima Class,ship_hull_pd_battle_carrier,JAP_HISTORICAL_BB,,,,,,,,,,5,,,,5,,,4,,,,,,,,,ship_secondaries_1,sm_armor_3,ship_USA_heavy_battery,,,,SM_engine_5,ship_fire_control_system_3,,ship_radar_3,ship_dp_Bofors_battery_2x8,,,,,ship_dp_Bofors_battery_2x8,,ship_dp_Bofors_battery_2x8,ship_deck_space_BB,,helicopter_deck_space_1,
kamchatka_navy,Ukuru Class,ship_hull_frigate_2,JAP_DE_HISTORICAL,,,,,,,5,5,,,,,10,,,,10,,,,,,,,,ship_old_anti_air_2A,,dp_GER_light_battery,,,,SM_engine_2,,,ship_sonar_3,,,,ship_mine_sweeper_2,,dp_GER_light_battery,,ship_depth_charge_projection_device_2,,,,
kamchatka_navy,Ise Class,ship_hull_battle_carrier_1,JAP_HISTORICAL_BB,,,,,,,,,,5,,2,,5,,,5,,,,,,,,,ship_anti_air_rocket_2,sm_armor_3,ship_JAP_heavy_battery,,,,SM_engine_5,ship_fire_control_system_4,,ship_radar_4,dp_ship_secondaries_2,,,,,ship_JAP_heavy_battery,,ship_dp_Bofors_battery_2x8,ship_dp_Bofors_battery_2x8,,ship_deck_space_BB,ship_deck_space_BB
kamchatka_navy,Huso Class,ship_hull_battle_carrier_1,JAP_HISTORICAL_BB,,,,,,,,,,3,,2,,5,,,4,,,,,,,,,ship_anti_air_rocket_2,sm_armor_3,ship_JAP_heavy_battery,,,,SM_engine_5,ship_fire_control_system_4,,ship_radar_4,dp_ship_secondaries_2,,,,,ship_JAP_heavy_battery,,ship_JAP_heavy_battery,ship_dp_Bofors_battery_2x8,,ship_dp_Bofors_battery_2x8,ship_deck_space_BB
kamchatka_navy,Kasuga Class,ship_hull_cruiser_armored_cruiser_carrier,JAP_HISTORICAL_BB,,,,,,,,,,1,,2,,,,8,3,,,,,,,,,ship_dp_Bofors_battery_2x8,sm_armor_2,ship_old_medium_battery_3,,,,SM_engine_5,ship_fire_control_system_4,,ship_radar_4,ship_old_secondaries_1,,,,,ship_dp_Bofors_battery_1x8,,ship_torpedo_uw_s,,,ship_deck_space_C,ship_deck_space_C
kamchatka_navy,Housyo Class,ship_hull_carrier_0,JAP_HISTORICAL_CV,,,,,,,,,,1,2,0,,,,,10,,,,,,,,,ship_sonar_4,sm_armor_1,,flush_deck,ship_anti_air_1x8,,SM_engine_3,,,ship_radar_3,ship_old_secondaries_1,,,,,ship_depth_charge_projection_device_2,,ship_dp_Bofors_battery_1x8,,,,
kamchatka_navy,Ryuuhou Class,ship_hull_carrier_conversion_tp,JAP_HISTORICAL_CVL,,,,,,,,,,0,4,2,,,,,4,,,,,,,,,ship_dp_Bofors_battery_1x8,sm_armor_ms_1,,flush_deck,ship_depth_charge_projection_device_2,,SM_engine_3,,,ship_radar_3,ship_old_secondaries_1,,,,,,,,,,,
kamchatka_navy,Jyunyo Class,ship_hull_carrier_conversion_mc,JAP_HISTORICAL_CVL,,,,,,,,,,1,5,3,,,,,5,,,,,,,,,ship_dp_Bofors_battery_1x8,sm_armor_ms_1,,flush_deck,ship_depth_charge_projection_device_2,,SM_engine_3,,,ship_radar_3,ship_old_secondaries_1,,,,,,,,,,,
kamchatka_navy,Yamashiomaru Class,ship_hull_carrier_conversion_mc,JAP_HISTORICAL_CVL,,,,,,,,,,1,6,1,,,,,6,,,,,,,,,ship_dp_Bofors_battery_2x8,sm_armor_ms_2,,flush_deck,ship_depth_charge_projection_device_2,,SM_engine_3,,,ship_radar_4,ship_old_secondaries_1,,,,,,,,,,,
kamchatka_navy,Asashio Class,ship_hull_light_2,JAP_HISTORICAL_DD,,,,,,,,,,2,,,,,5,,5,,,,,,,,,ship_anti_air_1x8,,dp_GER_light_battery,,,,SM_engine_2,ship_sonar_3,,ship_radar_3,,,,,ship_depth_charge_projection_device_2,dp_GER_light_battery,,dp_GER_light_battery,,,ship_dp_Bofors_battery_2,
kamchatka_navy,Hubuki Class,ship_hull_light_2,JAP_HISTORICAL_DD,,,,,,,,,,2,,,,,5,,5,,,,,,,,,ship_anti_air_1x8,,ship_dp_old_light_battery_3,,,,SM_engine_2,ship_sonar_3,,ship_radar_3,,,,,ship_JAP_torpedo,ship_dp_old_light_battery_3,,ship_dp_old_light_battery_3,,,ship_depth_charge_projection_device_2,
kamchatka_navy,Oodomari Class,ship_hull_cruiser_0_transport_remodeling,JAP_MINELAYERS_HISTORICAL,,,,,,,,,,6,,,,,,6,6,,,,,,,,,ship_old_anti_air_1x8,sm_armor_ms_1,ship_dp_old_light_battery_1,,,,SM_engine_4,ship_fire_control_system_4,,ship_radar_4,ship_old_anti_air_1,,,,,,,ship_depth_charge_2,,,,
kamchatka_navy,Chiyoda Class,ship_hull_cruiser_3,JAP_HISTORICAL_AV,,,,,,,,,,4,,,,,,6,6,,,,,,,,,ship_dp_Bofors_battery_2x8,sm_armor_1,ship_JAP_light_medium_battery_3,,,,SM_engine_4,ship_fire_control_system_4,,ship_radar_4,dp_GER_light_batteryx4,,,,,ship_JAP_light_medium_battery_3,,ship_JAP_light_medium_battery_3,ship_airplane_launcher_2,,ship_JAP_light_medium_battery_3,
kamchatka_navy,Kashihara Class,ship_hull_cruiser_3,JAP_TV,,,,,,,,,,4,,,,,,4,6,,,,,,,,,ship_dp_Bofors_battery_2x8,sm_armor_1,ship_JAP_light_medium_battery_3,,,,SM_engine_4,ship_fire_control_system_4,,ship_radar_4,dp_GER_light_batteryx4,,,,,ship_depth_charge_projection_device_2,,dp_GER_light_batteryx4,ship_airplane_launcher_2,,ship_JAP_light_medium_battery_3,
kamchatka_navy,Atsuta Class,ship_hull_cruiser_4,JAP_TV,,,,,,,,,,4,,,,,,4,6,,,,,,,,,ship_dp_Bofors_battery_2x8,sm_armor_1,ship_JAP_light_medium_battery,,,,SM_engine_4,ship_fire_control_system_4,,ship_radar_4,dp_GER_light_batteryx4,,,,,ship_JAP_light_medium_battery,,ship_JAP_light_medium_battery,ship_jet_airplane_launcher_1,,ship_JAP_light_medium_battery,ship_depth_charge_3
kamchatka_navy,Kagerou Class,ship_hull_light_3,JAP_HISTORICAL_DD,,,,,,,,,,2,,,,,5,,5,,,,,,,,,ship_anti_air_1x8,,dp_GER_light_battery,,,,SM_engine_2,ship_sonar_4,,ship_radar_4,,,,,ship_short_torpedo_1,dp_GER_light_battery,ship_anti_air_1,ship_JAP_torpedo,ship_JAP_torpedo,ship_depth_charge_projection_device_1,dp_GER_light_battery,ship_depth_charge_2
kamchatka_navy,Yaeyama Class,ship_hull_cruiser_4,JAP_MINELAYERS_HISTORICAL,,,,,,,,,,4,,,,,,6,8,,,,,,,,,ship_dp_Bofors_battery_3x8,sm_armor_1,ship_JAP_light_medium_battery,,,,SM_engine_4,ship_sonar_4,,ship_radar_4,ship_mine_layer_rocket_2,,,,,ship_anti_submarine_battery_1,,ship_mine_layer_rocket_2,ship_mine_layer_rocket_2,,ship_mine_layer_rocket_2,ship_anti_submarine_battery_1
kamchatka_navy,Kasado Class,ship_hull_cruiser_4,JAP_DE_HISTORICAL,,,,,,,,,,5,,,,,,5,10,,,,,,,,,ship_dp_Bofors_battery_2x8,sm_armor_1,ship_JAP_light_medium_battery,,,,SM_engine_4,ship_sonar_3,,ship_radar_4,ship_mine_layer_rocket_2,,,,,ship_JAP_light_medium_battery,,ship_mine_layer_rocket_2,ship_mine_layer_rocket_2,ship_mine_layer_rocket_2,ship_depth_charge_projection_device_2,ship_depth_charge_projection_device_2
kamchatka_navy,Souya Class,ship_hull_cruiser_carrier_0,JAP_HISTORICAL_AV,,,,,,,,,,2,,0,,,,4,8,,,,,,,,,ship_old_anti_air_3x8,sm_armor_ms_1,ship_dp_old_light_battery_1,,,,SM_engine_3,ship_fire_control_system_4,,ship_radar_4,ship_dp_Bofors_battery_1x8,,,,,,,helicopter_deck_space_1,,,,
kamchatka_navy,Jingei Class,ship_hull_cruiser_1,JAP_WHALE,,,,,,,,,,1,,,,,,4,5,,,,,,,,,ship_old_anti_air_3x8,sm_armor_2,ship_JAP_light_medium_battery_2,,,,SM_engine_2,ship_fire_control_system_3,,ship_radar_4,ship_mine_layer_3,,,,,ship_JAP_light_medium_battery_2,,ship_depth_charge_projection_device_1,ship_dp_Bofors_battery_3x8,ship_airplane_launcher_2,ship_depth_charge_2,
kamchatka_navy,Hakugei Class,ship_hull_cruiser_2,JAP_WHALE,,,,,,,,,,1,,,,,,6,7,,,,,,,,,ship_anti_air_1x8,sm_armor_2,ship_JAP_light_medium_battery_3,,,,SM_engine_3,ship_sonar_4,,ship_radar_4,ship_mine_layer_rocket_2,,,,,ship_JAP_light_medium_battery_3,,ship_JAP_light_medium_battery_3,ship_dp_Bofors_battery_3x8,ship_airplane_launcher_2,ship_depth_charge_projection_device_2,
kamchatka_navy,Suzunami Class,ship_hull_light_2,JAP_HISTORICAL_DD,,,,GFX_suzunami,,,,,,2,,,,,5,,5,,,,,,,,,ship_old_anti_air_3x8,,ship_old_light_battery_2,,,,SM_engine_2,ship_sonar_3,,ship_radar_3,,,,,ship_torpedo_3,ship_old_light_battery_2,,ship_old_light_battery_2,,,ship_depth_charge_3,
kamchatka_navy,Kai Tyu VII Class,ship_hull_submarine_2,JAP_MHISTORICAL_SS,,,,,,,,,,2,,,,,,,2,,2,,,,,,,,,,,,,sub_engine_3,,,ship_radar_3,,ship_sonar_3,ship_old_sub_snorkel_2,,ship_JAP_torpedo_sub,ship_dp_old_light_battery_1,,ship_old_anti_air_3,,,ship_JAP_torpedo_sub,
england_navy,Victory Class,ship_hull_wooden_hulled_heavy_2,ENG_HISTORICAL_BB,3,,yes,,,,,,,5,,,,3,,,3,,,,,,,,,ship_dp_old_light_battery_1,,ship_dp_old_light_battery_1,,,,SM_engine_s,ship_fire_control_system_0,,ship_light_1,,,,,,dp_ship_old_secondaries_2,,dp_ship_old_secondaries_2,,,dp_ship_old_secondaries_2,
england_navy,Queen Elizabeth Class,ship_hull_heavy_0,ENG_HISTORICAL_BB,3,,yes,,,,,,,5,,,,3,,,3,,,,,,,,,ship_old_anti_air_3,sm_armor_3,ship_ENG_heavy_battery_1,,,,SM_engine_2,ship_fire_control_system_2,,ship_radar_2,dp_FRA_light_battery,,,,,ship_torpedo_uw,,ship_ENG_heavy_battery_1,ship_ENG_heavy_battery_1,,ship_ENG_heavy_battery_1,
england_navy,Revenge Class,ship_hull_heavy_0,ENG_HISTORICAL_BB,4,,,,,,,,,5,,,,7,,,5,,,,,,,,,ship_old_anti_air_3,sm_armor_3,ship_ENG_heavy_battery_1,,,,SM_engine_2,ship_fire_control_system_2,,ship_radar_1,ship_old_secondaries_1,,,,,ship_torpedo_uw,,ship_ENG_heavy_battery_1,ship_ENG_heavy_battery_1,,ship_ENG_heavy_battery_1,
england_navy,Nelson Class,ship_hull_heavy_1,ENG_HISTORICAL_BB,1,,yes,,,,,,,5,,,,3,,,5,,,,,,,,,ship_old_anti_air_4A,sm_armor_3,ship_heavy_battery_1,,,,SM_engine_2,ship_fire_control_system_3,,ship_radar_2,ship_old_light_medium_battery_2,,,,,ship_torpedo_uw,,ship_heavy_battery_1,ship_heavy_battery_1,,ship_old_light_medium_battery_2,
england_navy,King George V Class,ship_hull_heavy_1,ENG_HISTORICAL_BB,1,,,,,,,,,5,,,,5,,,5,,,,,,,,,ship_dp_Bofors_battery_3x8,sm_armor_3,ship_old_heavy_battery_1,,,,SM_engine_2,ship_fire_control_system_3,,ship_radar_3,ship_FRA_light_battery,,,,,ship_ENG_heavy_battery_2,,ship_ENG_heavy_battery_2,ship_old_heavy_battery_1,,ship_anti_air_rocket_2,
england_navy,Lion Class,ship_hull_heavy_2,ENG_HISTORICAL_BB,1,,,,,,,,,6,,,,5,,,5,,,,,,,,,ship_old_anti_air_4A,sm_armor_3,ship_heavy_battery_1,,,,SM_engine_2,ship_fire_control_system_3,,ship_radar_2,ship_FRA_light_battery,,,,,ship_heavy_battery_1,,ship_heavy_battery_1,ship_airplane_launcher_2,,ship_anti_air_rocket_2,
england_navy,Admiral Class,ship_hull_heavy_1,ENG_HISTORICAL_BC,1,,,,,,,,,5,,,,5,,,4,,,,,,,,,ship_old_anti_air_4A,sm_armor_2,ship_ENG_heavy_battery_1,,,,SM_engine_2,ship_fire_control_system_2,,ship_radar_2,ship_torpedo_uw,,,,,ship_ENG_heavy_battery_1,,ship_ENG_heavy_battery_1,ship_anti_air_rocket_1,,ship_ENG_heavy_battery_1,
england_navy,Incomparable Class,ship_hull_super_heavy_1,ENG_HISTORICAL_BC,1,,,,,,,,,7,,,,5,,,8,,,,,,,,,ship_dp_Bofors_battery_2x8,sm_armor_5,ship_super_heavy_battery_0,,,,SM_engine_2,ship_fire_control_system_3,,ship_radar_3,ship_torpedo_uw,,,,,ship_super_heavy_battery_0,ship_super_heavy_battery_0,ship_dp_Bofors_battery_3x8,ship_anti_air_rocket_1,ship_torpedo_uw_s,ship_super_heavy_battery_0,ship_airplane_launcher_2
england_navy,Minotaur Class,ship_hull_cruiser_armored_cruiser,ENG_HISTORICAL_CA,8,,yes,,,,,,,3,,,,,,5,4,,,,,,,,,dp_ship_secondaries_A,sm_armor_3,ship_ENG_mid_battery_1,,,,SM_engine_0,ship_fire_control_system_0,,ship_light_1,ship_ENG_medium_battery_1,,,,,ship_torpedo_uw,,ship_ENG_mid_battery_1,,,ship_ENG_mid_battery_1,ship_ENG_mid_battery_1
england_navy,Pelorus Class,ship_hull_cruiser_defenced_cruiser,ENG_HISTORICAL_CL,,,yes,,,,,,,5,,,,,,4,3,,,,,,,,,dp_ship_secondaries_A,sm_armor_1,ship_ENG_light_battery_2,,,,SM_engine_2,ship_fire_control_system_0,,ship_light_1,ship_torpedo_uw,,,,,ship_ENG_light_battery_2,,dp_ship_secondaries_A,,,ship_ENG_light_battery_2,
england_navy,Blonde Class,ship_hull_cruiser_scout_cruiser,ENG_HISTORICAL_CL,,,yes,,,,,,,0,,,,,,1,2,,,,,,,,,dp_ship_old_secondaries_1,sm_armor_0,ship_ENG_light_battery_2,,,,SM_engine_0,ship_fire_control_system_0,,ship_light_1,,,,,,ship_ENG_light_battery_2,,ship_torpedo_2,,,ship_ENG_light_battery_2,
england_navy,Arethusa Class,ship_hull_cruiser_1,ENG_HISTORICAL_CL,,,yes,,,,,,,0,,,,,,5,3,,,,,,,,,ship_old_anti_air_3,sm_armor_1,ship_old_light_medium_battery_2,,,,SM_engine_2,ship_fire_control_system_1,,ship_radar_2,ship_ENG_light_battery_3,,,,,ship_old_anti_air_3,,ship_torpedo_2,ship_old_light_medium_battery_2,ship_ENG_light_battery_1x4,ship_old_light_medium_battery_2,
england_navy,Southampton Class,ship_hull_cruiser_2,CAN_HISTORICAL_CL,,,yes,,,,,,,0,,,,,,5,3,,,,,,,,,ship_old_anti_air_3,sm_armor_2,ship_USA_light_medium_battery,,,,SM_engine_2,ship_fire_control_system_2,,ship_radar_2,ship_ENG_light_battery_1x4,,,,,ship_USA_light_medium_battery,,ship_torpedo_3,ship_USA_light_medium_battery,ship_ENG_light_battery_3,ship_USA_light_medium_battery,
england_navy,Gloucester Class,ship_hull_cruiser_2,CAN_HISTORICAL_CL,,,yes,,,,,,,1,,,,,,6,4,,,,,,,,,ship_old_anti_air_3,sm_armor_2,ship_USA_light_medium_battery,,,,SM_engine_2,ship_fire_control_system_2,,ship_radar_2,ship_ENG_light_battery_3,,,,,ship_USA_light_medium_battery,,ship_torpedo_3,ship_airplane_launcher_1,ship_USA_light_medium_battery,ship_USA_light_medium_battery,
england_navy,Edinburgh Class,ship_hull_cruiser_2,CAN_HISTORICAL_CL,,,yes,,,,,,,1,,,,,,6,5,,,,,,,,,ship_old_anti_air_2,sm_armor_2,ship_USA_light_medium_battery,,,,SM_engine_2,ship_fire_control_system_2,,ship_radar_2,ship_ENG_light_battery_1x4,,,,,ship_USA_light_medium_battery,,ship_torpedo_3,ship_ENG_light_battery_3,ship_USA_light_medium_battery,ship_USA_light_medium_battery,
england_navy,Dido Class,ship_hull_cruiser_2,ENG_HISTORICAL_CL,,,yes,,,,,,,1,,,,,,5,5,,,,,,,,,ship_old_anti_air_3,sm_armor_1,ship_GER_light_battery,,,,SM_engine_2,ship_fire_control_system_2,,ship_radar_2,ship_ENG_light_battery_3,,,,,ship_GER_light_battery,,ship_torpedo_2,ship_GER_light_battery,ship_torpedo_2,ship_GER_light_battery,
england_navy,Bellona Class,ship_hull_cruiser_2,ENG_HISTORICAL_CL,,,yes,,,,,,,1,,,,,,5,3,,,,,,,,,ship_dp_Bofors_battery_2x8,sm_armor_2,ship_GER_light_battery,,,,SM_engine_2,ship_fire_control_system_3,,ship_radar_3,ship_ENG_light_battery_3,,,,,ship_GER_light_battery,,ship_torpedo_2,ship_GER_light_battery,ship_torpedo_2,ship_GER_light_battery,
england_navy,Crown Colony Class,ship_hull_cruiser_2,ENG_HISTORICAL_CL,,,,,,,,,,2,,,,,,5,6,,,,,,,,,ship_old_anti_air_3,sm_armor_1,ship_USA_light_medium_battery,,,,SM_engine_2,ship_fire_control_system_3,,ship_radar_3,ship_ENG_light_battery_3,,,,,ship_USA_light_medium_battery,,ship_torpedo_2,ship_airplane_launcher_2,ship_USA_light_medium_battery,ship_USA_light_medium_battery,
england_navy,Swiftsure Class,ship_hull_cruiser_3,ENG_HISTORICAL_CL,,,,,,,,,,3,,,,,,5,6,,,,,,,,,ship_dp_Bofors_battery_2x8,sm_armor_1,ship_USA_light_medium_battery,,,,SM_engine_2,ship_fire_control_system_3,,ship_radar_3,ship_ENG_light_battery_3,,,,,ship_USA_light_medium_battery,,ship_torpedo_2,ship_airplane_launcher_2,ship_ENG_light_battery_3x4,ship_USA_light_medium_battery,
england_navy,Tiger Class,ship_hull_cruiser_4,ENG_HISTORICAL_CL,,,,,,,,,,3,,,,,,5,6,,,,,,,,,ship_dp_Bofors_battery_2x8,sm_armor_1,ship_USA_light_medium_battery,,,,SM_engine_2,ship_fire_control_system_3,,ship_radar_3,ship_ENG_light_battery_3,,,,,ship_USA_light_medium_battery,,ship_dp_Bofors_battery_2x8,ship_airplane_launcher_2,ship_ENG_light_battery_3x4,ship_dp_Bofors_battery_2x8,ship_USA_light_medium_battery
england_navy,London Class,ship_hull_cruiser_1,ENG_HISTORICAL_CA,,,yes,,,,,,,2,,,,,,5,5,,,,,,,,,ship_old_anti_air_3,sm_armor_2,ship_old_medium_battery_3,,,,SM_engine_2,ship_fire_control_system_2,,ship_radar_2,ship_dp_Bofors_battery_3x8,,,,,ship_old_medium_battery_3,,ship_torpedo_3,ship_old_medium_battery_3,ship_ENG_light_battery_3x4,ship_old_medium_battery_3,
england_navy,Norfolk Class,ship_hull_cruiser_1,ENG_HISTORICAL_CA,,,yes,,,,,,,3,,,,,,5,5,,,,,,,,,ship_old_anti_air_3,sm_armor_2,ship_old_medium_battery_3,,,,SM_engine_2,ship_fire_control_system_3,,ship_radar_3,ship_dp_Bofors_battery_3x8,,,,,ship_old_medium_battery_3,,ship_torpedo_3,ship_old_medium_battery_3,ship_ENG_light_battery_3x4,ship_old_medium_battery_3,
england_navy,York Class,ship_hull_cruiser_1,ENG_HISTORICAL_CA,,,yes,,,,,,,4,,,,,,5,5,,,,,,,,,ship_old_anti_air_3,sm_armor_3,ship_old_medium_battery_3,,,,SM_engine_2,ship_fire_control_system_3,,ship_radar_3,ship_dp_Bofors_battery_3x8,,,,,ship_old_medium_battery_3,,ship_torpedo_3,ship_old_anti_air_2,ship_ENG_light_battery_3x4,ship_old_medium_battery_3,
england_navy,Abdiel Class,ship_hull_cruiser_1,ENG_HISTORICAL_CL,,,yes,,,,,,,1,,,,,,5,3,,,,,,,,,ship_old_anti_air_3,sm_armor_2,ship_ENG_light_battery_3,,,,SM_engine_2,ship_fire_control_system_1,,ship_radar_2,ship_mine_layer_4,,,,,ship_ENG_light_battery_3,,ship_ENG_light_battery_3,ship_dp_Bofors_battery_3x8,ship_mine_layer_3,ship_depth_charge_2,
england_navy,Gorgon Class,ship_hull_cruiser_coastal_defense_ship_1,ENG_HISTORICAL_BB,,,yes,,,,,,,4,,,,,,1,6,,,,,,,,,ship_old_anti_air_2,sm_armor_3,ship_ENG_mid_battery_1,,,,SM_engine_1,ship_fire_control_system_1,,ship_light_2,,,,,,ship_ENG_mid_battery_1,,ship_old_anti_air_1,ship_old_light_medium_battery_1,,ship_old_light_medium_battery_1,
england_navy,M15 Class,ship_hull_monitor,ENG_HISTORICAL_BB,,,yes,,,,,,,5,,,,,,5,3,,,,,,,,,ship_dp_Bofors_battery_2,sm_armor_3,ship_ENG_mid_battery_2,,,,SM_engine_1,ship_fire_control_system_1,,ship_radar_3,,,,,,,,ship_mine_layer_2,,,,
england_navy,Artifex Class,ship_hull_cruiser_0_remodeling,ENG_HISTORICAL_CL,,,yes,,,,,,,1,,,,,,5,2,,,,,,,,,empty,sm_armor_ms_1,ship_old_light_medium_battery_1,,,,SM_engine_2,ship_sonar_3,,ship_radar_2,dp_ship_secondaries,,,,,,,ship_old_light_medium_battery_1,,,,
england_navy,Maidstone Class,ship_hull_cruiser_0_transport_remodeling,ENG_HISTORICAL_CL,,,yes,,,,,,,1,,,,,,5,2,,,,,,,,,ship_dp_Bofors_battery_2,sm_armor_ms_1,ship_ENG_light_battery_2,,,,SM_engine_2,ship_sonar_3,,ship_radar_2,dp_ship_secondaries,,,,,,,ship_mine_layer_1,,,,
england_navy,Roberts Class,ship_hull_monitor_2,ENG_HISTORICAL_BB,,,,,,,,,,5,,,,,,5,3,,,,,,,,,ship_old_anti_air_3,sm_armor_3,ship_ENG_heavy_battery_1,,,,SM_engine_1,ship_fire_control_system_1,,ship_radar_3,,,,,,,,ship_dp_light_battery,,,,
england_navy,Otranto Class,ship_hull_cruiser_0_transport_remodeling,ENG_HISTORICAL_CL,,,yes,,,,,,,1,,,,,,3,3,,,,,,,,,ship_dp_Bofors_battery_2,sm_armor_ms_1,ship_ENG_light_battery_2,,,,SM_engine_2,ship_sonar_3,,ship_radar_2,dp_ship_secondaries,,,,,,,empty,,,,
england_navy,Argus Class,ship_hull_carrier_conversion_tp,ENG_HISTORICAL_CV,,,yes,,,,,,,0,2,1,,,,,2,,,,,,,,,ship_old_anti_air_3,sm_armor_ms_1,,flush_deck,,,SM_engine_2,,,ship_radar_1,ship_ENG_light_battery_2,,,,,,,,,,,
england_navy,Centurion Class,ship_hull_carrier_conversion_bb,ENG_HISTORICAL_CV,,,yes,,,,,,,4,5,4,,,,,4,,,,,,,,,ship_old_anti_air_3,sm_armor_3,,flush_deck,ship_old_anti_air_3,,SM_engine_2,,,ship_radar_1,ship_old_secondaries_1,,,,,,,ship_old_anti_air_3,,,,
england_navy,Iron Duke Class,ship_hull_carrier_conversion_bb,ENG_HISTORICAL_CV,,,yes,,,,,,,2,5,4,,,,,4,,,,,,,,,ship_dp_Bofors_battery_2x8,sm_armor_3,,flush_deck,ship_dp_Bofors_battery_2x8,,SM_engine_2,,,ship_radar_1,ship_old_secondaries_2,,,,,,,ship_old_anti_air_3,,,,
england_navy,Glorious Class,ship_hull_carrier_conversion_bb,ENG_HISTORICAL_CV,,,yes,,,,,,,1,4,4,,,,,2,,,,,,,,,ship_old_anti_air_3,sm_armor_3,,flush_deck,ship_old_anti_air_3,,SM_engine_2,,,ship_radar_1,ship_ENG_light_battery_2,,,,,,,ship_old_anti_air_3,,,,
england_navy,Ark Royal Class,ship_hull_carrier_0,ENG_HISTORICAL_CV,,,yes,,,,,,,2,4,4,,,,,2,,,,,,,,,ship_old_anti_air_1,sm_armor_3,,flush_deck,empty,,SM_engine_2,,,ship_radar_1,dp_ship_old_secondaries_1,,,,,ship_armor_carrier_deck,,ship_old_anti_air_4A,,,,
england_navy,Illustrious Class,ship_hull_carrier_3,ENG_HISTORICAL_CV,,,,,,,,,,7,8,5,,,,,10,,,,,,,,,,sm_armor_3,,oil_catapult,ship_armor_carrier_deck_2,ship_armor_carrier_deck_2,SM_engine_2,ship_fire_control_system_2,,ship_radar_3,,,,,,ship_dp_Bofors_battery_1x8,,dp_ship_old_secondaries_1,dp_FRA_light_battery,,,
england_navy,Implacable Class,ship_hull_carrier_1,ENG_HISTORICAL_CV,,,yes,,,,,,,2,5,4,,,,,3,,,,,,,,,ship_old_anti_air_3,sm_armor_3,,flush_deck,ship_armor_carrier_deck,,SM_engine_2,,,ship_radar_1,dp_ship_old_secondaries_1,,,,,ship_old_anti_air_4A,,ship_old_anti_air_4A,,,,
england_navy,Audacious Class,ship_hull_carrier_2,ENG_HISTORICAL_CV,,,,,,,,,,2,6,4,,,,,5,,,,,,,,,ship_old_anti_air_3,sm_armor_3,,flush_deck,ship_armor_carrier_deck_2,,SM_engine_2,,,ship_radar_1,dp_ship_old_secondaries_1,,,,,ship_old_anti_air_4A,,ship_old_anti_air_4A,,,,
england_navy,Colossus Class,ship_hull_light_carrier_0,ENG_HISTORICAL_CV,,,yes,,,,,,,1,3,5,,,,,3,,,,,,,,,ship_dp_Bofors_battery_1x8,sm_armor_2,,flush_deck,ship_old_anti_air_3,,SM_engine_2,,,ship_radar_3,ship_dp_Bofors_battery_1x8,,,,,ship_ENG_light_battery_3,,,,,,
england_navy,Majestic Class,ship_hull_light_carrier_1,ENG_HISTORICAL_CV,,,yes,,,,,,,2,2,3,,,,,5,,,,,,,,,ship_dp_Bofors_battery_1x8,sm_armor_2,,flush_deck,ship_dp_Bofors_battery_1x8,,SM_engine_2,,,ship_radar_3,ship_dp_Bofors_battery_1x8,,,,,ship_dp_Bofors_battery_1x8,,ship_dp_Bofors_battery_1x8,,,,
england_navy,Unicorn Class,ship_hull_light_carrier_1,CAN_HISTORICAL_CV,,,yes,,,,,,,2,1,3,,,,,4,,,,,,,,,ship_dp_Bofors_battery_1x8,sm_armor_2,,flush_deck,ship_old_anti_air_3,,SM_engine_2,,,ship_radar_3,ship_dp_Bofors_battery_1x8,,,,,ship_ENG_light_battery_3,,ship_ENG_light_battery_3,,,,
england_navy,Centaur Class,ship_hull_light_carrier_2,ENG_HISTORICAL_CV,,,yes,,,,,,,1,4,3,,,,,5,,,,,,,,,ship_dp_Bofors_battery_1x8,sm_armor_2,,flush_deck,ship_dp_Bofors_battery_1x8,,SM_engine_2,,,ship_radar_3,ship_dp_Bofors_battery_1x8,,,,,ship_dp_Bofors_battery_1x8,,ship_dp_Bofors_battery_1x8,ship_dp_Bofors_battery_1x8,,,
england_navy,Hermes Class,ship_hull_light_carrier_2,ENG_HISTORICAL_CV,,,,,,,,,,1,4,3,,,,,5,,,,,,,,,ship_dp_Bofors_battery_1x8,sm_armor_2,,oil_catapult,ship_dp_Bofors_battery_1x8,,SM_engine_2,,,ship_radar_3,ship_dp_Bofors_battery_1x8,,,,,ship_dp_Bofors_battery_1x8,,ship_dp_Bofors_battery_1x8,ship_dp_Bofors_battery_1x8,,,
england_navy,Attacker Class,ship_hull_carrier_conversion_mc,ENG_HISTORICAL_CV,,,yes,,,,,,,1,4,3,,,,,8,,,,,,,,,ship_dp_Bofors_battery_2x8,sm_armor_ms_1,,flush_deck,,,SM_engine_2,,,ship_radar_1,ship_older_secondaries_2,,,,,,,,,,,
england_navy,Second G Class,ship_hull_light_1,ENG_HISTORICAL_DD,,,yes,,,,,,,0,,,,,3,,4,,,,,,,,,ship_old_anti_air_4A,,ship_old_light_battery_2,,,,SM_engine_2,ship_sonar_1,,ship_light_1,,,,,ship_torpedo_3,ship_old_light_battery_2,,ship_old_light_battery_2,ship_torpedo_3,ship_old_light_battery_2,ship_depth_charge_2,
england_navy,Hunt III Class,ship_hull_light_1,ENG_HISTORICAL_DD,0,,,,,,,,,0,,,,,0,,2,,,,,,,,,ship_old_anti_air_3,,ship_ENG_light_battery_3,,,,SM_engine_2,ship_fire_control_system_2,,ship_radar_1,,,,,ship_depth_charge_projection_device_2,,,ship_ENG_light_battery_3,,,ship_depth_charge_2,
england_navy,Second H Class,ship_hull_light_1,ENG_HISTORICAL_DD,,,yes,,,,,,,1,,,,,3,,4,,,,,,,,,ship_old_anti_air_4A,,ship_old_light_battery_2,,,,SM_engine_2,ship_sonar_1,,ship_light_1,,,,,ship_torpedo_3,,,ship_old_light_battery_2,,,ship_depth_charge_2,
england_navy,Second I Class,ship_hull_light_1,ENG_HISTORICAL_DD,,,yes,,,,,,,1,,,,,3,,4,,,,,,,,,ship_old_anti_air_4A,,ship_old_light_battery_2,,,,SM_engine_2,ship_sonar_2,,ship_light_1,,,,,ship_torpedo_4,,,ship_old_light_battery_2,,,ship_depth_charge_2,
england_navy,Tribal II Class,ship_hull_light_1,ENG_HISTORICAL_DD,,,yes,,,,,,,0,,,,,4,,3,,,,,,,,,ship_old_anti_air_3,,ship_ENG_light_battery_3,,,,SM_engine_2,ship_fire_control_system_3,,ship_radar_3,,,,,ship_torpedo_2,,,ship_dp_light_battery,,,ship_anti_submarine_rocket_2,
england_navy,J/K/N Class,ship_hull_light_1,ENG_HISTORICAL_DD,,,yes,,,,,,,0,,,,,4,,3,,,,,,,,,ship_old_anti_air_3,,ship_JAP_light_battery_1,,,,SM_engine_2,ship_sonar_2,,ship_radar_3,,,,,ship_torpedo_2,,,ship_dp_light_battery,,,ship_JAP_light_battery_1,
england_navy,Second L Class,ship_hull_light_1,ENG_HISTORICAL_DD,,,yes,,,,,,,0,,,,,4,,3,,,,,,,,,ship_old_anti_air_3,,ship_ENG_light_battery_4,,,,SM_engine_2,ship_sonar_2,,ship_radar_3,,,,,ship_torpedo_2,,,ship_old_anti_air_4A,,,ship_ENG_light_battery_4,
england_navy,Second M Class,ship_hull_light_2,ENG_HISTORICAL_DD,,,yes,,,,,,,0,,,,,6,,4,,,,,,,,,ship_old_anti_air_3,,ship_JAP_light_battery_1,,,,SM_engine_2,ship_sonar_3,,ship_radar_2,,,,,ship_torpedo_2,,,ship_depth_charge_projection_device_3,,,ship_depth_charge_2,
england_navy,O Class,ship_hull_light_1,ENG_HISTORICAL_DD,,,yes,,,,,,,0,,,,,5,,3,,,,,,,,,ship_old_anti_air_3,,ship_old_light_battery_2,,,,SM_engine_2,ship_sonar_2,,ship_radar_1,,,,,ship_torpedo_2,,,ship_old_light_battery_2,,,ship_depth_charge_2,
england_navy,P Class,ship_hull_light_2,ENG_HISTORICAL_DD,,,yes,,,,,,,1,,,,,5,,4,,,,,,,,,ship_old_anti_air_3,,ship_ENG_light_battery_2,,,,SM_engine_2,ship_sonar_2,,ship_radar_2,,,,,ship_torpedo_2,,,ship_ENG_light_battery_2,,,ship_depth_charge_2,
england_navy,Q Class,ship_hull_light_2,ENG_HISTORICAL_DD,,,yes,,,,,,,1,,,,,5,,4,,,,,,,,,ship_old_anti_air_3,,ship_ENG_light_battery_2,,,,SM_engine_2,ship_sonar_3,,ship_radar_3,,,,,ship_torpedo_3,,,ship_ENG_light_battery_2,,,ship_depth_charge_3,
england_navy,Second R Class,ship_hull_light_2,ENG_HISTORICAL_DD,,,yes,,,,,,,1,,,,,5,,4,,,,,,,,,ship_old_anti_air_3,,ship_old_light_battery_2,,,,SM_engine_2,ship_sonar_3,,ship_radar_3,,,,,ship_torpedo_3,ship_old_anti_air_3,,ship_old_light_battery_2,,,ship_depth_charge_3,
england_navy,Second S Class,ship_hull_light_2,ENG_HISTORICAL_DD,,,yes,,,,,,,1,,,,,5,,5,,,,,,,,,ship_old_anti_air_3,,ship_old_light_battery_2,,,,SM_engine_2,ship_sonar_3,,ship_radar_3,,,,,ship_torpedo_3,ship_old_light_battery_2,,ship_old_light_battery_2,,,ship_depth_charge_3,
england_navy,T Class,ship_hull_light_2,ENG_HISTORICAL_DD,,,yes,,,,,,,1,,,,,5,,5,,,,,,,,,ship_dp_Bofors_battery_2,,ship_old_light_battery_2,,,,SM_engine_2,ship_sonar_3,,ship_radar_3,,,,,ship_torpedo_3,ship_old_light_battery_2,,ship_old_light_battery_2,,,ship_depth_charge_3,
england_navy,U Class,ship_hull_light_2,ENG_HISTORICAL_DD,,,yes,,,,,,,2,,,,,5,,5,,,,,,,,,ship_dp_Bofors_battery_2,,ship_old_light_battery_2,,,,SM_engine_2,ship_sonar_3,,ship_radar_3,,,,,ship_torpedo_3,ship_old_light_battery_2,,ship_old_light_battery_2,,,ship_depth_charge_3,
england_navy,V Class,ship_hull_light_2,ENG_HISTORICAL_DD,,,yes,,,,,,,2,,,,,6,,6,,,,,,,,,ship_dp_Bofors_battery_2,,ship_old_light_battery_2,,,,SM_engine_2,ship_sonar_3,,ship_radar_3,,,,,ship_torpedo_2,ship_depth_charge_4,,ship_old_light_battery_2,,,ship_depth_charge_4,
england_navy,W Class,ship_hull_light_2,ENG_HISTORICAL_DD,,,yes,,,,,,,2,,,,,6,,6,,,,,,,,,ship_dp_Bofors_battery_3,,ship_old_light_battery_2,,,,SM_engine_2,ship_sonar_3,,ship_radar_3,,,,,ship_torpedo_2,ship_old_light_battery_2,,ship_old_light_battery_2,,,ship_depth_charge_4,
england_navy,Z Class,ship_hull_light_2,ENG_HISTORICAL_DD,,,yes,,,,,,,2,,,,,6,,6,,,,,,,,,ship_dp_Bofors_battery_3,,dp_FRA_light_battery,,,,SM_engine_2,ship_sonar_3,,ship_radar_3,,,,,ship_torpedo_2,ship_old_anti_air_3,,dp_FRA_light_battery,,,ship_depth_charge_4,
england_navy,Third C Class,ship_hull_light_2,ENG_HISTORICAL_DD,,,yes,,,,,,,0,,,,,6,,4,,,,,,,,,ship_dp_Bofors_battery_2,,dp_FRA_light_battery,,,,SM_engine_2,ship_sonar_3,,ship_radar_3,,,,,ship_short_torpedo_1,ship_anti_submarine_rocket_2,,dp_FRA_light_battery,,,ship_depth_charge_2,
england_navy,Prophase Battle Class,ship_hull_light_2,CAN_HISTORICAL_DD,,,yes,,,,,,,0,,,,,5,,4,,,,,,,,,ship_dp_Bofors_battery_2,,ship_old_light_battery_2,,,,SM_engine_2,ship_sonar_3,,ship_radar_3,,,,,ship_torpedo_2,,,ship_anti_submarine_rocket_1,,,ship_depth_charge_2,
england_navy,Late Battle Class,ship_hull_light_2,ENG_HISTORICAL_DD,,,yes,,,,,,,0,,,,,6,,4,,,,,,,,,ship_dp_Bofors_battery_2,,ship_ENG_light_battery_4,,,,SM_engine_2,ship_sonar_3,,ship_radar_3,,,,,ship_torpedo_3,,,ship_depth_charge_projection_device_3,,,ship_dp_Bofors_battery_1,
england_navy,Weapon Class,ship_hull_light_2,ENG_HISTORICAL_DD,,,yes,,,,,,,1,,,,,6,,4,,,,,,,,,ship_dp_Bofors_battery_3,,ship_ENG_light_battery_4,,,,SM_engine_2,ship_sonar_3,,ship_radar_3,,,,,ship_torpedo_3,,,ship_depth_charge_projection_device_3,,,ship_dp_Bofors_battery_2,
england_navy,Hunt II Class,ship_hull_light_1,ENG_HISTORICAL_DD,,,yes,,,,,,,0,,,,,3,,2,,,,,,,,,ship_old_anti_air_3,,ship_ENG_light_battery_3,,,,SM_engine_2,ship_fire_control_system_2,,ship_radar_1,,,,,ship_depth_charge_projection_device_2,,,ship_ENG_light_battery_3,,,ship_depth_charge_3,
england_navy,Hunt II Class,ship_hull_light_1,ENG_HISTORICAL_DD,,,yes,,,,,,,0,,,,,3,,2,,,,,,,,,ship_old_anti_air_3,,ship_ENG_light_battery_3,,,,SM_engine_2,ship_fire_control_system_2,,ship_radar_1,,,,,ship_depth_charge_projection_device_2,,,ship_ENG_light_battery_3,,,ship_depth_charge_2,
england_navy,Type 15 Class,ship_hull_light_1,ENG_HISTORICAL_DD,,,,,,,,,,3,,,,,7,,5,,,,,,,,,ship_dp_Bofors_battery_2,,ship_ENG_light_battery_3,,,,SM_engine_2,ship_sonar_4,,ship_radar_4,,,,,ship_depth_charge_projection_device_4,,,ship_depth_charge_projection_device_4,,,ship_depth_charge_4,
england_navy,Type 16 Class,ship_hull_light_2,ENG_HISTORICAL_DD,,,,,,,,,,3,,,,,7,,5,,,,,,,,,ship_dp_Bofors_battery_2,,ship_ENG_light_battery_3,,,,SM_engine_2,ship_sonar_4,,ship_radar_4,,,,,ship_depth_charge_projection_device_4,ship_dp_Bofors_battery_2,,ship_depth_charge_projection_device_4,,,ship_depth_charge_4,
england_navy,Type 17 Class,ship_hull_light_2,ENG_HISTORICAL_DD,,,,,,,,,,3,,,,,7,,5,,,,,,,,,ship_dp_Bofors_battery_2,,ship_ENG_light_battery_3,,,,SM_engine_2,ship_sonar_4,,ship_radar_4,,,,,ship_torpedo_3,ship_dp_Bofors_battery_2,,ship_depth_charge_projection_device_4,,,ship_depth_charge_4,
england_navy,Cricket Class,ship_hull_light_0_old,ENG_HISTORICAL_DD,,,yes,,,,,,,,,,,,4,,3,,,,,,,,,ship_old_anti_air_1A,,ship_dp_old_light_battery_1,,,,SM_engine_2,ship_fire_control_system_2,,ship_light_1,,,,,ship_torpedo_1,ship_dp_old_light_battery_1,,,,,ship_torpedo_1,
england_navy,River Class,ship_hull_frigate_1,ENG_HISTORICAL_DD,,,yes,,,,,,,,,,1,,,,0,,,,,,,,,ship_dp_Bofors_battery_2,,ship_ENG_light_battery_2,,,,SM_engine_2,ship_fire_control_system_3,,ship_radar_2,,,,ship_anti_submarine_rocket_1,,ship_dp_Bofors_battery_2,,ship_depth_charge_2,,,,
england_navy,Loch Class,ship_hull_frigate_1,ENG_HISTORICAL_DD,,,yes,,,,,,,,,,3,,,,3,,,,,,,,,ship_dp_Bofors_battery_2,,ship_ENG_light_battery_2,,,,SM_engine_2,ship_fire_control_system_3,,ship_radar_2,,,,ship_anti_submarine_rocket_1,,,,,,,,
england_navy,Bay Class,ship_hull_frigate_1,ENG_HISTORICAL_DD,,,yes,,,,,,,,,,3,,,,3,,,,,,,,,ship_dp_Bofors_battery_2,,ship_ENG_light_battery_2,,,,SM_engine_2,ship_fire_control_system_3,,ship_radar_3,,,,ship_dp_Bofors_battery_2,,,,,,,,
england_navy,Flower Class,ship_hull_frigate_1,ENG_HISTORICAL_DD,,,yes,GFX_Flower,,,,,,,,,3,,,,3,,,,,,,,,ship_dp_Bofors_battery_1,,ship_ENG_light_battery_2,,,,SM_engine_2,ship_fire_control_system_3,,ship_radar_3,,,,ship_anti_submarine_rocket_1,,,,,,,,
england_navy,Castle Class,ship_hull_frigate_2,ENG_HISTORICAL_DD,,,yes,,,,,,,,,,4,,,,4,,,,,,,,,ship_old_anti_air_3,,ship_ENG_light_battery_2,,,,SM_engine_2,ship_fire_control_system_3,,ship_radar_2,,,,ship_anti_submarine_rocket_1,,,,,,,,
england_navy,Black Swan Class,ship_hull_frigate_2,ENG_HISTORICAL_DD,,,yes,,,,,,,,,,4,,,,4,,,,,,,,,ship_old_anti_air_3,,ship_ENG_light_battery_4,,,,SM_engine_2,ship_fire_control_system_3,,ship_radar_2,,,,ship_anti_submarine_rocket_1,,,,,,,,
england_navy,Grimsby Class,ship_hull_frigate_2,ENG_HISTORICAL_DD,,,,,,,,,,,,,2,,,,2,,,,,,,,,ship_dp_old_light_battery_1,,ship_ENG_light_battery_2,,,,SM_engine_2,ship_fire_control_system_3,,ship_radar_2,,,,ship_depth_charge_1,,,,,,,,
england_navy,S Class,ship_hull_submarine_1,ENG_HISTORICAL_SS,1,,yes,,,,,,,,,,,,,,,,1,,,,,,,,,,,,,sub_engine_3,,,ship_radar_1,,ship_sonar_1,ship_sub_snorkel_1,,ship_torpedo_sub_1,ship_dp_old_light_battery_1,,,,,ship_torpedo_sub_1,
england_navy,T Class,ship_hull_submarine_1,ENG_HISTORICAL_SS,1,,yes,,,,,,,,,,,,,,,,2,,,,,,,,,,,,,sub_engine_3,,,ship_radar_1,,ship_sonar_1,ship_sub_snorkel_1,,ship_torpedo_sub_1,ship_ENG_light_battery_1,,,,,ship_torpedo_sub_1,
england_navy,U Class,ship_hull_submarine_1,ENG_HISTORICAL_SS,,,yes,,,,,,,,,,,,,,,,3,,,,,,,,,,,,,sub_engine_3,,,ship_radar_1,,ship_sonar_1,ship_sub_snorkel_1,,ship_torpedo_sub_2,ship_dp_old_light_battery_1,,,,,ship_torpedo_sub_2,
england_navy,V Class,ship_hull_submarine_1,ENG_HISTORICAL_SS,,,yes,,,,,,,,,,,,,,2,,3,,,,,,,,,,,,,sub_engine_3,,,ship_radar_1,,ship_sonar_1,ship_sub_snorkel_1,,ship_torpedo_sub_2,ship_dp_old_light_battery_1,,,,,ship_torpedo_sub_2,
england_navy,A Class,ship_hull_submarine_2,ENG_HISTORICAL_SS,,,,,,,,,,,,,,,,,2,,3,,,,,,,,,,,,,sub_engine_3,,,ship_radar_1,,ship_sonar_1,ship_sub_snorkel_1,,ship_torpedo_sub_3,ship_dp_old_light_battery_1,,ship_old_anti_air_3,,,ship_torpedo_sub_2,
england_navy,X Class,ship_hull_miget_sub,ENG_HISTORICAL_SS,,,yes,,,,,,,,,,,,,,2,,3,,,,,,,,,,,,,sub_engine_3,,,,,,ship_sub_snorkel_2,,ship_torpedo_sub_3,ship_extra_fuel_tank_3,,,,,,
canada_navy,Queen Elizabeth Class,ship_hull_heavy_0,CAN_HISTORICAL_BB,0,,,,,,,,,5,,,,5,,,3,,,,,,,,,ship_old_anti_air_3,sm_armor_3,ship_ENG_heavy_battery_1,,,,SM_engine_2,ship_fire_control_system_2,,ship_radar_2,dp_FRA_light_battery,,,,,ship_torpedo_uw,,ship_ENG_heavy_battery_1,ship_ENG_heavy_battery_1,,ship_ENG_heavy_battery_1,
canada_navy,Revenge Class,ship_hull_heavy_0,CAN_HISTORICAL_BB,0,,,,,,,,,5,,,,5,,,5,,,,,,,,,ship_old_anti_air_3,sm_armor_3,ship_ENG_heavy_battery_1,,,,SM_engine_2,ship_fire_control_system_2,,ship_radar_1,ship_old_secondaries_1,,,,,ship_torpedo_uw,,ship_ENG_heavy_battery_1,ship_ENG_heavy_battery_1,,ship_ENG_heavy_battery_1,
canada_navy,Unicorn Class,ship_hull_light_carrier_1,CAN_HISTORICAL_CV,0,,,,,,,,,2,1,3,,,,,4,,,,,,,,,ship_dp_Bofors_battery_1x8,sm_armor_2,,flush_deck,ship_old_anti_air_3,,SM_engine_2,,,ship_radar_3,ship_dp_Bofors_battery_1x8,,,,,ship_ENG_light_battery_3,,ship_ENG_light_battery_3,,,,
canada_navy,Majestic Class,ship_hull_light_carrier_1,CAN_HISTORICAL_CV,0,,,,,,,,,2,2,3,,,,,5,,,,,,,,,ship_dp_Bofors_battery_1x8,sm_armor_2,,flush_deck,ship_dp_Bofors_battery_1x8,,SM_engine_2,,,ship_radar_3,ship_dp_Bofors_battery_1x8,,,,,ship_dp_Bofors_battery_1x8,,ship_dp_Bofors_battery_1x8,,,,
canada_navy,Leander Class,ship_hull_cruiser_1,CAN_HISTORICAL_CL,0,,,,,,,,,1,,,,,,5,5,,,,,,,,,ship_old_anti_air_3,sm_armor_2,ship_old_light_medium_battery_2,,,,SM_engine_2,ship_fire_control_system_2,,ship_radar_2,ship_ENG_light_battery_3,,,,,ship_old_light_medium_battery_2,,ship_torpedo_2,ship_old_light_medium_battery_2,ship_ENG_light_battery_1x4,ship_old_light_medium_battery_2,
canada_navy,Arethusa Class,ship_hull_cruiser_1,CAN_HISTORICAL_CL,0,,,,,,,,,0,,,,,,5,3,,,,,,,,,ship_old_anti_air_3,sm_armor_1,ship_old_light_medium_battery_2,,,,SM_engine_2,ship_fire_control_system_1,,ship_radar_2,ship_ENG_light_battery_3,,,,,ship_old_anti_air_3,,ship_torpedo_2,ship_old_light_medium_battery_2,ship_ENG_light_battery_1x4,ship_old_light_medium_battery_2,
canada_navy,Abdiel Class,ship_hull_cruiser_1,CAN_HISTORICAL_CL,0,,,,,,,,,1,,,,,,5,3,,,,,,,,,ship_old_anti_air_3,sm_armor_2,ship_ENG_light_battery_3,,,,SM_engine_2,ship_fire_control_system_1,,ship_radar_2,ship_mine_layer_3,,,,,,,ship_ENG_light_battery_3,ship_dp_Bofors_battery_3x8,,ship_depth_charge_2,
canada_navy,La Melpomene Class,ship_hull_large_frigate,CAN_HISTORICAL_DD,0,,yes,,,,,,,0,,,,,4,,3,,,,,,,,,ship_old_anti_air_1A,,ship_ENG_light_battery_1,,,,SM_engine_2,ship_fire_control_system_3,,ship_light_1,,,,,ship_torpedo_1,,,ship_ENG_light_battery_1,ship_old_anti_air_3,ship_ENG_light_battery_1,,
canada_navy,Tribal II Class,ship_hull_light_1,CAN_HISTORICAL_DD,0,,,,,,,,,0,,,,,4,,2,,,,,,,,,ship_old_anti_air_3,,ship_ENG_light_battery_3,,,,SM_engine_2,ship_fire_control_system_3,,ship_radar_3,,,,,ship_torpedo_2,,,ship_dp_light_battery,,,ship_anti_submarine_rocket_1,
canada_navy,Bourrasque Class,ship_hull_light_1,CAN_HISTORICAL_DD,0,,yes,,,,,,,0,,,,,3,,0,,,,,,,,,ship_old_anti_air_3,,ship_old_light_battery_2,,,,SM_engine_2,ship_fire_control_system_3,,ship_radar_1,,,,,ship_torpedo_1,,,ship_dp_light_battery,,,ship_depth_charge_2,
canada_navy,Hunt II Class,ship_hull_light_1,CAN_HISTORICAL_DD,0,,,,,,,,,0,,,,,0,,2,,,,,,,,,ship_old_anti_air_3,,ship_ENG_light_battery_3,,,,SM_engine_2,ship_fire_control_system_2,,ship_radar_1,,,,,ship_depth_charge_projection_device_2,,,ship_ENG_light_battery_3,,,ship_depth_charge_3,
canada_navy,Hunt III Class,ship_hull_light_1,CAN_HISTORICAL_DD,0,,,,,,,,,0,,,,,0,,2,,,,,,,,,ship_old_anti_air_3,,ship_ENG_light_battery_3,,,,SM_engine_2,ship_fire_control_system_2,,ship_radar_1,,,,,ship_depth_charge_projection_device_2,,,ship_ENG_light_battery_3,,,ship_depth_charge_2,
canada_navy,O Class,ship_hull_light_1,CAN_HISTORICAL_DD,0,,,,,,,,,0,,,,,5,,3,,,,,,,,,ship_old_anti_air_3,,ship_old_light_battery_2,,,,SM_engine_2,ship_sonar_2,,ship_radar_1,,,,,ship_torpedo_2,,,ship_old_light_battery_2,,,ship_depth_charge_2,
canada_navy,V Class,ship_hull_light_2,CAN_HISTORICAL_DD,0,,,,,,,,,0,,,,,6,,4,,,,,,,,,ship_old_anti_air_3,,ship_old_light_battery_2,,,,SM_engine_2,ship_sonar_3,,ship_radar_2,,,,,ship_torpedo_2,,,ship_depth_charge_projection_device_3,,,ship_depth_charge_2,
canada_navy,Prophase Battle Class,ship_hull_light_2,CAN_HISTORICAL_DD,0,,,,,,,,,0,,,,,5,,4,,,,,,,,,ship_dp_Bofors_battery_2,,ship_old_light_battery_2,,,,SM_engine_2,ship_sonar_3,,ship_radar_3,,,,,ship_torpedo_2,,,ship_anti_submarine_rocket_1,,,ship_depth_charge_2,
canada_navy,Cr A Class,ship_hull_light_2,CAN_HISTORICAL_DD,0,,,,,,,,,0,,,,,6,,4,,,,,,,,,ship_dp_Bofors_battery_2,,ship_ENG_light_battery_3,,,,SM_engine_2,ship_sonar_3,,ship_radar_3,,,,,ship_short_torpedo_1,ship_anti_submarine_rocket_2,,ship_dp_light_battery,,,ship_depth_charge_2,
canada_navy,Cr B Class,ship_hull_light_2,CAN_HISTORICAL_DD,0,,,,,,,,,0,,,,,6,,4,,,,,,,,,ship_dp_Bofors_battery_2,,ship_ENG_light_battery_3,,,,SM_engine_2,ship_sonar_3,,ship_radar_3,,,,,ship_torpedo_3,ship_ENG_light_battery_3,,ship_dp_light_battery,,,ship_depth_charge_2,
canada_navy,Roberts Class,ship_hull_monitor_2,CAN_HISTORICAL_BB,0,,,,,,,,,2,,,,,,2,3,,,,,,,,,ship_old_anti_air_3,sm_armor_3,ship_ENG_heavy_battery_1,,,,SM_engine_1,ship_fire_control_system_1,,ship_radar_3,,,,,,,,ship_dp_light_battery,,,,
china_navy,Shenyang Class,ship_hull_pre_dreadnought_0,CHI_HISTORICAL_BB,0,,,,,,,,,4,,,,5,,,3,,,,,,,,,dp_ship_secondaries_A,sm_armor_3,ship_GER_medium_battery,,,,SM_engine_1,ship_fire_control_system_4,,ship_light_2,ship_old_secondaries_1,,,,,ship_torpedo_uw,,ship_old_secondaries_1,,,ship_GER_medium_battery,
china_navy,Chóngqìng Class,ship_hull_pre_dreadnought_0,CHI_HISTORICAL_BB,,,,,,,,,,4,,,,5,,,3,,,,,,,,,dp_ship_secondaries_A,sm_armor_3,ship_mid_battery_5,,,,SM_engine_1,ship_fire_control_system_2,,ship_light_2,ship_old_secondaries_1,,,,,ship_torpedo_uw,,ship_old_secondaries_1,,,ship_mid_battery_5,
china_navy,Hénán Class,ship_hull_pre_dreadnought_0,CHI_HISTORICAL_BB,,,,,,,,,,4,,,,5,,,3,,,,,,,,,dp_ship_secondaries_A,sm_armor_3,ship_GER_medium_battery,,,,SM_engine_1,ship_fire_control_system_4,,ship_light_2,ship_old_secondaries_1,,,,,ship_torpedo_uw,,ship_old_secondaries_1,,,ship_GER_medium_battery,
china_navy,Peng Chao Hai Class,ship_hull_cruiser_coastal_defense_ship_1,CHI_HISTORICAL_BB,,,,,,,,,,4,,,,,,1,6,,,,,,,,,ship_dp_Bofors_battery_2x8,sm_armor_2,ship_GER_light_medium_battery,,,,SM_engine_1,ship_fire_control_system_3,,ship_light_2,dp_ship_secondaries_A,,,,,ship_dp_Bofors_battery_2x8,,dp_ship_secondaries_A,dp_ship_secondaries_A,,ship_dp_Bofors_battery_2x8,
china_navy,Chin Ou Class,ship_hull_cruiser_coastal_defense_ship_1,CHI_HISTORICAL_BB,,,,,,,,,,4,,,,,,1,6,,,,,,,,,ship_dp_Bofors_battery_2x8,sm_armor_2,ship_GER_light_medium_battery,,,,SM_engine_1,ship_fire_control_system_3,,ship_light_2,dp_ship_secondaries_A,,,,,ship_dp_Bofors_battery_2x8,,ship_old_secondaries_2,ship_old_secondaries_2,,ship_GER_light_medium_battery,
china_navy,Chen Hai Class,ship_hull_cruiser_0_remodeling,CHI_HISTORICAL_CL,,,,,,,,,,4,,,,,,1,6,,,,,,,,,dp_ship_old_secondaries_3,sm_armor_ms_1,ship_old_light_medium_battery_1,,,,SM_engine_2,ship_fire_control_system_3,,ship_light_2,ship_airplane_launcher_2,,,,,,,ship_airplane_launcher_2,,,,
china_navy,Chiangtzu Class,ship_hull_cruiser_1,CHI_HISTORICAL_CL,0,,,,,,,,,,,,,,,3,1,,,,,,,,,dp_ship_secondaries_A,sm_armor_2,ship_ENG_medium_battery_2,,,,SM_engine_2,ship_fire_control_system_3,,ship_radar_3,dp_ship_secondaries_A,,,,,ship_ENG_medium_battery_2,,ship_airplane_launcher_1,dp_ship_secondaries_A,dp_ship_secondaries_A,ship_ENG_medium_battery_2,
china_navy,Fei Yuan Class,ship_hull_cruiser_defenced_cruiser,CHI_HISTORICAL_CL,,,,,,,,,,4,,,,,,1,6,,,,,,,,,dp_ship_old_secondaries_2,sm_armor_1,ship_old_light_medium_battery_1,,,,SM_engine_2,ship_fire_control_system_3,,ship_light_2,dp_ship_old_secondaries_3,,,,,dp_ship_old_secondaries_1,,ship_torpedo_uw_s,,,ship_old_light_medium_battery_1,
china_navy,Hai Yung Class,ship_hull_cruiser_defenced_cruiser,CHI_HISTORICAL_CL,,,,,,,,,,4,,,,,,1,4,,,,,,,,,ship_dp_Bofors_battery_1,sm_armor_1,ship_old_light_medium_battery_1,,,,SM_engine_2,ship_fire_control_system_3,,ship_light_2,dp_ship_old_secondaries_1,,,,,ship_older_secondaries_1,,ship_old_light_medium_battery_1,,,ship_old_light_medium_battery_1,
china_navy,Hai Tien Class,ship_hull_cruiser_defenced_cruiser,CHI_HISTORICAL_CA,,,,,,,,,,4,,,,,,1,4,,,,,,,,,ship_old_anti_air_4A,sm_armor_1,ship_old_medium_battery_2,,,,SM_engine_2,ship_fire_control_system_3,,ship_light_2,dp_ship_old_secondaries_1,,,,,ship_torpedo_uw,,ship_older_secondaries_2,,,ship_old_medium_battery_2,
china_navy,Chao Ho Class,ship_hull_cruiser_defenced_cruiser,CHI_HISTORICAL_CL,,,,,,,,,,4,,,,,,1,4,,,,,,,,,ship_dp_Bofors_battery_1,sm_armor_1,ship_old_light_medium_battery_1,,,,SM_engine_2,ship_fire_control_system_3,,ship_light_2,dp_ship_old_secondaries_1,,,,,ship_torpedo_uw,,ship_older_secondaries_1,,,ship_old_light_medium_battery_1,
china_navy,Wei Yuen Class,ship_hull_cruiser_defenced_cruiser,CHI_HISTORICAL_CL,,,,,,,,,,4,,,,,,1,4,,,,,,,,,ship_dp_Bofors_battery_1,sm_armor_1,dp_GER_light_battery,,,,SM_engine_2,ship_fire_control_system_3,,ship_light_2,dp_ship_old_secondaries_1,,,,,dp_GER_light_battery,,dp_GER_light_battery,,,dp_GER_light_battery,
china_navy,Ning Hai Class,ship_hull_cruiser_scout_cruiser,CHI_HISTORICAL_CL,,,,,,,,,,4,,,,,,1,4,,,,,,,,,ship_dp_Bofors_battery_1,sm_armor_1,ship_JAP_light_medium_battery_2,,,,SM_engine_2,ship_fire_control_system_3,,ship_light_2,dp_ship_old_secondaries_3,,,,,ship_JAP_light_medium_battery_2,,ship_torpedo_1,,,ship_JAP_light_medium_battery_2,
china_navy,Fei Ting Class,ship_hull_cruiser_0_transport_remodeling,CHI_HISTORICAL_CL,,,,,,,,,,1,,,,,,5,5,,,,,,,,,dp_ship_secondaries_A,sm_armor_ms_1,ship_GER_light_battery,,,,SM_engine_2,ship_sonar_3,,ship_radar_2,ship_old_secondaries_2,,,,,,,ship_GER_light_battery,,,,
china_navy,Fei Ying Class,ship_hull_cruiser_0_transport_remodeling,CHI_HISTORICAL_CL,,,,,,,,,,1,,,,,,5,5,,,,,,,,,ship_old_anti_air_4A,sm_armor_ms_1,ship_GER_light_battery,,,,SM_engine_2,ship_sonar_3,,ship_radar_2,ship_old_anti_air_3,,,,,,,ship_GER_light_battery,,,,
china_navy,Hai Hola Class,ship_hull_light_2,CHI_HISTORICAL_DD,,,,,,,,,,2,,,,,5,,5,,,,,,,,,ship_dp_Bofors_battery_2,,ship_JAP_light_battery_1,,,,SM_engine_2,ship_sonar_3,,ship_radar_3,,,,,ship_torpedo_3,ship_old_light_battery_2,,ship_JAP_light_battery_1,,,ship_depth_charge_3,
china_navy,Hai Lung Class,ship_hull_light_2,CHI_HISTORICAL_DD,,,,,,,,,,2,,,,,5,,5,,,,,,,,,ship_dp_Bofors_battery_2,,ship_GER_light_battery,,,,SM_engine_2,ship_sonar_3,,ship_radar_3,,,,,ship_torpedo_3,ship_GER_light_battery,,ship_GER_light_battery,,,ship_depth_charge_3,
china_navy,Hai Nju Class,ship_hull_light_2,CHI_HISTORICAL_DD,,,,,,,,,,2,,,,,5,,5,,,,,,,,,ship_old_anti_air_4A,,ship_old_light_battery_2,,,,SM_engine_2,ship_sonar_3,,ship_radar_3,,,,,ship_torpedo_3,ship_old_light_battery_2,,ship_old_light_battery_2,,,ship_old_light_battery_2,
china_navy,Chang Feng Class,ship_hull_light_0,CHI_HISTORICAL_DD,,,,,,,,,,2,,,,,5,,5,,,,,,,,,dp_ship_old_secondaries_1,,ship_dp_old_light_battery_1,,,,SM_engine_2,ship_fire_control_system_0,,ship_light_1,,,,,ship_torpedo_1,,,,,,ship_dp_old_light_battery_1,
china_navy,Chen Tung Class,ship_hull_light_1,CHI_HISTORICAL_DD,,,,,,,,,,2,,,,,5,,5,,,,,,,,,ship_dp_Bofors_battery_1,,ship_ENG_light_battery_1,,,,SM_engine_2,ship_fire_control_system_1,,ship_light_1,,,,,ship_torpedo_2,,,ship_ENG_light_battery_1,,,ship_ENG_light_battery_1,
china_navy,Kuan Chuan Class,ship_hull_light_monitor,CHI_HISTORICAL_DD,,,,,,,,,,5,,,5,,,,5,,,,,,,,,ship_old_anti_air_3A,,ship_dp_old_light_battery_3,,,,SM_engine_2,ship_fire_control_system_2,,ship_light_2,,,,ship_mine_sweeper_4,,,,ship_old_anti_air_3A,,,ship_dp_old_light_battery_3,
china_navy,Yi Xian Class,ship_hull_light_monitor,CHI_HISTORICAL_DD,,,,,,,,,,5,,,5,,,,5,,,,,,,,,ship_old_anti_air_3A,,ship_GER_light_battery,,,,SM_engine_2,ship_fire_control_system_2,,ship_light_2,,,,ship_mine_sweeper_4,,,,ship_FRA_light_battery,,,ship_dp_old_light_battery_1,
china_navy,Yongjian Class,ship_hull_light_monitor,CHI_HISTORICAL_DD,,,,,,,,,,5,,,5,,,,5,,,,,,,,,ship_old_anti_air_4A,,ship_old_light_battery_1,,,,SM_engine_1,ship_fire_control_system_1,,ship_light_2,,,,ship_mine_sweeper_4,,,,dp_ship_old_secondaries_1,,,ship_dp_old_light_battery_1,
china_navy,Yung Hsiang Class,ship_hull_light_monitor,CHI_HISTORICAL_DD,,,,,,,,,,5,,,5,,,,5,,,,,,,,,ship_old_anti_air_4A,,ship_old_light_battery_1,,,,SM_engine_0,ship_fire_control_system_2,,ship_light_2,,,,ship_mine_sweeper_4,,,,dp_ship_old_secondaries_1,,,ship_dp_old_light_battery_1,
china_navy,U-Boot Class IIA,ship_hull_submarine_1,GER_HISTORICAL_SS,0,,,,,,,,1,,,,,,,,,,2,,,,,,,,,,,,,sub_engine_3,,,ship_radar_1,,ship_sonar_1,ship_sub_snorkel_1,,ship_torpedo_sub_1,ship_old_anti_air_3,,,,,ship_torpedo_sub_1,
china_navy,U-Boot Class VIIB,ship_hull_submarine_2,GER_HISTORICAL_SS,0,,,,,,,,3,4,,,,,,,7,,4,,,,,,,,,,,,,sub_engine_3,,,ship_radar_2,,ship_sonar_2,ship_old_sub_snorkel_1,,ship_torpedo_sub_2,ship_dp_old_light_battery_1,,ship_old_anti_air_3,,,ship_torpedo_sub_2,
china_navy,U-Boot Class VIIC,ship_hull_submarine_2,GER_HISTORICAL_SS,0,,,,,,,,3,5,,,,,,,7,,4,,,,,,,,,,,,,sub_engine_3,,,ship_radar_2,,ship_sonar_2,ship_old_sub_snorkel_1,,ship_torpedo_sub_2,ship_dp_old_light_battery_1,,ship_old_anti_air_3,,,ship_torpedo_sub_2,
china_navy,U-Boot Class VIIC/41,ship_hull_submarine_2,GER_HISTORICAL_SS,0,,,,,,,,4,6,,,,,,,7,,5,,,,,,,,,,,,,sub_engine_3,,,ship_radar_2,,ship_sonar_2,ship_old_sub_snorkel_1,,ship_torpedo_sub_2,ship_dp_old_light_battery_1,,ship_old_anti_air_3,,,ship_torpedo_sub_2,
chile_navy,Ministro Zenteno Class,ship_hull_cruiser_2,CHL_HISTORICAL_CL,,,,GFX_Brooklyn,,,,,,4,,,,,,5,5,,,,,,,,,ship_dp_Bofors_battery_1x8,sm_armor_2,ship_USA_light_medium_battery,,,,SM_engine_3,ship_fire_control_system_4,,ship_radar_4,ship_dp_old_light_battery_3x4,,,,,ship_USA_light_medium_battery,,ship_USA_light_medium_battery,ship_USA_light_medium_battery,ship_airplane_launcher_2,ship_USA_light_medium_battery,
chile_navy,Constitución Class,ship_hull_carrier_conversion_ca_2,CHL_HISTORICAL_CV,0,,,GFX_Independence,,,,,,0,,2,,,,,5,,,,,,,,,ship_old_anti_air_4Ax8,sm_armor_1,,flush_deck,ship_dp_Bofors_battery_2x8,,SM_engine_2,,,ship_radar_4,ship_dp_Bofors_battery_2x8,,,,,,,,,,ship_dp_Bofors_battery_2x8,
chile_navy,Almirante Cochrane Class,ship_hull_cruiser_1,CHL_HISTORICAL_CA,,,yes,GFX_Pensacola,,,,,,3,,,,,,5,5,,,,,,,,,ship_old_anti_air_3x8,sm_armor_2,ship_medium_battery_1,,,,SM_engine_2,ship_fire_control_system_3,,ship_radar_3,ship_dp_Bofors_battery_3x8,,,,,ship_USA_medium_battery_1,,ship_USA_medium_battery_1,ship_old_anti_air_3x8,ship_old_anti_air_3x8,ship_medium_battery_1,
chile_navy,Esmeralda Class,ship_hull_heavy_0,CHL_HISTORICAL_BB,,,,GFX_NewYork,,,,,,3,,,,4,,,2,,,,,,,,,ship_dp_Bofors_battery_3x8,sm_armor_3,ship_older_heavy_battery_1,,,,SM_engine_2,ship_fire_control_system_3,,ship_radar_3,dp_ship_old_secondaries_3,,,,,ship_older_heavy_battery_1,,ship_older_heavy_battery_1,ship_older_heavy_battery_1,ship_old_light_battery_3x4,ship_older_heavy_battery_1,
chile_navy,H1 Class,ship_hull_submarine_1,CHL_HISTORICAL_SS,0,,yes,GFX_HOLAND,,,,,,,,,,,,,,,2,,,,,,,,,,,,,sub_engine_3,,,ship_radar_1,,ship_sonar_1,ship_sub_snorkel_1,,ship_torpedo_sub_1,ship_torpedo_sub_1,,ship_extra_fuel_tank_2,,,empty,
chile_navy,General Baquedano Class,ship_hull_light_3,CHL_HISTORICAL_DD,,,,,,,,,,3,,,,,2,,10,,,,,,,,,ship_dp_Bofors_battery_2,,ship_dp_old_light_battery_2,,,,SM_engine_2,ship_sonar_4,,ship_radar_4,,,,,ship_torpedo_3,ship_dp_old_light_battery_2,ship_depth_charge_projection_device_2,ship_dp_Bofors_battery_2,ship_depth_charge_projection_device_1,ship_depth_charge_projection_device_1,ship_old_anti_air_3x8,ship_depth_charge_2
chile_navy,Capitán O'Brien Class,ship_hull_submarine_1,CHL_HISTORICAL_SS,0,,,GFX_O_class_ss,,,,,,,,,,,,,3,,3,,,,,,,,,,,,,sub_engine_3,,,ship_radar_1,,ship_sonar_1,ship_sub_snorkel_1,,ship_torpedo_sub_2,ship_torpedo_sub_1,,ship_extra_fuel_tank_2,,,ship_torpedo_sub_1,
chile_navy,Almirante Williams Class,ship_hull_light_3,CHL_HISTORICAL_DD,,,,GFX_Fletcher,,,,,,1,,,,,8,,3,,,,,,,,,ship_dp_Bofors_battery_2,,ship_dp_old_light_battery_2,,,,SM_engine_2,ship_sonar_4,,ship_radar_4,,,,,ship_torpedo_3,ship_dp_old_light_battery_2,ship_depth_charge_projection_device_2,ship_dp_old_light_battery_2,ship_dp_old_light_battery_2,ship_dp_old_light_battery_2,ship_old_anti_air_3,ship_depth_charge_2
chile_navy,Almirante Lynch Class,ship_hull_light_1,CHL_HISTORICAL_DD,0,,yes,GFX_Almirante_Lynch,,,,,,2,,,,,2,,4,,,,,,,,,ship_anti_air_1,,ship_light_battery_1,,,,SM_engine_2,ship_fire_control_system_3,,ship_radar_1,,,,,ship_torpedo_1,ship_light_battery_1,,ship_light_battery_1,ship_light_battery_1,ship_light_battery_1,ship_light_battery_1,
chile_navy,Serrano Class,ship_hull_light_1,CHL_HISTORICAL_DD,0,,,GFX_Serrano,,,,,,2,,,,,3,,7,,,,,,,,,ship_dp_old_light_battery_1,,ship_light_battery_1,,,,SM_engine_2,ship_fire_control_system_3,,ship_radar_2,,,,,ship_torpedo_2,ship_light_battery_1,,ship_torpedo_2,ship_mine_layer_1,ship_light_battery_1,ship_depth_charge_4,
chile_navy,O'Higgins Class,ship_hull_cruiser_armored_cruiser,CHL_HISTORICAL_CA,0,,,GFX_OHiggins,,,,,,4,,,,,,3,4,,,,,,,,,dp_ship_old_secondaries_2,sm_armor_3,ship_mid_battery_4,,,,SM_engine_2,ship_fire_control_system_1,,ship_radar_2,ship_old_secondaries_1,,,,,ship_mid_battery_4,,dp_ship_secondaries_A,,,ship_mid_battery_4,ship_mid_battery_4
chile_navy,Chacabuco Class,ship_hull_cruiser_defenced_cruiser,CHL_HISTORICAL_CL,0,,,,,,,,,2,,,,,,2,4,,,,,,,,,ship_old_anti_air_3x8,sm_armor_1,ship_old_light_medium_battery_1,,,,SM_engine_2,ship_fire_control_system_3,,ship_radar_4,ship_old_secondaries_1,,,,,ship_old_anti_air_3x8,,ship_old_light_medium_battery_1,,,ship_old_anti_air_3x8,
chile_navy,Almirante Latorre Class,ship_hull_heavy_0,CHL_HISTORICAL_BB,0,,,,,,,,,5,,,,4,,,,,,,,,,,,dp_ship_old_secondaries_3,sm_armor_3,ship_CHL_heavy_battery,,,,SM_engine_2,ship_fire_control_system_2,,ship_radar_2,ship_old_secondaries_1,,,,,ship_CHL_heavy_battery,,ship_CHL_heavy_battery,ship_CHL_heavy_battery,ship_old_light_battery_3x4,ship_CHL_heavy_battery,
east_africa_navy,Luigi Cadorna Class,ship_hull_cruiser_1,ITA_HISTORICAL_CL,0,,yes,,,,,,,0,,,,,,5,0,,,,,,,,,ship_old_anti_air_4A,sm_armor_0,ship_old_light_medium_battery_3,,,,SM_engine_2,ship_fire_control_system_1,,ship_light_1,ship_ENG_light_battery_3,,,,,ship_old_light_medium_battery_3,,ship_torpedo_2,ship_airplane_launcher_1,ship_old_light_medium_battery_3,ship_old_light_medium_battery_3,
east_africa_navy,Alberto di Giussano Class,ship_hull_cruiser_1,ITA_HISTORICAL_CL,0,,yes,,,,,,,0,,,,,,5,0,,,,,,,,,ship_old_anti_air_4A,sm_armor_0,ship_old_light_medium_battery_3,,,,SM_engine_2,ship_fire_control_system_1,,ship_light_1,ship_ENG_light_battery_3,,,,,ship_old_light_medium_battery_3,,ship_torpedo_2,ship_airplane_launcher_1,ship_old_light_medium_battery_3,ship_mine_layer_2,
east_africa_navy,Nazario Sauro Class,ship_hull_light_0,ITA_HISTORICAL_DD,0,,yes,,,,,,,,,,,,3,,,,,,,,,,,ship_old_anti_air_1A,,ship_JAP_light_battery_1,,,,SM_engine_2,ship_fire_control_system_0,,ship_light_1,,,,,ship_torpedo_2,ship_JAP_light_battery_1,,,,,ship_mine_layer_2,
east_africa_navy,Soldati Class,ship_hull_light_1,ITA_HISTORICAL_DD,0,,yes,,,,,,,,,,,,3,,1,,,,,,,,,ship_old_anti_air_3,,ship_JAP_light_battery_1,,,,SM_engine_2,ship_fire_control_system_1,,ship_light_1,,,,,ship_torpedo_2,,,ship_JAP_light_battery_1,,,ship_depth_charge_2,
east_africa_navy,Archimede Class,ship_hull_submarine_1,ITA_HISTORICAL_SS,0,,yes,,,,,,,,,,,,,,18,,0,,,,,,,,,,,,,sub_engine_3,,,,,,,,ship_torpedo_sub_2,ship_ENG_light_battery_1,,,,,ship_torpedo_sub_2,
east_africa_navy,Brin Class,ship_hull_submarine_1,ITA_HISTORICAL_SS,0,,yes,,,,,,,,,,,,,,2,,4,,,,,,,ship_old_anti_air_1A,,,,,,sub_engine_3,,,,,,,,ship_torpedo_sub_2,ship_ENG_light_battery_1,,,,,ship_torpedo_sub_2,
east_africa_navy,Adua Class,ship_hull_submarine_1,ITA_HISTORICAL_SS,0,,yes,,,,,,,,,,,,,,5,,1,,,,,,,ship_old_anti_air_1A,,,,,,sub_engine_3,,,,,,,,ship_torpedo_sub_2,ship_ENG_light_battery_1,,,,,ship_torpedo_sub_1,
east_africa_navy,Perla Class,ship_hull_submarine_1,ITA_HISTORICAL_SS,0,,yes,,,,,,,,,,,,,,4,,1,,,,,,,ship_old_anti_air_1A,,,,,,sub_engine_3,,,,,,,,ship_torpedo_sub_2,ship_ENG_light_battery_1,,,,,ship_torpedo_sub_1,
germany_navy,Graf Zeppelin Class,ship_hull_carrier_0,GER_HISTORICAL_CV,0,,,,,,,,,2,5,,,,,,3,,,,,,,,,ship_old_anti_air_4A,sm_armor_1,,flush_deck,dp_ship_secondaries_A,,SM_engine_2,,,ship_radar_4,ship_secondaries_2,,,,,ship_GER_light_medium_battery,,ship_GER_light_medium_battery,,,,
germany_navy,Europa Class,ship_hull_carrier_conversion_mc,GER_HISTORICAL_CV,0,,,,,,,,,2,5,,,,,,3,,,,,,,,,ship_old_anti_air_4A,sm_armor_ms_1,,flush_deck,dp_ship_secondaries_A,,SM_engine_2,,,ship_radar_4,ship_secondaries_2,,,,,,,,,,,
germany_navy,Jade Class,ship_hull_carrier_conversion_mc,GER_HISTORICAL_CV,0,,,,,,,,,3,2,,,,,,5,,,,,,,,,ship_old_anti_air_4A,sm_armor_ms_1,,flush_deck,dp_ship_secondaries_A,,SM_engine_2,,,ship_radar_4,ship_secondaries_2,,,,,,,,,,,
germany_navy,Deutschland Class,ship_hull_cruiser_panzerschiff,GER_HISTORICAL_CA,0,,yes,,,,,,,2,,,,,,5,3,,,,,,,,,dp_ship_secondaries_A,sm_armor_2,ship_GER_heavy_medium_battery_1,,,,SM_engine_2,ship_fire_control_system_2,,ship_radar_4,,,,,,ship_torpedo_2,,ship_GER_heavy_medium_battery_1,ship_GER_light_medium_battery,,ship_airplane_launcher_1,
germany_navy,Scharnhorst Class,ship_hull_heavy_0,GER_HISTORICAL_BC,0,,,,,,,,,2,,,,7,,,5,,,,,,,,,ship_airplane_launcher_2,sm_armor_2,ship_GER_heavy_medium_battery_2,,,,SM_engine_2,ship_fire_control_system_3,,ship_radar_4,ship_torpedo_2,,,,,ship_GER_heavy_medium_battery_2,,ship_old_light_medium_battery_3,ship_old_light_medium_battery_3,,ship_GER_heavy_medium_battery_2,
germany_navy,Mackensen Class,ship_hull_heavy_1,GER_HISTORICAL_BC,0,,,,,,,,,2,,,,7,,,5,,,,,,,,,ship_airplane_launcher_2,sm_armor_2,ship_ENG_heavy_battery_1,,,,SM_engine_2,ship_fire_control_system_3,,ship_radar_4,ship_torpedo_2,,,,,ship_ENG_heavy_battery_1,,ship_old_secondaries_2,dp_ship_secondaries_A,,ship_ENG_heavy_battery_1,
germany_navy,Bismarck Class,ship_hull_heavy_1,GER_HISTORICAL_BC,0,,,,,,,,,2,,,,7,,,3,,,,,,,,,ship_airplane_launcher_2,sm_armor_2,ship_ENG_heavy_battery_1,,,,SM_engine_2,ship_fire_control_system_4,,ship_radar_4,ship_old_light_medium_battery_3,,,,,ship_ENG_heavy_battery_1,,ship_old_light_medium_battery_3,ship_ENG_heavy_battery_1,,ship_ENG_heavy_battery_1,
germany_navy,Derfflinger Class,ship_hull_heavy_1,GER_HISTORICAL_BB,0,,,,,,,,,2,,,,7,,,3,,,,,,,,,ship_airplane_launcher_2,sm_armor_2,ship_ENG_heavy_battery_1,,,,SM_engine_2,ship_fire_control_system_4,,ship_radar_4,ship_GER_light_battery,,,,,ship_ENG_heavy_battery_1,,ship_GER_heavy_medium_battery_1,ship_GER_heavy_medium_battery_1,,ship_ENG_heavy_battery_1,
germany_navy,Friedrich der Grose Class,ship_hull_super_heavy_1,GER_HISTORICAL_BB,0,,,,,,,,,0,,,,3,,,20,,,,,,,,,ship_airplane_launcher_2,sm_armor_2,ship_super_heavy_battery_0,,,,SM_engine_2,ship_fire_control_system_4,,ship_radar_4,ship_torpedo_uw,,,,,ship_super_heavy_battery_0,ship_super_heavy_battery_0,ship_old_light_medium_battery_3,ship_old_light_medium_battery_3,ship_torpedo_5,dp_GER_light_battery,ship_super_heavy_battery_0
germany_navy,Ulrich von Hutten Class,ship_GER_hull_super_heavy_1,GER_HISTORICAL_BB,0,,,,,,,,,0,,,,4,,,5,5,,,,,,,,ship_anti_air_2x8,sm_armor_1,ship_GER_super_heavy_battery_1,,,,SM_engine_4,ship_fire_control_system_3,,ship_radar_3,ship_secondaries_2,,,,,ship_old_light_medium_battery_3,ship_old_light_medium_battery_3,ship_secondaries_2,ship_secondaries_1,ship_anti_air_2x8,ship_GER_super_heavy_battery_1,ship_old_light_medium_battery_3
germany_navy,Admiral Hipper Class,ship_hull_cruiser_2,GER_HISTORICAL_CA,0,GER_Germania_Shipyard,,,,,,,,3,,,,,,5,2,,,,,,,,,ship_old_anti_air_4A,sm_armor_2,ship_GER_medium_battery,,,,SM_engine_2,ship_fire_control_system_2,,ship_radar_4,,,,,,ship_GER_medium_battery,,ship_torpedo_3,ship_GER_medium_battery,,ship_GER_medium_battery,
germany_navy,Emden Class,ship_hull_cruiser_1,GER_HISTORICAL_CL,0,GER_Germania_Shipyard,,GFX_Emden,,,,,,,,,,,,3,1,,,,,,,,,dp_ship_secondaries_A,sm_armor_1,ship_old_light_medium_battery_1,,,,SM_engine_2,ship_fire_control_system_3,,ship_radar_3,ship_old_secondaries_1,,,,,ship_old_light_medium_battery_1,,ship_old_secondaries_1,ship_torpedo_1,ship_old_light_medium_battery_1,ship_old_light_medium_battery_1,
germany_navy,Königsberg Class,ship_hull_cruiser_1,GER_HISTORICAL_CL,0,GER_Germania_Shipyard,,GFX_Konigsberg,,,,,,,,,,,,3,1,,,,,,,,,dp_ship_secondaries_A,sm_armor_2,ship_ITA_light_medium_battery,,,,SM_engine_2,ship_fire_control_system_3,,ship_radar_3,dp_ship_secondaries_A,,,,,ship_ITA_light_medium_battery,,ship_mine_layer_2,ship_torpedo_2,dp_ship_secondaries_A,ship_ITA_light_medium_battery,
germany_navy,Leipzig Class,ship_hull_cruiser_1,GER_HISTORICAL_CL,0,GER_Germania_Shipyard,,,,,,,,,,,,,,3,1,,,,,,,,,dp_ship_secondaries_A,sm_armor_2,ship_ITA_light_medium_battery,,,,SM_engine_2,ship_fire_control_system_3,,ship_radar_3,ship_airplane_launcher_1,,,,,ship_ITA_light_medium_battery,,ship_mine_layer_2,ship_torpedo_2,ship_old_anti_air_3x8,ship_ITA_light_medium_battery,
germany_navy,Nixe Class,ship_hull_cruiser_1,GER_HISTORICAL_CL,0,GER_Germania_Shipyard,,GFX_Nixe,,,,,,,,,,,,3,1,,,,,,,,,dp_ship_secondaries_A,sm_armor_2,ship_old_light_medium_battery_2,,,,SM_engine_2,ship_fire_control_system_3,,ship_radar_3,dp_ship_secondaries_A,,,,,ship_old_light_medium_battery_2,,ship_airplane_launcher_1,ship_old_light_medium_battery_2,ship_old_anti_air_3x8,ship_old_light_medium_battery_2,
germany_navy,Augusta Class,ship_hull_cruiser_2,GER_HISTORICAL_CL,0,GER_Germania_Shipyard,,,,,,,,,,,,,,3,1,,,,,,,,,dp_ship_secondaries_A,sm_armor_2,ship_ITA_light_medium_battery,,,,SM_engine_2,ship_fire_control_system_3,,ship_radar_3,dp_ship_secondaries_A,,,,,ship_ITA_light_medium_battery,,ship_mine_layer_2,ship_torpedo_2,ship_old_anti_air_3Ax8,ship_ITA_light_medium_battery,
germany_navy,Bielefeld Class,ship_hull_cruiser_2,GER_HISTORICAL_CL,0,GER_Germania_Shipyard,,,,,,,,,,,,,,3,1,,,,,,,,,ship_old_anti_air_2,sm_armor_2,ship_ITA_light_medium_battery,,,,SM_engine_2,ship_fire_control_system_3,,ship_radar_3,ship_dp_Bofors_battery_2x8,,,,,ship_GER_light_medium_battery,,ship_torpedo_2,ship_GER_light_medium_battery,ship_old_anti_air_3Ax8,ship_ITA_light_medium_battery,
germany_navy,München Class,ship_hull_cruiser_2,GER_HISTORICAL_CL,0,GER_Germania_Shipyard,,,,,,,,,,,,,,3,1,,,,,,,,,ship_old_anti_air_2,sm_armor_2,ship_GER_light_medium_battery,,,,SM_engine_2,ship_fire_control_system_3,,ship_radar_3,ship_dp_Bofors_battery_2x8,,,,,ship_GER_light_medium_battery,,ship_torpedo_2,ship_GER_light_medium_battery,ship_old_anti_air_3Ax8,ship_GER_light_medium_battery,
germany_navy,Arcona Class,ship_hull_cruiser_scout_cruiser,GER_HISTORICAL_CL,0,GER_Germania_Shipyard,,,,,,,,,,,,,,6,4,,,,,,,,,ship_old_anti_air_4A,sm_armor_1,ship_GER_light_battery,,,,SM_engine_4,ship_fire_control_system_3,,ship_radar_2,,,,,,ship_airplane_launcher_2,,ship_GER_light_battery,,,ship_GER_light_battery,
germany_navy,Z1 Class,ship_hull_light_0,GER_HISTORICAL_DD,0,GER_Germania_Shipyard,yes,,,,,,,,,,,,2,,2,,,,,,,,,ship_old_anti_air_4A,,ship_old_light_battery_2,,,,SM_engine_2,ship_fire_control_system_3,,ship_radar_2,,,,,ship_torpedo_1,,,,,,ship_depth_charge_1,
germany_navy,Z5 Class,ship_hull_light_1,GER_HISTORICAL_DD,0,GER_Germania_Shipyard,yes,,,,,,,,,,,,3,,3,,,,,,,,,ship_old_anti_air_4A,,ship_old_light_battery_2,,,,SM_engine_2,ship_fire_control_system_3,,ship_radar_3,,,,,ship_torpedo_1,,,ship_old_anti_air_3,,,ship_depth_charge_1,
germany_navy,Z17 Class,ship_hull_light_2,GER_HISTORICAL_DD,0,GER_Germania_Shipyard,yes,,,,,,,,,,,,5,,3,,,,,,,,,ship_old_anti_air_4A,,ship_old_light_battery_2,,,,SM_engine_2,ship_fire_control_system_3,,ship_radar_3,,,,,ship_torpedo_2,ship_old_light_battery_2,,ship_old_anti_air_3,,,ship_depth_charge_1,
germany_navy,Z23 Class,ship_hull_light_3,GER_HISTORICAL_DD,0,GER_Germania_Shipyard,,,,,,,,,,,,,5,,3,,,,,,,,,ship_old_anti_air_4A,,ship_GER_light_battery,,,,SM_engine_2,ship_fire_control_system_3,,ship_radar_3,,,,,ship_torpedo_1,ship_GER_light_battery,ship_GER_light_battery,ship_old_anti_air_3,ship_GER_light_battery,ship_GER_light_battery,ship_depth_charge_2,ship_mine_layer_2
germany_navy,Z35 Class,ship_hull_light_3,GER_HISTORICAL_DD,0,GER_Germania_Shipyard,,,,,,,,,,,,,5,,3,,,,,,,,,ship_old_anti_air_4A,,ship_dp_old_light_battery_2,,,,SM_engine_2,ship_fire_control_system_3,,ship_radar_3,,,,,ship_torpedo_2,ship_dp_old_light_battery_2,ship_old_anti_air_4A,ship_dp_old_light_battery_2,ship_dp_old_light_battery_2,ship_old_anti_air_4A,ship_dp_old_light_battery_2,ship_mine_layer_2
germany_navy,Z46 Class,ship_hull_light_3,GER_HISTORICAL_DD,0,GER_Germania_Shipyard,,,,,,,,,,,,,5,,3,,,,,,,,,ship_old_anti_air_4A,,ship_dp_old_light_battery_3,,,,SM_engine_2,ship_fire_control_system_3,,ship_radar_3,,,,,ship_torpedo_2,ship_dp_old_light_battery_3,ship_old_anti_air_4A,ship_dp_old_light_battery_3,ship_dp_old_light_battery_3,ship_old_anti_air_4A,ship_dp_old_light_battery_3,ship_mine_layer_2
germany_navy,Z51 Class,ship_hull_light_3,GER_HISTORICAL_DD,0,GER_Germania_Shipyard,,,,,,,,,,,,,5,,3,,,,,,,,,ship_old_anti_air_4A,,ship_dp_old_light_battery_3,,,,SM_engine_2,ship_fire_control_system_3,,ship_radar_3,,,,,ship_torpedo_2,ship_dp_old_light_battery_3,ship_old_anti_air_4A,ship_anti_air_1,ship_dp_old_light_battery_3,ship_old_anti_air_4A,ship_dp_old_light_battery_3,ship_mine_layer_2
germany_navy,Z69 Class,ship_hull_light_3,GER_HISTORICAL_DD,0,GER_Germania_Shipyard,,,,,,,,,,,,,7,,5,,,,,,,,,ship_old_anti_air_4A,,ship_dp_old_light_battery_3,,,,SM_engine_2,ship_fire_control_system_3,,ship_radar_3,,,,,ship_torpedo_2,ship_dp_old_light_battery_3,ship_old_anti_air_4A,ship_anti_air_1,ship_dp_old_light_battery_3,ship_old_anti_air_4A,ship_dp_old_light_battery_3,ship_mine_layer_2
germany_navy,U-Boot Class IIA,ship_hull_submarine_1,GER_HISTORICAL_SS,0,GER_Howaldtswerke_Deutsche_Werft,,,,,,,1,,,,,,,,,,2,,,,,,,,,,,,,sub_engine_3,,,ship_radar_1,,ship_sonar_1,ship_sub_snorkel_1,,ship_torpedo_sub_1,ship_old_anti_air_3,,,,,ship_torpedo_sub_1,
germany_navy,U-Boot Class XB,ship_hull_submarine_1,GER_HISTORICAL_SS,0,GER_Howaldtswerke_Deutsche_Werft,,,,,,,1,,,,,,,,,,2,,,,,,,,,,,,,sub_engine_3,,,ship_radar_1,,ship_sonar_1,ship_old_sub_snorkel_1,,ship_torpedo_sub_1,ship_ENG_light_battery_1,,,,,ship_mine_layer_sub_2,
germany_navy,U-Boot Class IIB,ship_hull_submarine_1,GER_HISTORICAL_SS,0,GER_Howaldtswerke_Deutsche_Werft,,,,,,,1,,,,,,,,1,,2,,,,,,,,,,,,,sub_engine_3,,,ship_radar_2,,ship_sonar_2,ship_sub_snorkel_1,,ship_torpedo_sub_1,ship_old_anti_air_3,,,,,ship_torpedo_sub_1,
germany_navy,U-Boot Class IIC,ship_hull_submarine_1,GER_HISTORICAL_SS,0,GER_Howaldtswerke_Deutsche_Werft,,,,,,,1,1,,,,,,,2,,2,,,,,,,,,,,,,sub_engine_3,,,ship_radar_2,,ship_sonar_2,ship_old_sub_snorkel_1,,ship_torpedo_sub_1,ship_old_anti_air_3,,,,,ship_torpedo_sub_1,
germany_navy,U-Boot Class IID,ship_hull_submarine_1,GER_HISTORICAL_SS,0,GER_Howaldtswerke_Deutsche_Werft,,,,,,,1,2,,,,,,,4,,3,,,,,,,,,,,,,sub_engine_3,,,ship_radar_2,,ship_sonar_2,ship_old_sub_snorkel_1,,ship_torpedo_sub_1,ship_old_anti_air_3,,,,,ship_torpedo_sub_1,
germany_navy,U-Boot Class VIIA,ship_hull_submarine_2,GER_HISTORICAL_SS,0,GER_Howaldtswerke_Deutsche_Werft,,,,,,,2,3,,,,,,,5,,3,,,,,,,,,,,,,sub_engine_3,,,ship_radar_2,,ship_sonar_2,ship_old_sub_snorkel_1,,ship_torpedo_sub_2,ship_dp_old_light_battery_1,,ship_old_anti_air_3,,,ship_torpedo_sub_1,
germany_navy,U-Boot Class VIIB,ship_hull_submarine_2,GER_HISTORICAL_SS,0,GER_Howaldtswerke_Deutsche_Werft,,,,,,,3,4,,,,,,,7,,4,,,,,,,,,,,,,sub_engine_3,,,ship_radar_2,,ship_sonar_2,ship_old_sub_snorkel_1,,ship_torpedo_sub_2,ship_dp_old_light_battery_1,,ship_old_anti_air_3,,,ship_torpedo_sub_2,
germany_navy,U-Boot Class VIIC,ship_hull_submarine_2,GER_HISTORICAL_SS,0,GER_Howaldtswerke_Deutsche_Werft,,,,,,,3,5,,,,,,,7,,4,,,,,,,,,,,,,sub_engine_3,,,ship_radar_2,,ship_sonar_2,ship_old_sub_snorkel_1,,ship_torpedo_sub_2,ship_dp_old_light_battery_1,,ship_old_anti_air_3,,,ship_torpedo_sub_2,
germany_navy,U-Boot Class U-Flak,ship_hull_submarine_2,GER_HISTORICAL_SS,0,GER_Howaldtswerke_Deutsche_Werft,,,,,,,3,5,,,,,,,7,,4,,,,,,,,,,,,,sub_engine_3,,,ship_radar_2,,ship_sonar_2,ship_old_sub_snorkel_1,,ship_torpedo_sub_2,ship_dp_old_light_battery_1,,ship_old_anti_air_3,,,ship_old_anti_air_4A,
germany_navy,U-Boot Class VIIC/41,ship_hull_submarine_2,GER_HISTORICAL_SS,0,GER_Howaldtswerke_Deutsche_Werft,,,,,,,4,6,,,,,,,7,,5,,,,,,,,,,,,,sub_engine_3,,,ship_radar_2,,ship_sonar_2,ship_old_sub_snorkel_1,,ship_torpedo_sub_2,ship_dp_old_light_battery_1,,ship_old_anti_air_3,,,ship_torpedo_sub_2,
germany_navy,U-Boot Class VIIC/42,ship_hull_submarine_2,GER_HISTORICAL_SS,0,GER_Howaldtswerke_Deutsche_Werft,,,,,,,5,6,,,,,,,7,,5,,,,,,,,,,,,,sub_engine_3,,,ship_radar_2,,ship_sonar_2,ship_old_sub_snorkel_1,,ship_torpedo_sub_2,ship_dp_old_light_battery_1,,ship_old_anti_air_3,,,ship_torpedo_sub_2,
germany_navy,U-Boot Class VIID,ship_hull_submarine_2,GER_HISTORICAL_SS,0,GER_Howaldtswerke_Deutsche_Werft,,,,,,,3,5,,,,,,,8,,4,,,,,,,,,,,,,sub_engine_3,,,ship_radar_2,,ship_sonar_2,ship_old_sub_snorkel_2,,ship_torpedo_sub_3,ship_dp_old_light_battery_1,,ship_old_anti_air_3,,,ship_mine_layer_sub_2,
germany_navy,U-Boot Class XVIIB,ship_hull_submarine_2,GER_HISTORICAL_SS,0,GER_Howaldtswerke_Deutsche_Werft,,,,,,,3,5,,,,,,,3,,6,,,,,,,,,,,,,sub_engine_5,,,ship_radar_2,,ship_sonar_2,ship_old_sub_snorkel_2,,ship_torpedo_sub_2,ship_dp_old_light_battery_1,,ship_old_anti_air_3,,,empty,
germany_navy,U-Boot Class XXI,ship_hull_submarine_2,GER_HISTORICAL_SS,0,GER_Howaldtswerke_Deutsche_Werft,,,,,,,3,5,,,,,,,8,,4,,,,,,,,,,,,,sub_engine_3,,,ship_radar_2,,ship_sonar_3,ship_sub_snorkel_1,,ship_torpedo_sub_3,ship_extra_fuel_tank,,ship_old_anti_air_3,,,ship_torpedo_sub_2,
germany_navy,U-Boot Class XXV,ship_hull_submarine_3,GER_HISTORICAL_SS,0,GER_Howaldtswerke_Deutsche_Werft,,,,,,,5,5,,,,,,,10,,6,,,,,,,,,,,,,sub_engine_3,,,ship_radar_2,,ship_sonar_3,ship_sub_snorkel_1,,ship_torpedo_sub_3,ship_extra_fuel_tank_3,,ship_old_anti_air_3,,,ship_torpedo_sub_2,
germany_navy,U-Boot Class XXIII,ship_hull_miget_sub,GER_HISTORICAL_SS,0,GER_Howaldtswerke_Deutsche_Werft,,,,,,,5,5,,,,,,,5,,10,,,,,,,,,,,,,sub_engine_3,,,ship_radar_3,,,ship_sub_snorkel_1,,ship_torpedo_sub_1,ship_extra_fuel_tank_3,,ship_anti_air_1,,,,
germany_navy,U-Boot Class IXA,ship_hull_cruiser_submarine,GER_HISTORICAL_SS,0,GER_Howaldtswerke_Deutsche_Werft,,,,,,,3,5,,,,,,,8,,4,,,,,,,,,,,,,sub_engine_3,,,ship_radar_2,,ship_sonar_2,ship_old_sub_snorkel_1,,ship_torpedo_sub_3,ship_ENG_light_battery_1,,ship_old_anti_air_3,ship_anti_air_1,ship_old_anti_air_4A,ship_mine_layer_sub_2,
germany_navy,U-Boot Class IXB,ship_hull_cruiser_submarine,GER_HISTORICAL_SS,0,GER_Howaldtswerke_Deutsche_Werft,,,,,,,3,5,,,,,,,10,,4,,,,,,,,,,,,,sub_engine_3,,,ship_radar_2,,ship_sonar_2,ship_old_sub_snorkel_1,,ship_torpedo_sub_3,ship_ENG_light_battery_1,,ship_old_anti_air_3,ship_anti_air_1,ship_old_anti_air_4A,ship_mine_layer_sub_2,
germany_navy,U-Boot Class IXC,ship_hull_cruiser_submarine,GER_HISTORICAL_SS,0,GER_Howaldtswerke_Deutsche_Werft,,,,,,,4,5,,,,,,,11,,4,,,,,,,,,,,,,sub_engine_3,,,ship_radar_2,,ship_sonar_2,ship_old_sub_snorkel_1,,ship_torpedo_sub_3,ship_ENG_light_battery_1,,ship_old_anti_air_3,ship_anti_air_1,ship_old_anti_air_4A,ship_mine_layer_sub_2,
germany_navy,U-Boot Class IXC/40,ship_hull_cruiser_submarine,GER_HISTORICAL_SS,0,GER_Howaldtswerke_Deutsche_Werft,,,,,,,5,5,,,,,,,10,,4,,,,,,,,,,,,,sub_engine_3,,,ship_radar_2,,ship_sonar_2,ship_old_sub_snorkel_1,,ship_torpedo_sub_3,ship_ENG_light_battery_1,,ship_old_anti_air_3,ship_anti_air_1,ship_old_anti_air_4A,ship_mine_layer_sub_2,
germany_navy,U-Boot Class IXD,ship_hull_cruiser_submarine,GER_HISTORICAL_SS,0,GER_Howaldtswerke_Deutsche_Werft,,,,,,,5,5,,,,,,,8,,4,,,,,,,,,,,,,sub_engine_3,,,ship_radar_2,,ship_sonar_2,ship_old_sub_snorkel_1,,ship_torpedo_sub_3,ship_ENG_light_battery_1,,ship_extra_fuel_tank_2,ship_extra_fuel_tank_2,ship_old_anti_air_4A,ship_mine_layer_sub_2,
germany_navy,U-Boot Class IXD/1,ship_hull_cruiser_submarine,GER_HISTORICAL_SS,0,GER_Howaldtswerke_Deutsche_Werft,,,,,,,5,5,,,,,,,10,,4,,,,,,,,,,,,,sub_engine_3,,,ship_radar_2,,ship_sonar_2,ship_old_sub_snorkel_1,,ship_torpedo_sub_3,ship_ENG_light_battery_1,,ship_extra_fuel_tank_2,ship_extra_fuel_tank_2,ship_old_anti_air_4A,ship_mine_layer_sub_2,
germany_navy,U-Boot Class IXD/2,ship_hull_cruiser_submarine,GER_HISTORICAL_SS,0,GER_Howaldtswerke_Deutsche_Werft,,,,,,,5,5,,,,,,,10,,5,,,,,,,,,,,,,sub_engine_3,,,ship_radar_2,,ship_sonar_2,ship_old_sub_snorkel_2,,ship_torpedo_sub_3,ship_ENG_light_battery_1,,ship_extra_fuel_tank_2,ship_extra_fuel_tank_2,ship_old_anti_air_4A,ship_mine_layer_sub_2,
germany_navy,U-Boot Class IXD/42,ship_hull_cruiser_submarine,GER_HISTORICAL_SS,0,GER_Howaldtswerke_Deutsche_Werft,,,,,,,5,5,,,,,,,10,,6,,,,,,,,,,,,,sub_engine_3,,,ship_radar_2,,ship_sonar_2,ship_old_sub_snorkel_2,,ship_torpedo_sub_3,ship_ENG_light_battery_1,,ship_extra_fuel_tank_2,ship_extra_fuel_tank_2,ship_old_anti_air_4A,ship_mine_layer_sub_2,
india_navy,Vikrant Class,ship_hull_carrier_1,,0,,yes,,,,,,,,,,,,,,,,,,,,,,,ship_anti_air_2,,,flush_deck,ship_anti_air_1,,SM_engine_2,,,ship_radar_2,empty,,,,,empty,,empty,,,,
india_navy,Delhi Class,ship_hull_cruiser_1,,0,,yes,,,,,,,,,,,,,,,,,,,,,,,ship_anti_air_2,sm_armor_3,ship_light_battery_2,,,,SM_engine_2,ship_fire_control_system_0,,ship_radar_1,,,,,,,,ship_anti_air_2,empty,,empty,
india_navy,Rajput Class,ship_hull_light_1,,0,,yes,,,,,,,,,,,,,,,,,,,,,,,ship_anti_air_2,,ship_light_battery_1,,,,SM_engine_2,ship_sonar_1,,ship_radar_1,,,,,ship_torpedo_1,,,ship_anti_air_1,,,ship_torpedo_1,
india_navy,Imphal Class,ship_hull_light_2,,0,,yes,,,,,,,,,,,,,,,,,,,,,,,ship_anti_air_2,,ship_light_battery_3,,,,SM_engine_2,ship_sonar_3,,ship_radar_3,,,,,ship_torpedo_2,,,ship_torpedo_2,,,ship_torpedo_2,
india_navy,Kadmatt Class,ship_hull_frigate_1,,0,,yes,,,,,,,,,,,,,,,,,,,,,,,ship_anti_air_1,,ship_light_battery_1,,,,SM_engine_2,ship_fire_control_system_1,,ship_light_1,,,,ship_depth_charge_1,,,,,,,,
india_navy,Sahyadri Class,ship_hull_frigate_2,,0,,yes,,,,,,,,,,,,,,,,,,,,,,,ship_anti_air_1,,ship_light_battery_1,,,,SM_engine_2,,,ship_radar_1,,,,ship_depth_charge_1,,,,,,,,
india_navy,Kashmir Class,ship_hull_frigate_2,,0,,yes,,,,,,,,,,,,,,,,,,,,,,,ship_anti_air_3,,ship_light_battery_3,,,,SM_engine_2,,,ship_radar_3,,,,ship_torpedo_2,,,,,,,,
india_navy,Vagsheer Class,ship_hull_submarine_2,,0,,yes,,,,,,,,,,,,,,,,,,,,,,,,,,,,,sub_engine_3,,,,,,,,ship_torpedo_sub_1,ship_torpedo_sub_1,,empty,,,empty,
indonesia_navy,Great Pleiades Class,ship_hull_cruiser_coastal_defense_ship_2,INS_HISTORICAL_BB,0,,,,,,,,,7,,,,,,7,10,,,,,,,,,ship_dp_Bofors_battery_2x8,sm_armor_3,ship_JAP_heavy_battery,,,,SM_engine_6,ship_fire_control_system_3,,ship_radar_3,ship_old_secondaries_2,,,,,ship_ITA_light_medium_battery,,dp_GER_light_batteryx4,ship_JAP_light_medium_battery,,ship_JAP_heavy_battery,
indonesia_navy,Abdul Kadir Class,ship_hull_cruiser_carrier_5,INS_HISTORICAL_CL,,,,,,,,,,4,,0,,,,6,8,,,,,,,,,ship_dp_Bofors_battery_2x8,sm_armor_2,ship_JAP_light_medium_battery_2,,,,SM_engine_4,ship_fire_control_system_4,,ship_radar_4,ship_dp_Bofors_battery_2x8,,,,,ship_JAP_light_medium_battery_2,,ship_dp_Bofors_battery_2x8,ship_dp_Bofors_battery_2x8,,ship_deck_space_C_2,ship_depth_charge_3
indonesia_navy,Diponegoro Class,ship_hull_cruiser_1,INS_HISTORICAL_CA,0,,,,,,,,,5,,,,,,8,4,,,,,,,,,ship_dp_Bofors_battery_2x8,sm_armor_2,ship_medium_battery_1,,,,SM_engine_2,ship_fire_control_system_2,,ship_radar_2,dp_GER_light_batteryx4,,,,,ship_dp_Bofors_battery_2x8,,ship_torpedo_2,ship_airplane_launcher_1,ship_medium_battery_1,ship_medium_battery_1,
indonesia_navy,Musi Class,ship_hull_cruiser_1,INS_HISTORICAL_CL,0,,,,4,,,,,,,,,,,5,3,,,,,,,,,ship_dp_Bofors_battery_1x8,sm_armor_0,ship_JAP_light_medium_battery_1,,,,SM_engine_2,ship_fire_control_system_2,,ship_radar_2,ship_dp_Bofors_battery_1x8,,,,,ship_JAP_light_medium_battery_1,,ship_torpedo_2,dp_GER_light_batteryx4,ship_torpedo_2,ship_JAP_light_medium_battery_1,
indonesia_navy,Pattimura Class,ship_hull_cruiser_2,INS_HISTORICAL_CL,,,,,,,,,,2,,,,,,5,5,,,,,,,,,ship_old_light_battery_3x4,sm_armor_1,ship_old_light_medium_battery_3,,,,SM_engine_3,ship_fire_control_system_4,,ship_radar_4,ship_dp_old_light_battery_3x4,,,,,ship_old_light_medium_battery_3,,ship_JAP_torpedo,ship_short_torpedo_1,ship_short_torpedo_1,ship_old_light_medium_battery_3,
indonesia_navy,Gadjah Mada Class,ship_hull_light_0,INS_HISTORICAL_DD,0,,,,,,,,,,,,,,6,,15,,,,,,,,,ship_old_anti_air_2,,ship_old_light_battery_2,,,,SM_engine_4,ship_fire_control_system_2,,ship_sonar_2,,,,,ship_mine_layer_3,ship_old_light_battery_2,,ship_old_anti_air_2,ship_depth_charge_projection_device_2,ship_mine_layer_3,ship_mine_layer_3,
indonesia_navy,Hasanuddin Class,ship_hull_light_1,INS_HISTORICAL_DD,0,,,,,,,,,,,,,,5,,14,,,,,,,,,ship_old_anti_air_2Ax8,,dp_GER_light_battery,,,,SM_engine_2,ship_fire_control_system_2,,ship_radar_3,,,,,ship_torpedo_2,dp_GER_light_battery,,ship_torpedo_2,ship_torpedo_2,ship_depth_charge_projection_device_2,dp_GER_light_battery,
indonesia_navy,Sawoenggaling Class,ship_hull_light_0,INS_HISTORICAL_DD,0,,,,,,,,,,,,,,6,,14,,,,,,,,,ship_old_anti_air_2Ax8,,dp_GER_light_battery,,,,SM_engine_4,ship_fire_control_system_2,,ship_radar_1,,,,,ship_depth_charge_2,,,,,,dp_GER_light_battery,
indonesia_navy,Asahan Class,ship_hull_frigate_2,IND_HISTORICAL_DD,,,,,,,7,5,,,,,8,,,,10,,,,,,,,,ship_old_anti_air_2A,,dp_GER_light_battery,,,,SM_engine_2,ship_fire_control_system_2,,ship_sonar_3,,,,ship_mine_sweeper_2,,ship_depth_charge_projection_device_2,,ship_depth_charge_projection_device_2,,,,
indonesia_navy,Samadikun Class,ship_hull_frigate_1,INS_HISTORICAL_DD,0,,,,,,,,,,,,10,,,,20,,,,,,,,,ship_old_anti_air_2A,,ship_dp_old_light_battery_2,,,,SM_engine_2,ship_fire_control_system_2,,ship_sonar_2,,,,ship_mine_sweeper_1,,ship_depth_charge_projection_device_3,,ship_depth_charge_projection_device_3,,,,
indonesia_navy,Falcon Class,ship_hull_frigate_1,INS_HISTORICAL_DD,0,,,,,,,,,,,,10,,,,8,,,,,,,,,ship_old_anti_air_2A,,ship_dp_old_light_battery_2,,,,SM_engine_2,,,ship_sonar_2,,,,ship_torpedo_2,,ship_depth_charge_projection_device_1,,,,,,
ireland_navy,Flower Class,ship_hull_frigate_1,,,,,GFX_Flower,,,,,,,,,3,,,,3,,,,,,,,,ship_dp_Bofors_battery_1,,ship_ENG_light_battery_2,,,,SM_engine_2,ship_fire_control_system_3,,ship_radar_3,,,,ship_anti_submarine_rocket_1,,,,,,,,
japan_navy,Yaeyama Class,ship_hull_cruiser_4,JAP_MINELAYERS_HISTORICAL,,,,,,,,,,4,,,,,,6,8,,,,,,,,,ship_dp_Bofors_battery_3x8,sm_armor_1,ship_JAP_light_medium_battery,,,,SM_engine_4,ship_sonar_4,,ship_radar_4,ship_mine_layer_rocket_2,,,,,ship_anti_submarine_battery_1,,ship_mine_layer_rocket_2,ship_mine_layer_rocket_2,,ship_mine_layer_rocket_2,ship_anti_submarine_battery_1
japan_navy,Nagato Class,ship_hull_heavy_1,JAP_HISTORICAL_BB,0,,,GFX_Nagato,,,,,,2,,,,4,,,6,,,,,,,,,ship_dp_Bofors_battery_3x8,sm_armor_3,ship_old_heavy_battery_2,,,,SM_engine_3,ship_fire_control_system_4,,ship_radar_4,dp_GER_light_batteryx4,,,,,ship_old_heavy_battery_2,,dp_GER_light_batteryx4,ship_old_heavy_battery_2,ship_dp_Bofors_battery_3x8,ship_old_heavy_battery_2,
japan_navy,Yamato Class,ship_hull_super_heavy_1,JAP_HISTORICAL_BB,0,,yes,,,,,,,7,,,,6,,,8,,,,,,,,,ship_dp_old_light_battery_3x4,sm_armor_4,ship_super_heavy_battery_1,,,,SM_engine_6,ship_fire_control_system_4,,ship_radar_4,ship_dp_old_light_battery_3x4,,,,,ship_super_heavy_battery_1,ship_JAP_light_medium_battery_4,ship_old_anti_air_2A,ship_anti_air_rocket_2,ship_JAP_light_medium_battery_4,ship_super_heavy_battery_1,helicopter_deck_space_1
japan_navy,Shinano Class,ship_hull_super_heavy_1,JAP_HISTORICAL_BB,0,,yes,,,,,,,7,,,,6,,,8,,,,,,,,,ship_dp_Bofors_battery_3x8,sm_armor_4,ship_super_heavy_battery_1,,,,SM_engine_6,ship_fire_control_system_4,,ship_radar_4,dp_GER_light_batteryx4,,,,,ship_super_heavy_battery_1,ship_JAP_light_medium_battery_4,ship_dp_Bofors_battery_3x8,ship_anti_air_rocket_2,ship_JAP_light_medium_battery_4,ship_super_heavy_battery_1,helicopter_deck_space_1
japan_navy,Kumotori Class,ship_hull_heavy_2,JAP_MOUNTAIN,0,,,,,,,,,6,,,,3,,,7,,,,,,,,,ship_dp_Bofors_battery_2x8,sm_armor_2,ship_old_heavy_battery_2,,,,SM_engine_4,ship_fire_control_system_4,,ship_radar_4,dp_GER_light_batteryx4,,,,,ship_old_heavy_battery_2,,ship_dp_Bofors_battery_3x8,ship_dp_Bofors_battery_3x8,ship_dp_Bofors_battery_3x8,ship_old_heavy_battery_2,
japan_navy,Chichibu Class,ship_hull_heavy_2,JAP_MOUNTAIN,0,,,,,,,,,6,,,,4,,,7,,,,,,,,,ship_dp_Bofors_battery_2x8,sm_armor_2,ship_heavy_battery_2,,,,SM_engine_4,ship_fire_control_system_4,,ship_radar_4,dp_GER_light_batteryx4,,,,,ship_heavy_battery_2,,dp_GER_light_batteryx4,ship_dp_Bofors_battery_3x8,ship_dp_Bofors_battery_3x8,ship_heavy_battery_2,
japan_navy,Masyuu Class,ship_hull_CB,JAP_LAKES,0,,,,,,,,,20,,,,,,6,15,,,,,,,,,ship_dp_Bofors_battery_2x8,sm_armor_2,ship_JAP_light_medium_battery_4,,,,SM_engine_6,ship_fire_control_system_4,,ship_radar_4,dp_GER_light_batteryx4,,,,,ship_JAP_light_medium_battery_4,,ship_JAP_light_medium_battery_4,ship_anti_air_rocket_2,dp_GER_light_batteryx4,ship_JAP_light_medium_battery_4,ship_anti_air_2
japan_navy,Kasado Class,ship_hull_cruiser_4,JAP_DE_HISTORICAL,,,,,,,,,,4,,,,,,3,8,,,,,,,,,ship_dp_Bofors_battery_2x8,sm_armor_1,ship_JAP_light_medium_battery,,,,SM_engine_4,ship_sonar_3,,ship_radar_4,ship_mine_layer_rocket_2,,,,,ship_JAP_light_medium_battery,,ship_mine_layer_rocket_2,ship_mine_layer_rocket_2,,ship_depth_charge_4,ship_depth_charge_4
japan_navy,Atsuta Class,ship_hull_cruiser_4,JAP_TV,,,,,,,,,,4,,,,,,4,6,,,,,,,,,ship_dp_Bofors_battery_2x8,sm_armor_1,ship_JAP_light_medium_battery,,,,SM_engine_4,ship_fire_control_system_4,,ship_radar_4,dp_GER_light_battery,,,,,ship_JAP_light_medium_battery,,ship_JAP_light_medium_battery_4,ship_jet_airplane_launcher_1,ship_jet_airplane_launcher_1,ship_JAP_light_medium_battery,ship_depth_charge_3
japan_navy,Akagi Class,ship_hull_carrier_conversion_bb,JAP_HISTORICAL_CV,,,,,,,,,,5,7,4,,,,,8,,,,,,,,,ship_dp_Bofors_battery_2x8,sm_armor_3,,oil_catapult,angled_deck,,SM_engine_3,,,ship_radar_4,ship_dp_light_batteryx4,,,,,ship_dp_Bofors_battery_2x8,,ship_dp_light_batteryx4,dp_GER_light_batteryx4,,,
japan_navy,Kaga Class,ship_hull_carrier_conversion_bb,JAP_HISTORICAL_CV,,,,,,,,,,6,7,5,,,,,8,,,,,,,,,ship_dp_Bofors_battery_2x8,sm_armor_2,,oil_catapult,angled_deck,,SM_engine_3,,,ship_radar_4,ship_old_secondaries_3,,,,,ship_dp_Bofors_battery_2x8,,ship_dp_Bofors_battery_2x8,dp_GER_light_batteryx4,,,
japan_navy,Taihou Class,ship_hull_carrier_3,JAP_HISTORICAL_CV,,,,,,,,,,10,7,5,,,,,10,,,,,,,,,,sm_armor_3,,oil_catapult,ship_armor_carrier_deck_2,ship_armor_carrier_deck_2,SM_engine_3,ship_fire_control_system_4,ship_sonar_4,ship_radar_4,,,,,,ship_dp_Bofors_battery_2x8,,ship_dp_light_batteryx4,dp_GER_light_batteryx4,,,
japan_navy,Houou Class,ship_hull_carrier_3,JAP_HISTORICAL_CV,,,,,,,,,,5,5,5,,,,,10,,,,,,,,,,sm_armor_4,,oil_catapult,ship_armor_carrier_deck_2,ship_armor_carrier_deck_2,SM_engine_6,ship_fire_control_system_4,ship_sonar_4,ship_radar_4,,,,,,ship_dp_Bofors_battery_1x8,,ship_dp_light_batteryx4,dp_GER_light_batteryx4,,,
japan_navy,Tosa Class,ship_hull_carrier_conversion_shbb,JAP_HISTORICAL_BB,,,,,,,,,,11,,5,,3,,,10,,,,,,,,,ship_sonar_4,sm_armor_4,,oil_catapult,angled_deck,,SM_engine_6,,,ship_radar_4,ship_dp_Bofors_battery_3x8,,,,,ship_JAP_light_medium_battery_3,,dp_GER_light_batteryx4,ship_JAP_light_medium_battery_3,,,
japan_navy,Syokaku Class,ship_hull_carrier_1,JAP_HISTORICAL_CV,,,,,,,,,,5,7,5,,,,,9,,,,,,,,,ship_sonar_4,sm_armor_3,,flush_deck,ship_armor_carrier_deck,,SM_engine_4,,,ship_radar_3,dp_ship_old_secondaries_3,,,,,ship_dp_Bofors_battery_3x8,,ship_dp_Bofors_battery_3x8,,,,
japan_navy,Kurama Class,ship_hull_carrier_2,JAP_MOUNTAIN,,,,,,,,,,5,5,5,,,,,5,,,,,,,,,dp_GER_light_batteryx4,sm_armor_3,,flush_deck,angled_deck,,SM_engine_6,,,ship_radar_4,ship_dp_old_light_battery_3,,,,,ship_old_anti_air_2Ax8,,ship_old_anti_air_2Ax8,ship_old_anti_air_2Ax8,,,
japan_navy,Ryujyo Class,ship_hull_light_carrier_2,JAP_HISTORICAL_CVL,,,,,,,,,,2,4,3,,,,,5,,,,,,,,,ship_dp_Bofors_battery_1x8,sm_armor_2,,oil_catapult,ship_dp_Bofors_battery_1x8,,SM_engine_6,ship_fire_control_system_4,,ship_radar_4,ship_dp_Bofors_battery_1x8,,,,,ship_dp_Bofors_battery_1x8,,ship_dp_Bofors_battery_1x8,ship_dp_Bofors_battery_1x8,,,
japan_navy,Takao Class,ship_hull_cruiser_2,JAP_MOUNTAIN,,,,,,,,,,3,,,,,,5,5,,,,,,,,,ship_dp_Bofors_battery_3x8,sm_armor_2,ship_medium_battery_1,,,,SM_engine_3,ship_fire_control_system_4,,ship_radar_4,ship_dp_old_light_battery_3x4,,,,,ship_medium_battery_1,,ship_medium_battery_1,ship_medium_battery_1,,ship_medium_battery_1,
japan_navy,Mogami Class,ship_hull_cruiser_2,JAP_RIVER,,,,,,,,,,4,,,,,,5,5,,,,,,,,,ship_old_light_battery_3x4,sm_armor_2,ship_JAP_light_medium_battery_4,,,,SM_engine_3,ship_fire_control_system_4,,ship_radar_4,ship_dp_old_light_battery_3x4,,,,,ship_JAP_light_medium_battery_4,,ship_JAP_light_medium_battery_4,ship_JAP_light_medium_battery_4,ship_dp_Bofors_battery_3x8,ship_JAP_light_medium_battery_4,
japan_navy,Tone Class,ship_hull_cruiser_carrier_5,JAP_RIVER,,,,,,,,,,4,,2,,,,6,8,,,,,,,,,ship_dp_old_light_battery_3x4,sm_armor_2,ship_medium_battery_1,,,,SM_engine_4,ship_fire_control_system_4,,ship_radar_4,ship_dp_Bofors_battery_2x8,,,,,ship_medium_battery_1,,ship_medium_battery_1,ship_medium_battery_1,,ship_deck_space_C_2,
japan_navy,Ibuki Class,ship_hull_cruiser_3,JAP_MOUNTAIN,,,,,,,,,,5,,,,,,5,6,,,,,,,,,ship_dp_Bofors_battery_3x8,sm_armor_2,ship_medium_battery_1,,,,SM_engine_6,ship_fire_control_system_4,,ship_radar_4,ship_old_light_battery_3x4,,,,,ship_medium_battery_1,,ship_medium_battery_1,ship_old_light_battery_3x4,ship_dp_Bofors_battery_3x8,ship_medium_battery_1,ship_medium_battery_1
japan_navy,Daisetsu Class,ship_hull_cruiser_4,JAP_MOUNTAIN,,,,,,,,,,5,,,,,,5,10,,,,,,,,,ship_dp_Bofors_battery_3x8,sm_armor_2,ship_medium_battery_1,,,,SM_engine_6,ship_fire_control_system_4,,ship_radar_4,ship_old_light_battery_3x4,,,,,ship_medium_battery_1,,ship_old_light_battery_3x4,ship_old_light_battery_3x4,ship_old_light_battery_3x4,ship_medium_battery_1,ship_medium_battery_1
japan_navy,Jyounen Class,ship_hull_cruiser_4,JAP_MOUNTAIN,,,,,,,,,,6,,,,,,7,7,,,,,,,,,ship_dp_Bofors_battery_3x8,sm_armor_3,ship_USA_medium_battery_2,,,,SM_engine_6,ship_fire_control_system_4,,ship_radar_4,ship_dp_light_batteryx4,,,,,ship_USA_medium_battery_2,,ship_dp_Bofors_battery_3x8,ship_dp_Bofors_battery_3x8,ship_old_light_battery_3x4,ship_USA_medium_battery_2,ship_USA_medium_battery_2
japan_navy,Takatsuma Class,ship_hull_cruiser_4,JAP_MOUNTAIN,,,,,,,,,,4,,,,,,6,10,,,,,,,,,ship_dp_light_batteryx4,sm_armor_3,ship_USA_medium_battery_2,,,,SM_engine_6,ship_fire_control_system_4,,ship_radar_4,ship_dp_light_batteryx4,,,,,ship_USA_medium_battery_2,,ship_dp_light_batteryx4,ship_USA_medium_battery_2,ship_dp_light_batteryx4,ship_USA_medium_battery_2,ship_USA_medium_battery_2
japan_navy,Agano Class,ship_hull_cruiser_2,JAP_RIVER,,,,,,,,,,2,,,,,,5,5,,,,,,,,,ship_old_light_battery_3x4,sm_armor_1,ship_old_light_medium_battery_3,,,,SM_engine_3,ship_fire_control_system_4,,ship_radar_4,ship_dp_old_light_battery_3x4,,,,,ship_old_light_medium_battery_3,,ship_JAP_torpedo,ship_short_torpedo_1,ship_short_torpedo_1,ship_old_light_medium_battery_3,
japan_navy,Oyodo Class,ship_hull_cruiser_3,JAP_RIVER,,,,,,,,,,3,,,,,,5,6,,,,,,,,,ship_dp_Bofors_battery_3x8,sm_armor_2,ship_JAP_light_medium_battery_4,,,,SM_engine_6,ship_sonar_4,,ship_radar_4,dp_GER_light_batteryx4,,,,,ship_JAP_light_medium_battery_4,,dp_GER_light_batteryx4,ship_airplane_launcher_2,,ship_depth_charge_3,
japan_navy,Tenryu Class,ship_hull_cruiser_4,JAP_RIVER,,,,,,,,,,3,,,,,,3,10,,,,,,,,,ship_anti_air_1x8,sm_armor_2,ship_JAP_light_medium_battery_3,,,,SM_engine_6,ship_sonar_4,,ship_radar_4,dp_ship_secondaries,,,,,ship_JAP_light_medium_battery_3,,ship_JAP_torpedo,ship_short_torpedo_1,ship_short_torpedo_1,ship_JAP_light_medium_battery_3,ship_JAP_light_medium_battery_3
japan_navy,Koise Class,ship_hull_cruiser_4,JAP_RIVER,,,,,,,,,,5,,,,,,4,10,,,,,,,,,ship_anti_air_1x8,sm_armor_2,ship_FRA_light_medium_battery,,,,SM_engine_6,ship_fire_control_system_4,,ship_radar_4,dp_GER_light_batteryx4,,,,,ship_FRA_light_medium_battery,,ship_FRA_light_medium_battery,ship_short_torpedo_1,ship_JAP_torpedo,ship_FRA_light_medium_battery,ship_FRA_light_medium_battery
japan_navy,Yoneshiro Class,ship_hull_cruiser_4,JAP_RIVER,,,,,,,,,,2,,,,,,7,6,,,,,,,,,ship_anti_air_1x8,sm_armor_2,ship_JAP_light_medium_battery_4,,,,SM_engine_6,ship_fire_control_system_4,,ship_radar_4,dp_GER_light_batteryx4,,,,,ship_JAP_light_medium_battery_4,,ship_JAP_light_medium_battery_4,ship_JAP_light_medium_battery_4,ship_short_torpedo_1,ship_JAP_light_medium_battery_4,ship_JAP_light_medium_battery_4
japan_navy,Tsurumi Class,ship_hull_torpedo_cruiser_2,JAP_RIVER,,,,,,,,,,7,,,,,,5,15,,,,,,,,,ship_anti_air_1x8,sm_armor_1,ship_FRA_light_medium_battery,,,,SM_engine_6,ship_fire_control_system_4,,ship_radar_4,dp_GER_light_batteryx4,,,,,ship_FRA_light_medium_battery,,ship_JAP_torpedo,ship_JAP_torpedo,ship_JAP_torpedo,ship_airplane_launcher_2,ship_FRA_light_medium_battery
japan_navy,Amatsuki Class,ship_hull_cruiser_4,JAP_RIVER,,,,,,,,,,5,,,,,,4,10,,,,,,,,,ship_anti_air_1x8,sm_armor_1,ship_JAP_light_medium_battery,,,,SM_engine_6,ship_fire_control_system_4,,ship_radar_4,dp_GER_light_batteryx4,,,,,ship_JAP_light_medium_battery,,ship_JAP_light_medium_battery,ship_depth_charge_projection_device_4,ship_depth_charge_projection_device_4,ship_jet_airplane_launcher_1,ship_JAP_light_medium_battery
japan_navy,Nagara Class,ship_hull_cruiser_4,JAP_RIVER,,,,,,,,,,5,,,,,,3,10,,,,,,,,,ship_anti_air_1x8,sm_armor_2,ship_JAP_light_medium_battery,,,,SM_engine_6,ship_fire_control_system_4,,ship_radar_4,dp_ship_secondaries,,,,,ship_JAP_light_medium_battery,,ship_JAP_light_medium_battery,dp_ship_secondaries,ship_depth_charge_projection_device_4,ship_jet_airplane_launcher_1,ship_JAP_light_medium_battery
japan_navy,Kuji Class,ship_hull_cruiser_4,JAP_RIVER,,,,,,,,,,5,,,,,,5,10,,,,,,,,,ship_anti_air_1x8,sm_armor_2,ship_JAP_light_medium_battery,,,,SM_engine_6,ship_fire_control_system_4,,ship_radar_4,dp_ship_secondaries,,,,,ship_JAP_light_medium_battery,,ship_JAP_light_medium_battery,dp_ship_secondaries,ship_depth_charge_projection_device_4,ship_jet_airplane_launcher_1,ship_JAP_light_medium_battery
japan_navy,Suzuka Class,ship_hull_cruiser_4,JAP_RIVER,,,,,,,,,,6,,,,,,8,6,,,,,,,,,ship_anti_air_1x8,sm_armor_2,ship_JAP_light_medium_battery,,,,SM_engine_6,ship_fire_control_system_4,,ship_radar_4,dp_GER_light_batteryx4,,,,,ship_JAP_light_medium_battery,,ship_JAP_torpedo,ship_JAP_torpedo,ship_JAP_torpedo,ship_jet_airplane_launcher_1,ship_JAP_light_medium_battery
japan_navy,Yura Class,ship_hull_cruiser_4,JAP_RIVER,,,,,,,,,,6,,,,,,4,8,,,,,,,,,ship_anti_air_1x8,sm_armor_3,ship_JAP_light_medium_battery_4,,,,SM_engine_6,ship_fire_control_system_4,,ship_radar_4,dp_GER_light_batteryx4,,,,,ship_JAP_light_medium_battery_4,,ship_anti_submarine_battery_1,ship_short_torpedo_1,ship_anti_submarine_battery_1,ship_JAP_light_medium_battery_4,ship_JAP_light_medium_battery_4
japan_navy,Katori Class,ship_hull_cruiser_2,JAP_RIVER,,,,,,,,,,2,,,,,,5,5,,,,,,,,,ship_anti_air_1x8,sm_armor_1,ship_JAP_light_medium_battery_2,,,,SM_engine_4,ship_fire_control_system_4,,ship_radar_4,ship_dp_old_light_battery_3x4,,,,,ship_JAP_light_medium_battery_2,,ship_anti_air_rocket_2,ship_short_torpedo_1,ship_airplane_launcher_2,ship_airplane_launcher_2,
japan_navy,Akitsushima Class,ship_hull_cruiser_carrier_5,JAP_HISTORICAL_CC,,,,,,,,,,4,,0,,,,6,8,,,,,,,,,ship_dp_Bofors_battery_2x8,sm_armor_2,ship_JAP_light_medium_battery_2,,,,SM_engine_4,ship_fire_control_system_4,,ship_radar_4,ship_dp_Bofors_battery_2x8,,,,,ship_JAP_light_medium_battery_2,,ship_dp_Bofors_battery_2x8,ship_dp_Bofors_battery_2x8,,ship_deck_space_C_2,
japan_navy,Hayasui Class,ship_hull_cruiser_carrier_5,JAP_HISTORICAL_CC,,,,,,,,,,4,,0,,,,6,10,,,,,,,,,ship_dp_Bofors_battery_2x8,sm_armor_2,ship_JAP_light_medium_battery_2,,,,SM_engine_4,ship_fire_control_system_4,,ship_radar_4,ship_dp_Bofors_battery_2x8,,,,,ship_JAP_light_medium_battery_2,,ship_dp_Bofors_battery_2x8,ship_dp_Bofors_battery_2x8,,ship_deck_space_C_2,ship_deck_space_C_2
japan_navy,Nissin Class,ship_hull_cruiser_carrier_5,JAP_HISTORICAL_CC,,,,,,,,,,4,,2,,,,6,8,,,,,,,,,ship_dp_Bofors_battery_2x8,sm_armor_2,ship_JAP_light_medium_battery_2,,,,SM_engine_4,ship_fire_control_system_4,,ship_radar_4,ship_dp_Bofors_battery_2x8,,,,,ship_JAP_light_medium_battery_2,,ship_JAP_light_medium_battery_2,ship_dp_Bofors_battery_2x8,,ship_deck_space_C,ship_deck_space_C
japan_navy,Syunkou Class,ship_hull_cruiser_carrier_6,JAP_HISTORICAL_CC,,,,,,,,,,6,,6,,,,7,8,,,,,,,,,ship_dp_Bofors_battery_2x8,sm_armor_2,ship_JAP_light_medium_battery_2,,,,SM_engine_4,ship_fire_control_system_4,,ship_radar_4,ship_dp_Bofors_battery_2x8,,,,,ship_JAP_light_medium_battery_2,,ship_JAP_light_medium_battery_2,ship_dp_Bofors_battery_2x8,,ship_deck_space_C_2,ship_deck_space_C_2
japan_navy,Okinoshima Class,ship_hull_cruiser_2,JAP_MINELAYERS_HISTORICAL,,,,,,,,,,4,,,,,,5,8,,,,,,,,,ship_old_light_battery_3x4,sm_armor_1,ship_JAP_light_medium_battery_2,,,,SM_engine_3,ship_sonar_4,,ship_radar_4,ship_anti_air_2x8,,,,,ship_JAP_light_medium_battery_2,,ship_mine_sweeper_4,ship_mine_layer_4,ship_mine_layer_4,ship_depth_charge_4,
japan_navy,Reimei Class,ship_hull_cruiser_carrier_6,JAP_HISTORICAL_CC,,,,,,,,,,4,,3,,,,7,8,,,,,,,,,ship_dp_old_light_battery_3x4,sm_armor_2,ship_JAP_light_medium_battery_3,,,,SM_engine_4,ship_fire_control_system_4,,ship_radar_4,ship_dp_Bofors_battery_2x8,,,,,ship_JAP_light_medium_battery_3,,ship_JAP_light_medium_battery_3,ship_short_torpedo_1,,ship_deck_space_C_2,ship_deck_space_C_2
japan_navy,Kagerou Class,ship_hull_light_3,JAP_HISTORICAL_DD,,,,,,,,,,2,,,,,5,,5,,,,,,,,,ship_anti_air_1x8,,dp_GER_light_battery,,,,SM_engine_2,ship_sonar_4,,ship_radar_4,,,,,ship_short_torpedo_1,dp_GER_light_battery,ship_anti_air_1,ship_JAP_torpedo,ship_JAP_torpedo,ship_depth_charge_projection_device_1,dp_GER_light_battery,ship_depth_charge_2
japan_navy,Asashio Class,ship_hull_light_2,JAP_HISTORICAL_DD,,,,,,,,,,2,,,,,5,,5,,,,,,,,,ship_anti_air_1x8,,dp_GER_light_battery,,,,SM_engine_2,ship_sonar_3,,ship_radar_3,,,,,ship_depth_charge_projection_device_2,dp_GER_light_battery,,dp_GER_light_battery,ship_JAP_torpedo,ship_JAP_torpedo,ship_dp_Bofors_battery_2x8,
japan_navy,Shimakaze Class,ship_hull_light_3,JAP_WEATHER,,,,,,,,,,1,,,,,10,,15,,,,,,,,,ship_old_anti_air_2Ax8,,ship_JAP_light_battery_RR,,,,SM_engine_3,ship_sonar_4,,ship_radar_4,,,,,ship_JAP_torpedo,ship_JAP_light_battery_RR,ship_anti_submarine_battery_1,ship_anti_submarine_battery_1,ship_mine_sweeper_2,ship_short_torpedo_1,ship_depth_charge_projection_device_4,ship_depth_charge_projection_device_4
japan_navy,Yugumo Class,ship_hull_light_3,JAP_HISTORICAL_DD,,,,,,,,,,2,,,,,6,,6,,,,,,,,,ship_old_anti_air_2Ax8,,ship_JAP_light_battery_2,,,,SM_engine_3,ship_sonar_4,,ship_radar_4,,,,,ship_JAP_torpedo,ship_JAP_light_battery_2,ship_JAP_light_battery_2,ship_JAP_torpedo,ship_mine_sweeper_2,ship_JAP_torpedo,ship_depth_charge_4,ship_old_anti_air_1A
japan_navy,Akishimo Class,ship_hull_light_3,JAP_HISTORICAL_DD,,,,,,,,,,4,,,,,8,,6,,,,,,,,,ship_dp_Bofors_battery_1x8,,ship_JAP_light_battery_2,,,,SM_engine_3,ship_sonar_4,,ship_radar_4,,,,,ship_JAP_torpedo,ship_JAP_light_battery_2,ship_JAP_light_battery_2,ship_JAP_torpedo,ship_dp_Bofors_battery_1,ship_dp_Bofors_battery_1,ship_depth_charge_4,ship_mine_sweeper_2
japan_navy,Akizuki Class,ship_hull_light_3,JAP_HISTORICAL_DD,,,,,,,,,,0,,,,,4,,6,,,,,,,,,ship_old_anti_air_2Ax8,,dp_GER_light_battery,,,,SM_engine_3,ship_sonar_4,,ship_radar_4,,,,,ship_JAP_torpedo,dp_GER_light_battery,ship_old_anti_air_2A,dp_GER_light_battery,ship_old_anti_air_2A,ship_JAP_torpedo,dp_GER_light_battery,ship_depth_charge_3
japan_navy,Huyutsuki Class,ship_hull_light_3,JAP_HISTORICAL_DD,,,,,,,,,,3,,,,,7,,6,,,,,,,,,ship_old_anti_air_2Ax8,,dp_GER_light_battery,,,,SM_engine_3,ship_sonar_4,,ship_radar_4,,,,,ship_JAP_torpedo,dp_GER_light_battery,ship_old_anti_air_2A,dp_GER_light_battery,ship_old_anti_air_2A,ship_JAP_torpedo,dp_GER_light_battery,ship_depth_charge_3
japan_navy,Hubuki Class,ship_hull_light_3,JAP_HISTORICAL_DD,,,,,,,,,,4,,,,,8,,8,,,,,,,,,ship_dp_Bofors_battery_1x8,,dp_GER_light_battery,,,,SM_engine_6,ship_sonar_4,,ship_radar_4,,,,,ship_JAP_torpedo,dp_GER_light_battery,ship_old_anti_air_2A,ship_JAP_torpedo,ship_dp_Bofors_battery_1,ship_dp_Bofors_battery_1,ship_depth_charge_4,ship_depth_charge_3
japan_navy,Harekaze Class,ship_hull_light_3,JAP_HISTORICAL_DD,,,,,,,,,,4,,,,,8,,8,,,,,,,,,ship_dp_Bofors_battery_1x8,,ship_light_battery_1,,,,SM_engine_6,ship_sonar_4,,ship_radar_4,,,,,ship_JAP_torpedo,ship_light_battery_1,ship_light_battery_1,ship_JAP_torpedo,ship_dp_Bofors_battery_1,ship_dp_Bofors_battery_1,ship_depth_charge_4,ship_depth_charge_3
japan_navy,Hiiragi Class,ship_hull_light_3,JAP_PLANTS,,,,,,,,,,5,,,,,8,,8,,,,,,,,,ship_dp_Bofors_battery_1x8,,ship_light_battery_1,,,,SM_engine_6,ship_sonar_4,,ship_radar_4,,,,,ship_JAP_torpedo,ship_light_battery_1,ship_light_battery_1,ship_depth_charge_projection_device_4,ship_short_torpedo_1,ship_dp_Bofors_battery_1,ship_depth_charge_4,ship_depth_charge_4
japan_navy,Matsu Class,ship_hull_light_2,JAP_PLANTS,,,,,,,,,,0,,,,,6,,4,,,,,,,,,ship_old_anti_air_2Ax8,,ship_dp_old_light_battery_2,,,,SM_engine_3,ship_sonar_4,,ship_radar_4,,,,,ship_JAP_torpedo,ship_dp_old_light_battery_3,,ship_mine_sweeper_1,ship_depth_charge_projection_device_4,ship_old_anti_air_3A,ship_depth_charge_4,
japan_navy,Tachibana Class,ship_hull_light_2,JAP_PLANTS,,,,,,,,,,2,,,,,7,,6,,,,,,,,,ship_old_anti_air_2Ax8,,ship_dp_old_light_battery_2,,,,SM_engine_3,ship_sonar_4,,ship_radar_4,,,,,ship_JAP_torpedo,ship_dp_old_light_battery_3,,ship_mine_sweeper_1,ship_depth_charge_projection_device_4,ship_old_anti_air_3A,ship_depth_charge_4,
japan_navy,Tsuyu Class,ship_hull_light_3,JAP_HISTORICAL_DD,,,,,,,,,,4,,,,,6,,10,,,,,,,,,ship_dp_Bofors_battery_1x8,,dp_GER_light_battery,,,,SM_engine_6,ship_sonar_4,,ship_radar_4,,,,,ship_short_torpedo_1,dp_GER_light_battery,dp_GER_light_battery,ship_mine_layer_4,ship_mine_sweeper_4,ship_mine_sweeper_4,ship_depth_charge_4,ship_depth_charge_4
japan_navy,Kochi Class,ship_hull_light_3,JAP_HISTORICAL_DD,,,,,,,,,,2,,,,,5,,10,,,,,,,,,ship_dp_Bofors_battery_1x8,,ship_dp_light_battery,,,,SM_engine_6,ship_sonar_4,,ship_radar_4,,,,,ship_short_torpedo_1,ship_dp_light_battery,ship_dp_light_battery,ship_JAP_torpedo,ship_dp_Bofors_battery_1,ship_short_torpedo_1,ship_depth_charge_projection_device_2,ship_depth_charge_3
japan_navy,Natsukaze Class,ship_hull_light_3,JAP_HISTORICAL_DD,,,,,,,,,,5,,,,,8,,10,,,,,,,,,ship_dp_Bofors_battery_2x8,,ship_dp_light_battery,,,,SM_engine_6,ship_sonar_4,,ship_radar_4,,,,,ship_short_torpedo_1,ship_dp_light_battery,ship_dp_light_battery,ship_depth_charge_projection_device_3,ship_dp_Bofors_battery_1,ship_short_torpedo_1,ship_depth_charge_4,ship_mine_sweeper_4
japan_navy,Kiyokaze Class,ship_hull_light_3,JAP_WEATHER,,,,,,,,,,5,,,,,7,,8,,,,,,,,,ship_dp_Bofors_battery_3x8,,dp_GER_light_battery,,,,SM_engine_6,ship_sonar_4,,ship_radar_4,,,,,ship_JAP_torpedo,dp_GER_light_battery,ship_dp_Bofors_battery_3,ship_depth_charge_projection_device_3,dp_GER_light_battery,ship_mine_layer_3,ship_depth_charge_4,ship_mine_sweeper_4
japan_navy,Mutsuki Class,ship_hull_light_3,JAP_HISTORICAL_DD,,,,,,,,,,6,,,,,7,,8,,,,,,,,,ship_dp_Bofors_battery_3x8,,dp_GER_light_battery,,,,SM_engine_6,ship_sonar_4,,ship_radar_4,,,,,ship_JAP_torpedo,dp_GER_light_battery,ship_dp_Bofors_battery_3,ship_depth_charge_projection_device_4,dp_GER_light_battery,ship_JAP_torpedo,ship_JAP_torpedo,ship_depth_charge_projection_device_4
japan_navy,Ariake Class,ship_hull_light_3,JAP_WEATHER,,,,,,,,,,4,,,,,10,,15,,,,,,,,,ship_dp_Bofors_battery_3x8,,ship_JAP_light_battery_RR,,,,SM_engine_3,ship_fire_control_system_4,,ship_radar_4,,,,,ship_JAP_torpedo,ship_JAP_light_battery_RR,ship_anti_submarine_battery_1,ship_anti_submarine_battery_1,ship_mine_sweeper_2,ship_short_torpedo_1,ship_depth_charge_projection_device_4,ship_depth_charge_projection_device_4
japan_navy,Hatsutaka Class,ship_hull_light_2,JAP_PLANTS,,,,,,,,,,6,,,,,4,,14,,,,,,,,,ship_dp_Bofors_battery_3,,ship_dp_Bofors_battery_3,,,,SM_engine_3,ship_sonar_4,,ship_radar_4,,,,,ship_depth_charge_projection_device_4,ship_old_anti_air_2,,ship_mine_sweeper_4,ship_mine_layer_2,ship_mine_layer_2,ship_mine_layer_2,
japan_navy,Sen ko II Class,ship_hull_miget_sub,JAP_HISTORICAL_MS,0,,,,,,,,,,,,,,,,10,,8,,,,,,,ship_dp_Bofors_battery_3,,,,,,sub_engine_4,,,ship_radar_2,,ship_sonar_2,ship_sub_snorkel_1,,ship_JAP_torpedo_sub,ship_extra_fuel_tank_3,,ship_extra_fuel_tank_3,,,,
japan_navy,Sen ko III Class,ship_hull_miget_sub,JAP_HISTORICAL_MS,0,,,,,,,,,3,,,,,,,10,,8,,,,,,,ship_dp_Bofors_battery_3,,,,,,sub_engine_4,,,ship_radar_3,,ship_sonar_4,ship_sub_snorkel_2,,ship_JAP_torpedo_sub,ship_extra_fuel_tank_3,,ship_extra_fuel_tank_3,,,,
japan_navy,Kai Tyu VIII Class,ship_hull_submarine_2,JAP_MHISTORICAL_SS,,,,,,,,,,2,,,,,,,5,,4,,,,,,,ship_dp_Bofors_battery_3,,,,,,sub_engine_4,,,ship_radar_4,,ship_sonar_4,ship_sub_snorkel_1,,ship_JAP_torpedo_sub,ship_dp_old_light_battery_1,,ship_old_anti_air_3,,,ship_JAP_torpedo_sub,
japan_navy,Kai Tyu IX Class,ship_hull_submarine_3,JAP_MHISTORICAL_SS,,,,,,,,,,2,,,,,,,7,,4,,,,,,,ship_dp_Bofors_battery_3,,,,,,sub_engine_4,,,ship_radar_4,,ship_sonar_4,ship_sub_snorkel_1,,ship_JAP_torpedo_sub,ship_dp_old_light_battery_1,,ship_old_anti_air_3,,,ship_JAP_torpedo_sub,
japan_navy,Sen Taka Oo Class,ship_hull_submarine_3,JAP_HISTORICAL_SS,,,,,,,,,,3,,,,,,,7,,8,,,,,,,ship_dp_Bofors_battery_3,,,,,,sub_engine_4,,,ship_radar_4,,ship_sonar_4,ship_sub_snorkel_1,,ship_JAP_torpedo_sub,ship_old_anti_air_3,,ship_JAP_torpedo_sub,,,ship_JAP_torpedo_sub,
japan_navy,Kai Dai VII Class,ship_hull_submarine_3,JAP_HISTORICAL_SS,,,,,,,,,5,5,,,,,,,8,,8,,,,,,,ship_dp_Bofors_battery_3,,,,,,sub_engine_3,,,ship_radar_4,,ship_sonar_4,ship_sub_snorkel_1,,ship_JAP_torpedo_sub,ship_old_light_battery_3,,ship_JAP_torpedo_sub,,,ship_JAP_torpedo_sub,
japan_navy,Kai Dai VIII Class,ship_hull_submarine_3,JAP_HISTORICAL_SS,,,,,,,,,6,6,,,,,,,8,,8,,,,,,,ship_dp_Bofors_battery_3,,,,,,sub_engine_4,,,ship_radar_4,,ship_sonar_4,ship_sub_snorkel_1,,ship_JAP_torpedo_sub,ship_dp_Bofors_battery_2,,ship_JAP_torpedo_sub,,,ship_JAP_torpedo_sub,
japan_navy,Kai Dai IX Class,ship_hull_submarine_3,JAP_HISTORICAL_SS,,,,,,,,,8,8,,,,,,,10,,8,,,,,,,ship_dp_Bofors_battery_3,,,,,,sub_engine_4,,,ship_radar_4,,ship_sonar_4,ship_sub_snorkel_1,,ship_JAP_torpedo_sub,ship_JAP_torpedo_sub,,ship_JAP_torpedo_sub,,,ship_JAP_torpedo_sub,
japan_navy,Jyun Sen Otsu Kai I Class,ship_hull_cruiser_submarine,JAP_HISTORICAL_SS,,,,,,,,,5,5,,,,,,,5,,6,,,,,,,ship_dp_Bofors_battery_3,,,,,,sub_engine_4,,,ship_radar_3,,ship_sonar_4,ship_sub_snorkel_1,,ship_JAP_torpedo_sub,ship_airplane_launcher_2,,ship_anti_air_1,,,ship_extra_fuel_tank_2,
japan_navy,Jyun Sen Otsu Kai II Class,ship_hull_cruiser_submarine,JAP_HISTORICAL_SS,,,,,,,,,6,6,,,,,,,8,,6,,,,,,,ship_dp_Bofors_battery_3,,,,,,sub_engine_4,,,ship_radar_3,,ship_sonar_4,ship_sub_snorkel_2,,ship_JAP_torpedo_sub,ship_airplane_launcher_2,,ship_anti_air_1,,,ship_extra_fuel_tank_2,
japan_navy,Jyun Sen Hei Class,ship_hull_cruiser_submarine,JAP_HISTORICAL_SS,,,,,,,,,5,4,,,,,,,10,,8,,,,,,,ship_dp_Bofors_battery_3,,,,,,sub_engine_4,,,ship_radar_3,,ship_sonar_4,ship_sub_snorkel_3,,ship_JAP_torpedo_sub,ship_airplane_launcher_2,,ship_anti_air_1,ship_extra_fuel_tank_3,ship_extra_fuel_tank_3,ship_JAP_torpedo_sub,
Reichskommissariat_Norwegen_navy,Oodinn Class,ship_hull_pre_dreadnought_0,,,,yes,,,,,,,3,,,,3,,,1,,,,,,,,,ship_old_anti_air_1A,sm_armor_3,ship_mid_battery_2,,,,SM_engine_2,ship_fire_control_system_0,,ship_light_1,ship_old_secondaries_1,,,,,dp_ship_secondaries_A,,ship_old_secondaries_1,,,ship_mid_battery_2,
Reichskommissariat_Norwegen_navy,Frey Class,ship_hull_pre_dreadnought_0,,,,yes,,,,,,,4,,,,7,,,3,,,,,,,,,ship_old_anti_air_4A,sm_armor_3,ship_mid_battery_3,,,,SM_engine_2,ship_fire_control_system_1,,ship_light_1,ship_old_secondaries_2,,,,,ship_old_anti_air_3,,ship_old_secondaries_2,,,ship_mid_battery_3,
Reichskommissariat_Norwegen_navy,Dellingr Class,ship_hull_cruiser_armored_cruiser,,,,yes,,,,,,,3,,,,,,4,1,,,,,,,,,dp_ship_old_secondaries_2,sm_armor_3,ship_mid_battery_4,,,,SM_engine_0,ship_fire_control_system_0,,ship_light_1,dp_ship_old_secondaries_2,,,,,ship_mid_battery_4,,ship_mid_battery_4,,,ship_mid_battery_4,ship_mid_battery_4
Reichskommissariat_Norwegen_navy,Tordenskjold Class,ship_hull_cruiser_coastal_defense_ship_1,,,,yes,,,,,,,3,,,,,,4,1,,,,,,,,,ship_old_anti_air_3,sm_armor_3,dp_FRA_light_battery,,,,SM_engine_1,ship_fire_control_system_0,,ship_light_1,empty,,,,,ship_dp_Bofors_battery_1,,dp_FRA_light_battery,ship_dp_Bofors_battery_1x8,,dp_FRA_light_battery,
Reichskommissariat_Norwegen_navy,Eidsvold Class,ship_hull_cruiser_coastal_defense_ship_1,,,,,,,,,,,3,,,,,,5,1,,,,,,,,,ship_old_secondaries_1,sm_armor_3,ship_mid_battery_4,,,,SM_engine_2,ship_fire_control_system_0,,ship_radar_1,ship_torpedo_uw_s,,,,,ship_oldest_light_battery,,ship_old_secondaries_1,ship_older_secondaries_1,,ship_mid_battery_4,
Reichskommissariat_Norwegen_navy,Glommen Class,ship_hull_frigate_1,,,,yes,,,,,,,,,,0,,,,5,,,,,,,,,ship_mine_layer_2,,ship_dp_old_light_battery_1,,,,SM_engine_1,,,ship_light_1,,,,,,ship_mine_layer_2,,,,,,
Reichskommissariat_Norwegen_navy,Brand Class,ship_hull_micro,,,,yes,,,,,,,,,,3,,,,0,,,,,,,,,ship_torpedo_1,,ship_oldest_light_battery,,,,SM_engine_1,,,ship_light_1,,,,,,ship_depth_charge_1,,,,,,
Reichskommissariat_Norwegen_navy,Gor Class,ship_hull_micro,,,,yes,,,,,,,,,,4,,,,0,,,,,,,,,ship_mine_sweeper_1,,ship_old_light_battery_1,,,,SM_engine_1,,,ship_light_1,,,,,,ship_dp_old_light_battery_1,,,,,,
Reichskommissariat_Norwegen_navy,Vale Class,ship_hull_micro,,,,yes,,,,,,,,,,2,,,,1,,,,,,,,,ship_mine_layer_2,,ship_old_light_battery_1,,,,SM_engine_1,,,ship_light_1,,,,,,ship_oldest_light_battery,,,,,,
Reichskommissariat_Norwegen_navy,Hela Class,ship_hull_cruiser_1,,,,,,,,,,,0,,,,,,4,3,,,,,,,,,ship_old_anti_air_4A,empty,ship_ENG_light_battery_2,,,,SM_engine_2,ship_sonar_1,,ship_radar_3,empty,,,,,ship_ENG_light_battery_2,,ship_old_anti_air_3,ship_old_anti_air_4A,,ship_ENG_light_battery_2,
Reichskommissariat_Norwegen_navy,Z1 Class,ship_hull_light_1,GER_HISTORICAL_DD,,,,,,,,,,,,,,,6,,2,,,,,,,,,ship_old_anti_air_4A,,ship_old_light_battery_2,,,,SM_engine_2,ship_fire_control_system_0,,ship_radar_2,,,,,ship_torpedo_2,,,ship_old_anti_air_3,,,ship_depth_charge_1,
Reichskommissariat_Norwegen_navy,Z5 Class,ship_hull_light_1,GER_HISTORICAL_DD,,,,,,,,,,,,,,,6,,3,,,,,,,,,ship_old_anti_air_4A,,ship_old_light_battery_2,,,,SM_engine_2,ship_fire_control_system_0,,ship_radar_3,,,,,ship_torpedo_2,,,ship_old_anti_air_3,,,ship_depth_charge_1,
Reichskommissariat_Norwegen_navy,Sleipner Class,ship_hull_light_1,NOR_HISTORICAL_DD,,,,,,,,,,,,,,,6,,3,,,,,,,,,ship_old_anti_air_2,,ship_ENG_light_battery_2,,,,SM_engine_2,ship_fire_control_system_1,,ship_radar_2,,,,,ship_torpedo_2,,,ship_dp_Bofors_battery_1,,,ship_depth_charge_1,
Reichskommissariat_Norwegen_navy,A Class,ship_hull_submarine_1,NOR_HISTORICAL_SS_A,,,,,,,,,,,,,,,,,,,1,,,,,,,,,,,,,sub_engine_1,,,empty,,ship_sonar_1,ship_sub_snorkel_1,,ship_torpedo_sub_1,ship_dp_old_light_battery_1,,,,,ship_torpedo_sub_1,
Reichskommissariat_Norwegen_navy,B Class,ship_hull_submarine_1,NOR_HISTORICAL_SS_A,,,,,,,,,,,,,,,,,,,2,,,,,,,,,,,,,sub_engine_1,,,empty,,ship_sonar_1,ship_sub_snorkel_1,,ship_torpedo_sub_1,ship_dp_old_light_battery_1,,,,,ship_torpedo_sub_1,
Reichskommissariat_Norwegen_navy,U-Flak Class,ship_hull_submarine_1,NOR_HISTORICAL_SS_C,,,,,,,,,,,,,,,,,,,2,,,,,,,,,,,,,sub_engine_3,,,ship_radar_2,,ship_sonar_2,ship_old_sub_snorkel_1,,ship_torpedo_sub_2,ship_dp_old_light_battery_1,,ship_old_anti_air_3,,,ship_old_anti_air_4A,
romania_navy,Marasti Class,ship_hull_light_0,ROM_HISTORICAL_DD,0,,,,,,,,,,,,,,2,,1,,,,,,,,,ship_old_anti_air_1,,ship_FRA_light_battery,,,,SM_engine_2,,,,,,,,ship_older_torpedo_1,,,,,,ship_mine_layer_1,
romania_navy,Regele Ferdinand Class,ship_hull_light_1,ROM_HISTORICAL_DD,0,,,,,,,,,,,,,,3,,2,,,,,,,,,ship_old_anti_air_1,,ship_old_light_battery_1,,,,SM_engine_2,ship_fire_control_system_0,,ship_light_1,,,,,ship_torpedo_1,,,ship_depth_charge_2,,,ship_mine_layer_2,
Libia_navy,Alberto di Giussano Class,ship_hull_cruiser_1,ITA_HISTORICAL_CL,0,,yes,,,,,,,0,,,,,,5,0,,,,,,,,,ship_old_anti_air_4A,sm_armor_0,ship_old_light_medium_battery_3,,,,SM_engine_2,ship_fire_control_system_1,,ship_light_1,ship_ENG_light_battery_3,,,,,ship_old_light_medium_battery_3,,ship_torpedo_2,ship_airplane_launcher_1,ship_old_light_medium_battery_3,ship_mine_layer_2,
Libia_navy,Eritrea Class,ship_hull_cruiser_1,ITA_HISTORICAL_CL,0,,yes,,,,,,,0,,,,,,1,5,,,,,,,,,ship_old_anti_air_2,sm_armor_0,ship_JAP_light_battery_1,,,,SM_engine_4,ship_fire_control_system_1,,ship_radar_1,empty,,,,,,,ship_old_anti_air_1A,ship_old_anti_air_1A,,ship_JAP_light_battery_1,
Libia_navy,Giuseppe Sirtori Class,ship_hull_light_1_old,ITA_HISTORICAL_DD,,,yes,,,,,,,,,,,,4,,3,,,,,,,,,ship_old_anti_air_4A,,ship_ENG_light_battery_1,,,,SM_engine_2,ship_fire_control_system_0,,ship_light_1,,,,,ship_torpedo_1,ship_ENG_light_battery_1,,ship_ENG_light_battery_1,ship_ENG_light_battery_1,ship_old_anti_air_4A,ship_ENG_light_battery_1,
Libia_navy,Freccia Class,ship_hull_light_1,ITA_HISTORICAL_DD,,,yes,,,,,,,0,,,,,4,,4,,,,,,,,,ship_dp_Bofors_battery_1,,ship_old_light_battery_1,,,,SM_engine_2,ship_sonar_2,,ship_radar_2,,,,,ship_torpedo_2,ship_dp_Bofors_battery_1,,ship_old_light_battery_1,,,ship_depth_charge_projection_device_2,
Libia_navy,Climene Class,ship_hull_large_frigate,ITA_HISTORICAL_DD,,,yes,,,,,,,0,,,,,4,,4,,,,,,,,,ship_dp_Bofors_battery_2,,ship_dp_Bofors_battery_2,,,,SM_engine_2,ship_sonar_2,,ship_radar_2,,,,,ship_torpedo_2,,,ship_depth_charge_projection_device_2,ship_torpedo_2,ship_depth_charge_projection_device_2,,
Libia_navy,Perseo Class,ship_hull_large_frigate,ITA_HISTORICAL_DD,,,yes,,,,,,,0,,,,,4,,4,,,,,,,,,ship_dp_Bofors_battery_2,,ship_ENG_light_battery_3,,,,SM_engine_2,ship_sonar_2,,ship_radar_2,,,,,ship_torpedo_2,,,ship_depth_charge_projection_device_2,ship_torpedo_2,ship_depth_charge_projection_device_2,,
Libia_navy,Alcione Class,ship_hull_large_frigate,ITA_HISTORICAL_DD,,,yes,,,,,,,0,,,,,4,,4,,,,,,,,,ship_dp_Bofors_battery_2,,ship_ENG_light_battery_3,,,,SM_engine_2,ship_sonar_2,,ship_radar_2,,,,,ship_dp_Bofors_battery_2,,,ship_depth_charge_projection_device_2,ship_dp_Bofors_battery_2,ship_depth_charge_projection_device_2,,
Albania_navy,Faà di Bruno Class,ship_hull_monitor,ITA_HISTORICAL_BB,,,yes,,,,,,,7,,,,,,0,5,,,,,,,,,dp_ITA_light_battery_2,sm_armor_3,ship_ITA_heavy_battery,,,,SM_engine_1,ship_fire_control_system_1,,ship_light_2,,,,,,,,dp_ITA_light_battery_2,,,,
Albania_navy,Taranto Class,ship_hull_cruiser_0,ITA_HISTORICAL_CL,,,yes,,,,,,,1,,,,,,4,2,,,,,,,,,ship_old_anti_air_3x8,sm_armor_1,ship_ENG_light_battery_1,,,,SM_engine_2,ship_fire_control_system_1,,ship_light_2,ship_old_anti_air_2,,,,,ship_GER_light_batteryx4,,ship_torpedo_2,ship_GER_light_batteryx4,,ship_mine_layer_2,
Albania_navy,Ancona Class,ship_hull_cruiser_0,ITA_HISTORICAL_CL,,,yes,,,,,,,1,,,,,,4,2,,,,,,,,,ship_old_anti_air_2,sm_armor_1,ship_ENG_light_battery_1,,,,SM_engine_2,ship_fire_control_system_1,,ship_light_2,ship_old_anti_air_3x8,,,,,ship_ENG_light_battery_1,,ship_ENG_light_battery_1,ship_ENG_light_battery_1,,ship_mine_layer_3,
Albania_navy,Bari Class,ship_hull_cruiser_defenced_cruiser,ITA_HISTORICAL_CL,,,yes,,,,,,,5,,,,,,4,3,,,,,,,,,ship_old_anti_air_3,sm_armor_1,ship_ENG_light_battery_2,,,,SM_engine_2,ship_fire_control_system_0,,ship_light_1,ship_torpedo_1,,,,,ship_GER_light_batteryx4,,ship_GER_light_batteryx4,,,ship_ENG_light_battery_2,
Albania_navy,Palestro Class,ship_hull_light_0_old,ITA_HISTORICAL_DD,,,yes,,,,,,,,,,,,4,,3,,,,,,,,,ship_old_anti_air_1,,ship_ENG_light_battery_1,,,,SM_engine_2,ship_fire_control_system_0,,ship_light_1,,,,,ship_torpedo_1,ship_ENG_light_battery_1,,ship_ENG_light_battery_1,ship_mine_layer_1,dp_ITA_light_battery_2,ship_ENG_light_battery_1,
Albania_navy,Spica Class,ship_hull_large_frigate,ITA_HISTORICAL_DD,,,yes,,,,,,,0,,,,,4,,4,,,,,,,,,ship_dp_Bofors_battery_2,,ship_ENG_light_battery_1,,,,SM_engine_2,ship_sonar_2,,ship_radar_2,,,,,ship_torpedo_2,,,ship_depth_charge_projection_device_2,ship_dp_Bofors_battery_2,ship_depth_charge_projection_device_2,,
Albania_navy,Gabbiano Class,ship_hull_frigate_1,ITA_HISTORICAL_DD,,,,,,,0,0,,,,,4,,,,3,,,,,,,,,ship_old_anti_air_3,,ship_ENG_light_battery_1,,,,SM_engine_2,,,ship_sonar_3,,,,ship_torpedo_1,,ship_old_anti_air_3,,ship_depth_charge_projection_device_2,,,,
Albania_navy,Goffredo Mameli Class,ship_hull_submarine_1,ITA_HISTORICAL_SS,1,,yes,,,,,,,,,,,,,,,,1,,,,,,,,,,,,,sub_engine_3,,,ship_radar_1,,ship_sonar_1,ship_sub_snorkel_1,,ship_torpedo_sub_1,ship_ENG_light_battery_1,,ship_anti_air_1,,,ship_torpedo_sub_1,
Albania_navy,Vettor Pisani Class,ship_hull_submarine_1,ITA_HISTORICAL_SS,1,,yes,,,,,,,1,,,,,,,1,,1,,,,,,,,,,,,,sub_engine_3,,,ship_radar_1,,ship_sonar_1,ship_sub_snorkel_1,,ship_torpedo_sub_1,ship_ENG_light_battery_1,,ship_anti_air_1,,,ship_torpedo_sub_1,
Albania_navy,Sirena Class,ship_hull_submarine_2,ITA_HISTORICAL_SS,1,,yes,,,,,,,1,,,,,,,1,,1,,,,,,,,,,,,,sub_engine_3,,,ship_radar_1,,ship_sonar_1,ship_sub_snorkel_1,,ship_torpedo_sub_2,ship_ENG_light_battery_2,,ship_anti_air_1,,,ship_torpedo_sub_1,
Albania_navy,Luigi Settembrini Class,ship_hull_submarine_2,ITA_HISTORICAL_SS,1,,yes,,,1,,,,1,,,,,,,1,,,,,,,,,,,,,,,sub_engine_3,,,ship_radar_1,,ship_sonar_1,ship_sub_snorkel_1,,ship_torpedo_sub_1,ship_ENG_light_battery_2,,ship_anti_air_1,,,ship_torpedo_sub_1,
Albania_navy,Pietro Micca Class,ship_hull_submarine_2,ITA_HISTORICAL_SS,1,,yes,,,,,,,2,,,,,,,2,,3,,,,,,,,,,,,,sub_engine_3,,,ship_radar_1,,ship_sonar_1,ship_sub_snorkel_1,,ship_torpedo_sub_1,ship_ENG_light_battery_2,,ship_mine_layer_sub_2,,,ship_mine_layer_sub_2,
Albania_navy,Argonauta Class,ship_hull_miget_sub,ITA_HISTORICAL_SS,,,yes,,,,,,,4,,,,,,,4,,3,,,,,,,ship_ENG_light_battery_2,,,,,,sub_engine_3,,,,,,,,ship_torpedo_sub_2,ship_extra_fuel_tank,,ship_anti_air_1,,,,
Albania_navy,Ettore Fieramosca Class,ship_hull_cruiser_submarine,ITA_HISTORICAL_SS,,,,,,,,,,,,,,,,,5,,3,,,,,,,,,,,,,sub_engine_4,,,ship_radar_3,,ship_sonar_4,,,ship_torpedo_sub_2,ship_airplane_launcher_1,,ship_anti_air_1,,,ship_extra_fuel_tank_3,
Albania_navy,Pietro Calvi Class,ship_hull_cruiser_submarine,ITA_HISTORICAL_SS,,,,,,,,,,2,,,,,,,6,,3,,,,,,,,,,,,,sub_engine_4,,,ship_radar_3,,ship_sonar_4,,,ship_torpedo_sub_2,ship_airplane_launcher_1,,ship_anti_air_1,,,ship_torpedo_sub_2,
South_Africa_navy,Grimsby Class,ship_hull_frigate_1,SAF_HISTORICAL_DD,0,,,,,,,,,,,,2,,,,2,,,,,,,,,ship_dp_old_light_battery_1,,ship_ENG_light_battery_2,,,,SM_engine_2,,,ship_radar_2,,,,ship_depth_charge_1,,,,,,,,
South_Africa_navy,Flower Class,ship_hull_frigate_1,ENG_HISTORICAL_DD,,,yes,,,,,,,,,,3,,,,3,,,,,,,,,ship_dp_Bofors_battery_1,,ship_ENG_light_battery_2,,,,SM_engine_2,ship_fire_control_system_3,,ship_radar_3,,,,ship_anti_submarine_rocket_1,,,,,,,,
South_Africa_navy,M15 Class,ship_hull_monitor,SAF_HISTORICAL_BB,0,,,,,,,,,5,,,,,,5,3,,,,,,,,,ship_dp_Bofors_battery_2,sm_armor_3,ship_ENG_mid_battery_2,,,,SM_engine_1,ship_fire_control_system_1,,ship_radar_3,,,,,,,,ship_mine_layer_2,,,,
South_Africa_navy,Artifex Class,ship_hull_cruiser_0_remodeling,SAF_HISTORICAL_CL,,,,,,,,,,1,,,,,,5,2,,,,,,,,,empty,sm_armor_ms_1,ship_old_light_medium_battery_1,,,,SM_engine_2,ship_sonar_3,,ship_radar_2,dp_ship_secondaries,,,,,,,ship_old_light_medium_battery_1,,,,
Manchukou_navy,Dingyan Class,ship_hull_super_heavy_1,MAN_HISTORICAL_BB,,,,,,,,,,10,,,,5,,,5,,,,,,,,,ship_dp_Bofors_battery_2x8,sm_armor_4,ship_older_heavy_battery_4,,,,SM_engine_3,ship_fire_control_system_3,,ship_radar_3,ship_JAP_light_medium_battery_4,,,,,ship_older_heavy_battery_4,ship_older_heavy_battery_4,ship_JAP_light_medium_battery_4,ship_JAP_light_battery_2x4,ship_older_heavy_battery_4,ship_older_heavy_battery_4,ship_airplane_launcher_2
Manchukou_navy,Hailon Class,ship_hull_carrier_1,MAN_HISTORICAL_CV,,,,,,,,,,3,6,4,,,,,6,,,,,,,,,ship_old_anti_air_2Ax8,sm_armor_3,,flush_deck,ship_dp_Bofors_battery_2x8,,SM_engine_2,,,ship_radar_3,dp_GER_light_batteryx4,,,,,ship_dp_light_batteryx4,,ship_old_anti_air_2Ax8,,,,
Manchukou_navy,Hairong Class,ship_hull_torpedo_cruiser_1,MAN_HISTORICAL_CL,,,,,,,,,,3,,,,,,6,5,,,,,,,,,ship_old_anti_air_2Ax8,sm_armor_1,dp_GER_light_battery,,,,SM_engine_2,ship_sonar_2,,ship_radar_2,dp_ship_secondaries_A,,,,,dp_GER_light_battery,,ship_old_anti_air_2Ax8,ship_old_anti_air_2Ax8,ship_JAP_torpedo,ship_JAP_torpedo,ship_depth_charge_3
Manchukou_navy,Haiwang Class,ship_hull_light_1,MAN_HISTORICAL_DD,,,,,,,,,,0,,,,,5,,4,,,,,,,,,ship_old_anti_air_4Ax8,,dp_GER_light_battery,,,,SM_engine_2,ship_sonar_2,,ship_radar_2,,,,,ship_JAP_torpedo,,,dp_GER_light_battery,ship_old_anti_air_2A,ship_depth_charge_projection_device_2,ship_depth_charge_2,
Manchukou_navy,Jinghai Class,ship_hull_light_1,MAN_HISTORICAL_DD,,,,,,,,,,1,,,,,5,,5,,,,,,,,,ship_dp_Bofors_battery_1x8,,dp_GER_light_battery,,,,SM_engine_2,ship_sonar_2,,ship_radar_2,,,,,ship_JAP_torpedo,,,dp_GER_light_battery,dp_GER_light_battery,ship_depth_charge_2,ship_depth_charge_2,
Manchukou_navy,Baihu Class,ship_hull_light_0,MAN_HISTORICAL_DD,,,,,,,,,,0,,,,,5,,3,,,,,,,,,ship_old_anti_air_2Ax8,,dp_GER_light_battery,,,,SM_engine_0,ship_fire_control_system_3,,ship_radar_2,,,,,ship_depth_charge_2,,,ship_old_anti_air_2A,ship_old_anti_air_2A,ship_depth_charge_2,dp_GER_light_battery,
Manchukou_navy,Shenfeng Class,ship_hull_light_1,MAN_HISTORICAL_DD,,,,,,,,,,2,,,,,6,,5,,,,,,,,,ship_old_anti_air_2Ax8,,dp_GER_light_battery,,,,SM_engine_2,ship_fire_control_system_3,,ship_radar_3,,,,,ship_torpedo_2,,,dp_GER_light_battery,ship_old_anti_air_2A,ship_depth_charge_projection_device_2,ship_depth_charge_projection_device_2,
Manchukou_navy,Muyue Class,ship_hull_light_1,MAN_HISTORICAL_DD,,,,,,,,,,2,,,,,6,,5,,,,,,,,,ship_old_anti_air_2Ax8,,dp_GER_light_battery,,,,SM_engine_2,ship_fire_control_system_3,,ship_radar_3,,,,,ship_torpedo_2,,,dp_GER_light_battery,ship_old_anti_air_2A,ship_depth_charge_projection_device_2,ship_depth_charge_projection_device_2,
Manchukou_navy,Eun Min Class,ship_hull_frigate_2,MAN_HISTORICAL_DD,,,,,,,5,5,,,,,10,,,,10,,,,,,,,,ship_old_anti_air_2A,,dp_GER_light_battery,,,,SM_engine_2,,,ship_sonar_3,,,,ship_mine_sweeper_2,,dp_GER_light_battery,,ship_depth_charge_projection_device_2,,,,
Manchukou_navy,Aiguo Wan Class,ship_hull_cruiser_0_remodeling,MAN_HISTORICAL_MC,,,,,,,,,,2,,,,,,5,5,,,,,,,,,dp_GER_light_battery,sm_armor_ms_1,dp_GER_light_battery,,,,SM_engine_2,ship_sonar_3,,ship_radar_2,ship_airplane_launcher_2,,,,,,,ship_torpedo_2,,,,
Manchukou_navy,Rong An Class,ship_hull_light_1,MAN_HISTORICAL_DD,,,,,,,,,,0,,,,,3,,5,,,,,,,,,dp_GER_light_battery,,dp_GER_light_battery,,,,SM_engine_2,ship_fire_control_system_1,,ship_radar_2,,,,,ship_mine_layer_3,,,ship_mine_layer_3,ship_mine_layer_3,ship_depth_charge_projection_device_2,ship_mine_layer_3,
Manchukou_navy,Xin Haida Class,ship_hull_submarine_3,MAN_HISTORICAL_SS,0,,,,,,,,,,,,,,,,8,,6,,,,,,,,,,,,,sub_engine_3,,,ship_radar_2,,ship_sonar_2,ship_old_sub_snorkel_2,,ship_JAP_torpedo_sub,ship_old_anti_air_2A,,ship_JAP_torpedo_sub,,,ship_JAP_torpedo_sub,
Manchukou_navy,Haida V Class,ship_hull_submarine_3,MAN_HISTORICAL_SS,0,,,,,,,,,,,,,,,,3,,5,,,,,,,,,,,,,sub_engine_3,,,ship_radar_2,,ship_sonar_2,ship_old_sub_snorkel_1,,ship_JAP_torpedo_sub,ship_old_anti_air_2A,,ship_JAP_torpedo_sub,,,ship_JAP_torpedo_sub,
Manchukou_navy,I IX Class,ship_hull_cruiser_submarine,MAN_HISTORICAL_SS,0,,,,,,,,,,,,,,,,3,,5,,,,,,,,,,,,,sub_engine_3,,,ship_radar_2,,ship_sonar_2,,,ship_JAP_torpedo_sub,ship_airplane_launcher_2,,ship_extra_fuel_tank_2,,,ship_JAP_torpedo_sub,
Suez_Canal_navy,Conte di Cavour Class,ship_hull_dreadnought,ITA_HISTORICAL_BC,,,yes,,,,,,,1,,,,5,,,0,,,,,,,,,ship_anti_air_2x8,sm_armor_3,ship_ITA_oldest_heavy_battery_2,,,,SM_engine_2,ship_fire_control_system_1,,ship_radar_1,ship_ENG_light_battery_2x4,,,,,ship_ITA_oldest_heavy_battery_1,,ship_old_light_battery_3x4,ship_ITA_oldest_heavy_battery_1,,ship_ITA_oldest_heavy_battery_2,
Suez_Canal_navy,Giuseppe Miraglia Class,ship_hull_cruiser_0_remodeling,ITA_HISTORICAL_CL,,,,,,,,,,3,,,,,,5,5,,,,,,,,,ship_airplane_launcher_2,sm_armor_ms_1,ship_old_anti_air_2A,,,,SM_engine_2,ship_sonar_3,,ship_radar_2,ship_airplane_launcher_2,,,,,,,ship_airplane_launcher_2,,,,
Suez_Canal_navy,Luigi Cadorna Class,ship_hull_cruiser_1,ITA_HISTORICAL_CL,0,,yes,,,,,,,0,,,,,,5,0,,,,,,,,,ship_old_anti_air_4A,sm_armor_0,ship_old_light_medium_battery_3,,,,SM_engine_2,ship_fire_control_system_1,,ship_light_1,ship_ENG_light_battery_3,,,,,ship_old_light_medium_battery_3,,ship_torpedo_2,ship_airplane_launcher_1,ship_old_light_medium_battery_3,ship_old_light_medium_battery_3,
Suez_Canal_navy,Alberto di Giussano Class,ship_hull_cruiser_1,ITA_HISTORICAL_CL,0,,yes,,,,,,,0,,,,,,6,0,,,,,,,,,ship_old_anti_air_4A,sm_armor_0,ship_old_light_medium_battery_3,,,,SM_engine_2,ship_fire_control_system_1,,ship_light_1,ship_ENG_light_battery_3,,,,,ship_old_light_medium_battery_3,,ship_torpedo_2,ship_airplane_launcher_1,ship_old_light_medium_battery_3,ship_mine_layer_2,
Suez_Canal_navy,Animoso Class,ship_hull_light_0,ITA_HISTORICAL_DD,0,,,,,,,,,,,,,,4,,5,,,,,,,,,ship_old_anti_air_2A,,ship_ENG_light_battery_1,,,,SM_engine_3,ship_fire_control_system_2,,ship_radar_1,,,,,ship_torpedo_1,,,ship_ENG_light_battery_1,ship_depth_charge_2,ship_depth_charge_2,ship_ENG_light_battery_1,
Suez_Canal_navy,Diana Class,ship_hull_cruiser_scout_cruiser,ITA_HISTORICAL_CL,,,yes,,,,,,,0,,,,,,4,1,,,,,,,,,ship_old_anti_air_3,sm_armor_0,ship_ENG_light_battery_1,,,,SM_engine_3,ship_fire_control_system_0,,ship_light_2,ship_old_anti_air_1,,,,,ship_ENG_light_battery_1,,ship_mine_layer_2,,,ship_mine_layer_1,
Suez_Canal_navy,Navigatori Class,ship_hull_light_1,ITA_HISTORICAL_DD,,,,,,,,,,2,,,,,5,,5,,,,,,,,,ship_old_anti_air_4A,,ship_ENG_light_battery_3,,,,SM_engine_2,ship_sonar_3,,ship_radar_3,,,,,ship_torpedo_2,ship_depth_charge_2,,ship_ENG_light_battery_3,ship_ENG_light_battery_3,,ship_mine_layer_2,
Suez_Canal_navy,Sella Class,ship_hull_light_1,ITA_HISTORICAL_DD,,,,,,,,,,0,,,,,3,,4,,,,,,,,,ship_old_anti_air_4A,,ship_JAP_light_battery_1,,,,SM_engine_2,ship_sonar_1,,ship_radar_2,,,,,ship_torpedo_2,ship_JAP_light_battery_1,,ship_anti_air_1,,,ship_depth_charge_2,
Suez_Canal_navy,Curtatone Class,ship_hull_large_frigate,ITA_HISTORICAL_DD,,,yes,,,,,,,0,,,,,4,,4,,,,,,,,,ship_dp_Bofors_battery_2,,ship_ENG_light_battery_2,,,,SM_engine_2,ship_sonar_2,,ship_radar_2,,,,,ship_torpedo_2,,,ship_ENG_light_battery_2,ship_ENG_light_battery_2,ship_ENG_light_battery_2,,
Suez_Canal_navy,Carlo Mirabello Class,ship_hull_light_0_old,ITA_HISTORICAL_DD,,,yes,,,,,,,,,,,,4,,3,,,,,,,,,dp_ship_old_secondaries_3,,ship_ENG_light_battery_2,,,,SM_engine_2,ship_fire_control_system_2,,ship_light_1,,,,,ship_torpedo_1,ship_ENG_light_battery_2,,ship_ENG_light_battery_2,ship_ENG_light_battery_2,ship_ENG_light_battery_2,ship_ENG_light_battery_2,
Suez_Canal_navy,Rosolino Pilo Class,ship_hull_light_0_old,ITA_HISTORICAL_DD,,,yes,,,,,,,,,,,,4,,3,,,,,,,,,ship_old_anti_air_4A,,ship_ENG_light_battery_2,,,,SM_engine_2,ship_fire_control_system_2,,ship_light_1,,,,,ship_torpedo_2,ship_ENG_light_battery_2,,ship_ENG_light_battery_2,ship_ENG_light_battery_2,ship_ENG_light_battery_2,ship_old_anti_air_4A,
Suez_Canal_navy,Leone Class,ship_hull_light_1_old,ITA_HISTORICAL_DD,,,yes,,,,,,,,,,,,4,,3,,,,,,,,,ship_old_anti_air_4A,,ship_ENG_light_battery_3,,,,SM_engine_2,ship_fire_control_system_2,,ship_light_1,,,,,ship_torpedo_2,ship_anti_air_3,,ship_ENG_light_battery_3,ship_ENG_light_battery_3,ship_ENG_light_battery_3,ship_mine_layer_2,
Suez_Canal_navy,Ariete Class,ship_hull_large_frigate,ITA_HISTORICAL_DD,,,yes,,,,,,,3,,,,,4,,2,,,,,,,,,ship_dp_Bofors_battery_2,,ship_ENG_light_battery_1,,,,SM_engine_2,ship_sonar_2,,ship_radar_2,,,,,ship_torpedo_2,,,ship_ENG_light_battery_1,ship_dp_Bofors_battery_2,ship_depth_charge_projection_device_2,,
Italy_navy,Luigi Cadorna Class,ship_hull_cruiser_1,ITA_HISTORICAL_CL,0,,yes,,,,,,,0,,,,,,5,0,,,,,,,,,ship_old_anti_air_4A,sm_armor_0,ship_old_light_medium_battery_3,,,,SM_engine_2,ship_fire_control_system_1,,ship_light_1,ship_ENG_light_battery_3,,,,,ship_old_light_medium_battery_3,,ship_torpedo_2,ship_airplane_launcher_1,ship_old_light_medium_battery_3,ship_old_light_medium_battery_3,
Italy_navy,Alberto di Giussano Class,ship_hull_cruiser_1,ITA_HISTORICAL_CL,0,,yes,,,,,,,0,,,,,,5,0,,,,,,,,,ship_old_anti_air_4A,sm_armor_0,ship_old_light_medium_battery_3,,,,SM_engine_2,ship_fire_control_system_1,,ship_light_1,ship_ENG_light_battery_3,,,,,ship_old_light_medium_battery_3,,ship_torpedo_2,ship_airplane_launcher_1,ship_old_light_medium_battery_3,ship_mine_layer_2,
Italy_navy,Nazario Sauro Class,ship_hull_light_0,ITA_HISTORICAL_DD,0,,yes,,,,,,,,,,,,3,,,,,,,,,,,ship_old_anti_air_1A,,ship_JAP_light_battery_1,,,,SM_engine_2,ship_fire_control_system_0,,ship_light_1,,,,,ship_torpedo_2,ship_JAP_light_battery_1,,,,,ship_mine_layer_2,
Italy_navy,Soldati Class,ship_hull_light_1,ITA_HISTORICAL_DD,0,,yes,,,,,,,,,,,,3,,1,,,,,,,,,ship_old_anti_air_3,,ship_JAP_light_battery_1,,,,SM_engine_2,ship_fire_control_system_1,,ship_light_1,,,,,ship_torpedo_2,,,ship_JAP_light_battery_1,,,ship_depth_charge_2,
Italy_navy,Archimede Class,ship_hull_submarine_1,ITA_HISTORICAL_SS,0,,yes,,,,,,,,,,,,,,18,,0,,,,,,,,,,,,,sub_engine_3,,,,,,,,ship_torpedo_sub_2,ship_ENG_light_battery_1,,,,,ship_torpedo_sub_2,
Italy_navy,Brin Class,ship_hull_submarine_1,ITA_HISTORICAL_SS,0,,yes,,,,,,,,,,,,,,2,,4,,,,,,,ship_old_anti_air_1A,,,,,,sub_engine_3,,,,,,,,ship_torpedo_sub_2,ship_ENG_light_battery_1,,,,,ship_torpedo_sub_2,
Italy_navy,Adua Class,ship_hull_submarine_1,ITA_HISTORICAL_SS,0,,yes,,,,,,,,,,,,,,5,,1,,,,,,,ship_old_anti_air_1A,,,,,,sub_engine_3,,,,,,,,ship_torpedo_sub_2,ship_ENG_light_battery_1,,,,,ship_torpedo_sub_1,
Italy_navy,Perla Class,ship_hull_submarine_1,ITA_HISTORICAL_SS,0,,yes,,,,,,,,,,,,,,4,,1,,,,,,,ship_old_anti_air_1A,,,,,,sub_engine_3,,,,,,,,ship_torpedo_sub_2,ship_ENG_light_battery_1,,,,,ship_torpedo_sub_1,
Italy_navy,Eritrea Class,ship_hull_cruiser_1,ITA_HISTORICAL_CL,0,,yes,,,,,,,0,,,,,,1,5,,,,,,,,,ship_old_anti_air_2,sm_armor_0,ship_JAP_light_battery_1,,,,SM_engine_4,ship_fire_control_system_1,,ship_radar_1,empty,,,,,,,ship_old_anti_air_1A,ship_old_anti_air_1A,,ship_JAP_light_battery_1,
Italy_navy,Giuseppe Sirtori Class,ship_hull_light_1_old,ITA_HISTORICAL_DD,,,yes,,,,,,,,,,,,4,,3,,,,,,,,,ship_old_anti_air_4A,,ship_ENG_light_battery_1,,,,SM_engine_2,ship_fire_control_system_0,,ship_light_1,,,,,ship_torpedo_1,ship_ENG_light_battery_1,,ship_ENG_light_battery_1,ship_ENG_light_battery_1,ship_old_anti_air_4A,ship_ENG_light_battery_1,
Italy_navy,Freccia Class,ship_hull_light_1,ITA_HISTORICAL_DD,,,yes,,,,,,,0,,,,,4,,4,,,,,,,,,ship_dp_Bofors_battery_1,,ship_old_light_battery_1,,,,SM_engine_2,ship_sonar_2,,ship_radar_2,,,,,ship_torpedo_2,ship_dp_Bofors_battery_1,,ship_old_light_battery_1,,,ship_depth_charge_projection_device_2,
Italy_navy,Climene Class,ship_hull_large_frigate,ITA_HISTORICAL_DD,,,yes,,,,,,,0,,,,,4,,4,,,,,,,,,ship_dp_Bofors_battery_2,,ship_dp_Bofors_battery_2,,,,SM_engine_2,ship_sonar_2,,ship_radar_2,,,,,ship_torpedo_2,,,ship_depth_charge_projection_device_2,ship_torpedo_2,ship_depth_charge_projection_device_2,,
Italy_navy,Perseo Class,ship_hull_large_frigate,ITA_HISTORICAL_DD,,,yes,,,,,,,0,,,,,4,,4,,,,,,,,,ship_dp_Bofors_battery_2,,ship_ENG_light_battery_3,,,,SM_engine_2,ship_sonar_2,,ship_radar_2,,,,,ship_torpedo_2,,,ship_depth_charge_projection_device_2,ship_torpedo_2,ship_depth_charge_projection_device_2,,
Italy_navy,Alcione Class,ship_hull_large_frigate,ITA_HISTORICAL_DD,,,yes,,,,,,,0,,,,,4,,4,,,,,,,,,ship_dp_Bofors_battery_2,,ship_ENG_light_battery_3,,,,SM_engine_2,ship_sonar_2,,ship_radar_2,,,,,ship_dp_Bofors_battery_2,,,ship_depth_charge_projection_device_2,ship_dp_Bofors_battery_2,ship_depth_charge_projection_device_2,,
Italy_navy,Conte di Cavour Class,ship_hull_dreadnought,ITA_HISTORICAL_BC,,,yes,,,,,,,1,,,,5,,,0,,,,,,,,,ship_anti_air_2x8,sm_armor_3,ship_ITA_oldest_heavy_battery_2,,,,SM_engine_2,ship_fire_control_system_1,,ship_radar_1,ship_ENG_light_battery_2x4,,,,,ship_ITA_oldest_heavy_battery_1,,ship_old_light_battery_3x4,ship_ITA_oldest_heavy_battery_1,,ship_ITA_oldest_heavy_battery_2,
Italy_navy,Giuseppe Miraglia Class,ship_hull_cruiser_0_remodeling,ITA_HISTORICAL_CL,,,yes,,,,,,,3,,,,,,5,5,,,,,,,,,ship_airplane_launcher_2,sm_armor_ms_1,ship_old_anti_air_2A,,,,SM_engine_2,ship_sonar_3,,ship_radar_2,ship_airplane_launcher_2,,,,,,,ship_airplane_launcher_2,,,,
Italy_navy,Animoso Class,ship_hull_light_0,ITA_HISTORICAL_DD,0,,yes,,,,,,,,,,,,4,,5,,,,,,,,,ship_old_anti_air_2A,,ship_ENG_light_battery_1,,,,SM_engine_3,ship_fire_control_system_2,,ship_radar_1,,,,,ship_torpedo_1,,,ship_ENG_light_battery_1,ship_depth_charge_2,ship_depth_charge_2,ship_ENG_light_battery_1,
Italy_navy,Diana Class,ship_hull_cruiser_scout_cruiser,ITA_HISTORICAL_CL,,,yes,,,,,,,0,,,,,,4,1,,,,,,,,,ship_old_anti_air_3,sm_armor_0,ship_ENG_light_battery_1,,,,SM_engine_3,ship_fire_control_system_0,,ship_light_2,ship_old_anti_air_1,,,,,ship_ENG_light_battery_1,,ship_mine_layer_2,,,ship_mine_layer_1,
Italy_navy,Navigatori Class,ship_hull_light_1,ITA_HISTORICAL_DD,,,yes,,,,,,,2,,,,,5,,5,,,,,,,,,ship_old_anti_air_4A,,ship_ENG_light_battery_3,,,,SM_engine_2,ship_sonar_3,,ship_radar_3,,,,,ship_torpedo_2,ship_depth_charge_2,,ship_ENG_light_battery_3,ship_ENG_light_battery_3,,ship_mine_layer_2,
Italy_navy,Sella Class,ship_hull_light_1,ITA_HISTORICAL_DD,,,yes,,,,,,,0,,,,,3,,4,,,,,,,,,ship_old_anti_air_4A,,ship_JAP_light_battery_1,,,,SM_engine_2,ship_sonar_1,,ship_radar_2,,,,,ship_torpedo_2,ship_JAP_light_battery_1,,ship_anti_air_1,,,ship_depth_charge_2,
Italy_navy,Curtatone Class,ship_hull_large_frigate,ITA_HISTORICAL_DD,,,yes,,,,,,,0,,,,,4,,4,,,,,,,,,ship_dp_Bofors_battery_2,,ship_ENG_light_battery_2,,,,SM_engine_2,ship_sonar_2,,ship_radar_2,,,,,ship_torpedo_2,,,ship_ENG_light_battery_2,ship_ENG_light_battery_2,ship_ENG_light_battery_2,,
Italy_navy,Carlo Mirabello Class,ship_hull_light_0_old,ITA_HISTORICAL_DD,,,yes,,,,,,,,,,,,4,,3,,,,,,,,,dp_ship_old_secondaries_3,,ship_ENG_light_battery_2,,,,SM_engine_2,ship_fire_control_system_2,,ship_light_1,,,,,ship_torpedo_1,ship_ENG_light_battery_2,,ship_ENG_light_battery_2,ship_ENG_light_battery_2,ship_ENG_light_battery_2,ship_ENG_light_battery_2,
Italy_navy,Rosolino Pilo Class,ship_hull_light_0_old,ITA_HISTORICAL_DD,,,yes,,,,,,,,,,,,4,,3,,,,,,,,,ship_old_anti_air_4A,,ship_ENG_light_battery_2,,,,SM_engine_2,ship_fire_control_system_2,,ship_light_1,,,,,ship_torpedo_2,ship_ENG_light_battery_2,,ship_ENG_light_battery_2,ship_ENG_light_battery_2,ship_ENG_light_battery_2,ship_old_anti_air_4A,
Italy_navy,Leone Class,ship_hull_light_1_old,ITA_HISTORICAL_DD,,,yes,,,,,,,,,,,,4,,3,,,,,,,,,ship_old_anti_air_4A,,ship_ENG_light_battery_3,,,,SM_engine_2,ship_fire_control_system_2,,ship_light_1,,,,,ship_torpedo_2,ship_anti_air_3,,ship_ENG_light_battery_3,ship_ENG_light_battery_3,ship_ENG_light_battery_3,ship_mine_layer_2,
Italy_navy,Ariete Class,ship_hull_large_frigate,ITA_HISTORICAL_DD,,,yes,,,,,,,3,,,,,4,,2,,,,,,,,,ship_dp_Bofors_battery_2,,ship_ENG_light_battery_1,,,,SM_engine_2,ship_sonar_2,,ship_radar_2,,,,,ship_torpedo_2,,,ship_ENG_light_battery_1,ship_dp_Bofors_battery_2,ship_depth_charge_projection_device_2,,
Italy_navy,Taranto Class,ship_hull_cruiser_0,ITA_HISTORICAL_CL,,,yes,,,,,,,1,,,,,,4,2,,,,,,,,,ship_old_anti_air_3x8,sm_armor_1,ship_ENG_light_battery_1,,,,SM_engine_2,ship_fire_control_system_1,,ship_light_2,ship_old_anti_air_2,,,,,ship_GER_light_batteryx4,,ship_torpedo_2,ship_GER_light_batteryx4,,ship_mine_layer_2,
Italy_navy,Ancona Class,ship_hull_cruiser_0,ITA_HISTORICAL_CL,,,yes,,,,,,,1,,,,,,4,2,,,,,,,,,ship_old_anti_air_2,sm_armor_1,ship_ENG_light_battery_1,,,,SM_engine_2,ship_fire_control_system_1,,ship_light_2,ship_old_anti_air_3x8,,,,,ship_ENG_light_battery_1,,ship_ENG_light_battery_1,ship_ENG_light_battery_1,,ship_mine_layer_3,
Italy_navy,Bari Class,ship_hull_cruiser_defenced_cruiser,ITA_HISTORICAL_CL,,,yes,,,,,,,5,,,,,,4,3,,,,,,,,,ship_old_anti_air_3,sm_armor_1,ship_ENG_light_battery_2,,,,SM_engine_2,ship_fire_control_system_0,,ship_light_1,ship_torpedo_1,,,,,ship_GER_light_batteryx4,,ship_GER_light_batteryx4,,,ship_ENG_light_battery_2,
Italy_navy,Palestro Class,ship_hull_light_0_old,ITA_HISTORICAL_DD,,,yes,,,,,,,,,,,,4,,3,,,,,,,,,ship_old_anti_air_1,,ship_ENG_light_battery_1,,,,SM_engine_2,ship_fire_control_system_0,,ship_light_1,,,,,ship_torpedo_1,ship_ENG_light_battery_1,,ship_ENG_light_battery_1,ship_mine_layer_1,dp_ITA_light_battery_2,ship_ENG_light_battery_1,
Italy_navy,Spica Class,ship_hull_large_frigate,ITA_HISTORICAL_DD,,,yes,,,,,,,0,,,,,4,,4,,,,,,,,,ship_dp_Bofors_battery_2,,ship_ENG_light_battery_1,,,,SM_engine_2,ship_sonar_2,,ship_radar_2,,,,,ship_torpedo_2,,,ship_depth_charge_projection_device_2,ship_dp_Bofors_battery_2,ship_depth_charge_projection_device_2,,
Italy_navy,Gabbiano Class,ship_hull_frigate_1,ITA_HISTORICAL_DD,,,yes,,,,1,2,,,,,4,,,,4,,,,,,,,,ship_old_anti_air_3,,ship_ENG_light_battery_1,,,,SM_engine_2,,,ship_sonar_3,,,,ship_torpedo_1,,ship_old_anti_air_3,,ship_depth_charge_projection_device_2,,,,
Italy_navy,Goffredo Mameli Class,ship_hull_submarine_1,ITA_HISTORICAL_SS,1,,yes,,,,,,,,,,,,,,,,1,,,,,,,,,,,,,sub_engine_3,,,ship_radar_1,,ship_sonar_1,ship_sub_snorkel_1,,ship_torpedo_sub_1,ship_ENG_light_battery_1,,ship_anti_air_1,,,ship_torpedo_sub_1,
Italy_navy,Vettor Pisani Class,ship_hull_submarine_1,ITA_HISTORICAL_SS,1,,yes,,,,,,,1,,,,,,,1,,1,,,,,,,,,,,,,sub_engine_3,,,ship_radar_1,,ship_sonar_1,ship_sub_snorkel_1,,ship_torpedo_sub_1,ship_ENG_light_battery_1,,ship_anti_air_1,,,ship_torpedo_sub_1,
Italy_navy,Sirena Class,ship_hull_submarine_2,ITA_HISTORICAL_SS,1,,yes,,,,,,,1,,,,,,,1,,1,,,,,,,,,,,,,sub_engine_3,,,ship_radar_1,,ship_sonar_1,ship_sub_snorkel_1,,ship_torpedo_sub_2,ship_ENG_light_battery_2,,ship_anti_air_1,,,ship_torpedo_sub_1,
Italy_navy,Luigi Settembrini Class,ship_hull_submarine_2,ITA_HISTORICAL_SS,1,,yes,,,1,,,,1,,,,,,,1,,,,,,,,,,,,,,,sub_engine_3,,,ship_radar_1,,ship_sonar_1,ship_sub_snorkel_1,,ship_torpedo_sub_1,ship_ENG_light_battery_2,,ship_anti_air_1,,,ship_torpedo_sub_1,
Italy_navy,Pietro Micca Class,ship_hull_submarine_2,ITA_HISTORICAL_SS,1,,yes,,,,,,,2,,,,,,,2,,3,,,,,,,,,,,,,sub_engine_3,,,ship_radar_1,,ship_sonar_1,ship_sub_snorkel_1,,ship_torpedo_sub_1,ship_ENG_light_battery_2,,ship_mine_layer_sub_2,,,ship_mine_layer_sub_2,
Italy_navy,Argonauta Class,ship_hull_miget_sub,ITA_HISTORICAL_SS,,,yes,,,,,,,4,,,,,,,4,,3,,,,,,,ship_ENG_light_battery_2,,,,,,sub_engine_3,,,,,,,,ship_torpedo_sub_2,ship_extra_fuel_tank,,ship_anti_air_1,,,,
Italy_navy,Ettore Fieramosca Class,ship_hull_cruiser_submarine,ITA_HISTORICAL_SS,,,yes,,,,,,,,,,,,,,5,,3,,,,,,,,,,,,,sub_engine_4,,,ship_radar_3,,ship_sonar_4,,,ship_torpedo_sub_2,ship_airplane_launcher_1,,ship_anti_air_1,,,ship_extra_fuel_tank_3,
Italy_navy,Pietro Calvi Class,ship_hull_cruiser_submarine,ITA_HISTORICAL_SS,,,yes,,,,,,,2,,,,,,,6,,3,,,,,,,,,,,,,sub_engine_4,,,ship_radar_3,,ship_sonar_4,,,ship_torpedo_sub_2,ship_airplane_launcher_1,,ship_anti_air_1,,,ship_torpedo_sub_2,
Italy_navy,Caio Duilio Class,ship_hull_dreadnought,ITA_HISTORICAL_BC,,,yes,,,,,,,2,,,,5,,,3,,,,,,,,,ship_old_anti_air_4Ax8,sm_armor_3,ship_ITA_oldest_heavy_battery_2,,,,SM_engine_2,ship_fire_control_system_2,,ship_radar_3,dp_ITA_light_batteryx4,,,,,ship_ITA_oldest_heavy_battery_1,,ship_FRA_light_medium_battery,ship_ITA_oldest_heavy_battery_1,,ship_ITA_oldest_heavy_battery_2,
Italy_navy,Vittorio Veneto Class,ship_hull_heavy_0,ITA_HISTORICAL_BB,,,,,,,,,,5,,,,7,,,5,,,,,,,,,ship_old_anti_air_4Ax8,sm_armor_3,ship_ITA_heavy_battery,,,,SM_engine_2,ship_fire_control_system_3,,ship_radar_2,dp_ITA_light_batteryx4,,,,,ship_ITA_heavy_battery,,ship_light_medium_battery_1,ship_airplane_launcher_1,dp_ITA_light_batteryx4,ship_ITA_heavy_battery,
Italy_navy,Italia Class,ship_hull_heavy_1,ITA_HISTORICAL_BB,,,,,,,,,,3,,,,7,,,5,,,,,,,,,ship_dp_Bofors_battery_3x8,sm_armor_2,ship_heavy_battery_1,,,,SM_engine_2,ship_fire_control_system_3,,ship_radar_2,ship_airplane_launcher_2,,,,,ship_heavy_battery_1,,dp_ITA_light_batteryx4,ship_old_anti_air_3x8,dp_ITA_light_batteryx4,ship_heavy_battery_1,
Italy_navy,Valcamonica Class,ship_hull_heavy_2,ITA_HISTORICAL_BB,,,,,,,,,,4,,,,7,,,7,,,,,,,,,ship_dp_Bofors_battery_3x8,sm_armor_2,ship_heavy_battery_1,,,,SM_engine_2,ship_fire_control_system_3,,ship_radar_2,ship_airplane_launcher_2,,,,,ship_heavy_battery_1,,dp_ITA_light_batteryx4,ship_heavy_battery_1,dp_ITA_light_batteryx4,ship_heavy_battery_1,
Italy_navy,Leonardo da Vinci Class,ship_hull_super_heavy_1,ITA_HISTORICAL_BB,,,,,,,,,,2,,,,5,,,3,,,,,,,,,ship_dp_Bofors_battery_2x8,sm_armor_3,ship_heavy_battery_2,,,,SM_engine_3,ship_fire_control_system_3,,ship_radar_3,ship_dp_Bofors_battery_2x8,,,,,ship_heavy_battery_2,ship_heavy_battery_2,dp_ITA_light_batteryx4,dp_ITA_light_batteryx4,dp_ITA_light_batteryx4,ship_heavy_battery_2,ship_airplane_launcher_2
Italy_navy,Aquila Class,ship_hull_carrier_conversion_mc,ITA_HISTORICAL_CV,,,,,,,,,,1,5,3,,,,,5,,,,,,,,,dp_ITA_light_battery_3x4,sm_armor_ms_1,,flush_deck,dp_ITA_light_battery_3x4,,SM_engine_3,,,ship_radar_3,dp_ITA_light_battery_3x4,,,,,,,,,,,
Italy_navy,Falco Class,ship_hull_carrier_2,ITA_HISTORICAL_CV,,,,,,,,,,1,4,3,,,,,5,,,,,,,,,dp_ITA_light_battery_3x4,sm_armor_2,,flush_deck,dp_ITA_light_battery_3x4,,SM_engine_2,,,ship_radar_3,ship_dp_Bofors_battery_1x8,,,,,ship_dp_Bofors_battery_1x8,,dp_ITA_light_battery_3x4,dp_ITA_light_battery_3x4,,,
Italy_navy,Sparviero Class,ship_hull_carrier_conversion_tp,ITA_HISTORICAL_CV,,,,,,,,,,1,5,0,,,,,5,,,,,,,,,dp_ITA_light_battery_3x4,sm_armor_ms_1,,flush_deck,,,SM_engine_3,,,ship_radar_3,dp_ITA_light_battery_3x4,,,,,,,,,,,
Italy_navy,Avvoltoio Class,ship_hull_light_carrier_2,ITA_HISTORICAL_CV,,,,,,,,,,5,5,2,,,,,5,,,,,,,,,dp_ITA_light_battery_3x4,sm_armor_0,,flush_deck,dp_ITA_light_battery_3x4,,SM_engine_3,,,ship_radar_3,dp_ITA_light_battery_3x4,,,,,,,,,,,
Italy_navy,Trento Class,ship_hull_cruiser_1,ITA_HISTORICAL_CA,,,yes,,,,,,,1,,,,,,5,5,,,,,,,,,ship_old_anti_air_2x8,sm_armor_2,ship_old_medium_battery_3,,,,SM_engine_2,ship_fire_control_system_2,,ship_radar_2,dp_ITA_light_battery_3x4,,,,,ship_old_medium_battery_3,,ship_old_anti_air_2x8,ship_old_medium_battery_3,ship_torpedo_2,ship_old_medium_battery_3,
Italy_navy,Zara Class,ship_hull_cruiser_1,ITA_HISTORICAL_CA,,,yes,,,,,,,1,,,,,,5,5,,,,,,,,,ship_old_anti_air_2,sm_armor_2,ship_old_medium_battery_3,,,,SM_engine_2,ship_fire_control_system_2,,ship_radar_2,dp_ITA_light_battery_3x4,,,,,ship_old_medium_battery_3,,ship_old_anti_air_2x8,dp_ITA_light_battery_3x4,ship_torpedo_2,ship_old_medium_battery_3,
Italy_navy,Bolzano Class,ship_hull_cruiser_2,ITA_HISTORICAL_CA,,,,,,,,,,3,,,,,,5,5,,,,,,,,,ship_anti_air_1x8,sm_armor_2,ship_old_medium_battery_3,,,,SM_engine_2,ship_fire_control_system_3,,ship_radar_3,dp_ITA_light_battery_3x4,,,,,ship_old_medium_battery_3,,ship_old_anti_air_2x8,ship_old_medium_battery_3,ship_torpedo_2,ship_old_medium_battery_3,
Italy_navy,Raimondo Montecuccoli Class,ship_hull_cruiser_2,ITA_HISTORICAL_CL,0,,yes,,,,,,,1,,,,,,6,3,,,,,,,,,ship_old_anti_air_4Ax8,sm_armor_0,ship_old_light_medium_battery_3,,,,SM_engine_2,ship_fire_control_system_3,,ship_radar_3,dp_ITA_light_battery_3x4,,,,,ship_old_medium_battery_3,,ship_old_anti_air_2x8,ship_old_light_medium_battery_3,ship_torpedo_2,ship_old_light_medium_battery_3,
Italy_navy,Emanuele Filiberto Duca d'Aosta Class,ship_hull_cruiser_2,ITA_HISTORICAL_CL,0,,yes,,,,,,,2,,,,,,5,2,,,,,,,,,ship_anti_air_1x8,sm_armor_0,ship_old_light_medium_battery_3,,,,SM_engine_2,ship_fire_control_system_3,,ship_radar_3,dp_ITA_light_battery_3x4,,,,,ship_old_medium_battery_3,,ship_old_anti_air_2x8,ship_old_light_medium_battery_3,dp_ITA_light_battery_3x4,ship_old_light_medium_battery_3,
Italy_navy,Luigi di Savoia Duca degli Abruzzi Class,ship_hull_cruiser_3,ITA_HISTORICAL_CL,0,,yes,,,,,,,2,,,,,,6,3,,,,,,,,,ship_anti_air_1x8,sm_armor_0,ship_old_light_medium_battery_3,,,,SM_engine_2,ship_fire_control_system_3,,ship_radar_3,dp_ITA_light_battery_3x4,,,,,ship_old_medium_battery_3,,ship_light_medium_battery_1,ship_light_medium_battery_1,dp_ITA_light_battery_3x4,ship_old_light_medium_battery_3,
Italy_navy,Costanzo Ciano Class,ship_hull_cruiser_3,ITA_HISTORICAL_CL,0,,,,,,,,,3,,,,,,6,3,,,,,,,,,ship_anti_air_1x8,sm_armor_1,ship_old_light_medium_battery_3,,,,SM_engine_2,ship_fire_control_system_3,,ship_radar_3,dp_ITA_light_battery_3x4,,,,,ship_light_medium_battery_1,,ship_anti_air_3x8,ship_light_medium_battery_1,ship_anti_air_3x8,ship_old_light_medium_battery_3,
Italy_navy,Capitani Romani Class,ship_hull_cruiser_3,ITA_HISTORICAL_CL,,,,,,,,,,4,,,,,,8,4,,,,,,,,,ship_anti_air_1x8,sm_armor_1,ship_FRA_light_medium_battery,,,,SM_engine_4,ship_fire_control_system_3,,ship_radar_3,dp_ITA_light_battery_3x4,,,,,ship_FRA_light_medium_battery,,ship_FRA_light_medium_battery,ship_FRA_light_medium_battery,ship_anti_air_3x8,ship_FRA_light_medium_battery,
Italy_navy,Generale Class,ship_hull_light_0_old,ITA_HISTORICAL_DD,,,yes,,,,,,,,,,,,4,,3,,,,,,,,,ship_old_anti_air_4A,,ship_dp_old_light_battery_1,,,,SM_engine_2,ship_fire_control_system_2,,ship_light_2,,,,,ship_torpedo_2,ship_dp_old_light_battery_1,,ship_dp_old_light_battery_1,ship_mine_sweeper_1,ship_mine_layer_1,ship_old_anti_air_4A,
Italy_navy,Turbine Class,ship_hull_light_0,ITA_HISTORICAL_DD,,,yes,,,,,,,0,,,,,5,,6,,,,,,,,,ship_old_anti_air_4A,,ship_old_light_battery_2,,,,SM_engine_2,ship_fire_control_system_2,,ship_light_2,,,,,ship_torpedo_2,,,ship_mine_sweeper_1,ship_mine_sweeper_1,ship_depth_charge_2,ship_depth_charge_2,
Italy_navy,Folgore Class,ship_hull_light_1,ITA_HISTORICAL_DD,,,yes,,,,,,,2,,,,,4,,4,,,,,,,,,ship_dp_Bofors_battery_1,,ship_old_light_battery_1,,,,SM_engine_2,ship_sonar_2,,ship_radar_2,,,,,ship_torpedo_2,ship_dp_Bofors_battery_1,,ship_old_light_battery_1,,,ship_depth_charge_projection_device_2,
Italy_navy,Maestrale Class,ship_hull_light_1,ITA_HISTORICAL_DD,,,yes,,,,,,,2,,,,,3,,4,,,,,,,,,ship_old_anti_air_4A,,ship_old_light_battery_2,,,,SM_engine_2,ship_sonar_1,,ship_radar_2,,,,,ship_torpedo_3,,,ship_old_light_battery_2,,,ship_depth_charge_2,
Italy_navy,Alfredo Orian Class,ship_hull_light_1,ITA_HISTORICAL_DD,,,yes,,,,,,,2,,,,,4,,4,,,,,,,,,ship_old_anti_air_4A,,ship_old_light_battery_2,,,,SM_engine_2,ship_sonar_1,,ship_radar_2,,,,,ship_torpedo_3,,,ship_old_light_battery_2,,,ship_depth_charge_2,
Italy_navy,Alfredo Orian Class,ship_hull_light_1,ITA_HISTORICAL_DD,,,yes,,,,,,,2,,,,,4,,4,,,,,,,,,ship_old_anti_air_4A,,ship_old_light_battery_2,,,,SM_engine_2,ship_sonar_1,,ship_radar_2,,,,,ship_torpedo_3,,,ship_old_light_battery_2,,,ship_depth_charge_2,
Italy_navy,Camicia Nera Class,ship_hull_light_2,ITA_HISTORICAL_DD,,,yes,,,,,,,2,,,,,4,,4,,,,,,,,,ship_old_anti_air_4A,,ship_JAP_light_battery_2,,,,SM_engine_2,ship_sonar_2,,ship_radar_2,,,,,ship_mine_layer_2,,,ship_JAP_light_battery_2,ship_old_anti_air_4A,,ship_depth_charge_2,
Italy_navy,Soldati Class,ship_hull_light_2,ITA_HISTORICAL_DD,,,yes,,,,,,,3,,,,,5,,4,,,,,,,,,ship_anti_air_1,,ship_JAP_light_battery_2,,,,SM_engine_2,ship_sonar_2,,ship_radar_2,,,,,ship_torpedo_3,,,ship_JAP_light_battery_2,ship_anti_air_1,,ship_depth_charge_2,
Italy_navy,Comandanti Medaglie d'Oro Class,ship_hull_light_3,ITA_HISTORICAL_DD,,,,,,,,,,3,,,,,5,,4,,,,,,,,,ship_anti_air_1,,ship_light_battery_1,,,,SM_engine_2,ship_sonar_2,,ship_radar_2,,,,,ship_torpedo_3,ship_light_battery_1,,ship_light_battery_1,ship_light_battery_1,ship_anti_air_1,ship_mine_sweeper_2,ship_depth_charge_2
Italy_navy,Orsa Class,ship_hull_light_1,ITA_HISTORICAL_DD,,,,,,,,,,3,,,,,7,,5,,,,,,,,,ship_dp_Bofors_battery_2,,ship_dp_light_battery,,,,SM_engine_2,ship_sonar_4,,ship_radar_4,,,,,ship_depth_charge_projection_device_4,,,ship_depth_charge_projection_device_4,,,ship_depth_charge_4,
Italy_navy,Gabbiano [Ape] Class,ship_hull_frigate_1,ITA_HISTORICAL_DD,,,yes,,,,3,3,,,,,4,,,,4,,,,,,,,,ship_old_anti_air_3,,ship_ENG_light_battery_1,,,,SM_engine_3,,,ship_sonar_3,,,,ship_torpedo_1,,ship_old_anti_air_3,,ship_depth_charge_projection_device_2,,,,
Italy_navy,Gabbiano [Antilope] Class,ship_hull_frigate_1,ITA_HISTORICAL_DD,,,yes,,,,5,3,,,,,4,,,,6,,,,,,,,,ship_anti_air_1,,ship_ENG_light_battery_1,,,,SM_engine_3,,,ship_sonar_3,,,,ship_depth_charge_projection_device_2,,ship_old_anti_air_3,,ship_depth_charge_3,,,,
Italy_navy,Gabbiano [Artimede] Class,ship_hull_frigate_1,ITA_HISTORICAL_DD,,,yes,,,,4,5,,,,,5,,,,6,,,,,,,,,ship_anti_air_1,,ship_ENG_light_battery_1,,,,SM_engine_3,,,ship_sonar_3,,,,ship_depth_charge_projection_device_2,,ship_old_anti_air_3,,ship_depth_charge_3,,,,
Italy_navy,Gabbiano [Scimitarra] Class,ship_hull_frigate_1,ITA_HISTORICAL_DD,,,yes,,,,5,5,,,,,5,,,,8,,,,,,,,,ship_anti_air_1,,ship_ENG_light_battery_1,,,,SM_engine_3,,,ship_sonar_3,,,,ship_depth_charge_projection_device_2,,ship_anti_air_1,,ship_depth_charge_projection_device_2,,,,
Italy_navy,Acciaio Class,ship_hull_submarine_2,ITA_HISTORICAL_SS,,,,,,,,,,2,,,,,,,5,,4,,,,,,,,,,,,,sub_engine_4,,,ship_radar_4,,ship_sonar_4,ship_sub_snorkel_1,,ship_torpedo_sub_2,ship_dp_old_light_battery_1,,ship_old_anti_air_3,,,ship_torpedo_sub_2,
Italy_navy,Flutto Class,ship_hull_submarine_2,ITA_HISTORICAL_SS,,,,,,,,,,2,,,,,,,2,,4,,,,,,,,,,,,,sub_engine_4,,,ship_radar_4,,ship_sonar_4,ship_sub_snorkel_1,,ship_torpedo_sub_2,ship_dp_old_light_battery_1,,ship_old_anti_air_3,,,ship_torpedo_sub_2,
Italy_navy,Bario Class,ship_hull_submarine_2,ITA_HISTORICAL_SS,,,,,,,,,,2,,,,,,,5,,4,,,,,,,,,,,,,sub_engine_4,,,ship_radar_4,,ship_sonar_4,ship_sub_snorkel_1,,ship_torpedo_sub_2,ship_dp_old_light_battery_1,,ship_old_anti_air_3,,,ship_torpedo_sub_2,
Italy_navy,Attinio Class,ship_hull_submarine_3,ITA_HISTORICAL_SS,,,,,,,,,,2,,,,,,,7,,4,,,,,,,,,,,,,sub_engine_4,,,ship_radar_4,,ship_sonar_4,ship_sub_snorkel_1,,ship_torpedo_sub_2,ship_dp_old_light_battery_1,,ship_old_anti_air_3,,,ship_torpedo_sub_2,
Fareastern_State_navy,Settsu Class,ship_hull_pre_dreadnought_1,FAE_HISTORICAL_BB,,,yes,,,,,,,7,,,,4,,,4,,,,,,,,,ship_dp_Bofors_battery_3x8,sm_armor_3,ship_USA_heavy_battery,,,,SM_engine_6,ship_fire_control_system_4,,ship_radar_4,ship_dp_Bofors_battery_1x8,,,,,ship_anti_air_1,,ship_USA_heavy_battery,ship_USA_heavy_battery,ship_dp_Bofors_battery_3x8,ship_USA_heavy_battery,
Fareastern_State_navy,project 26-bis Class,ship_hull_cruiser_2,FAE_HISTORICAL_CA,0,,yes,,,,,,,2,,,,,,4,3,,,,,,,,,dp_ship_secondaries_A,sm_armor_2,ship_medium_battery_1,,,,SM_engine_2,ship_fire_control_system_3,,ship_radar_3,dp_ship_secondaries_A,,,,,ship_medium_battery_1,,ship_anti_air_1x8,ship_torpedo_2,,ship_medium_battery_1,
Fareastern_State_navy,Tenryu Class,ship_hull_cruiser_0,FAE_HISTORICAL_CL,,,yes,,,,,,,4,,,,,,5,4,,,,,,,,,ship_dp_old_light_battery_1x4,sm_armor_0,ship_JAP_light_medium_battery_1,,,,SM_engine_2,ship_fire_control_system_3,,ship_radar_3,,,,,,ship_JAP_light_medium_battery_1,,ship_torpedo_2,ship_depth_charge_projection_device_2,,ship_JAP_light_medium_battery_1,
Fareastern_State_navy,Kuma Class,ship_hull_cruiser_0,FAE_HISTORICAL_CL,,,yes,,,,,,,4,,,,,,5,4,,,,,,,,,ship_dp_old_light_battery_2x4,sm_armor_0,ship_JAP_light_medium_battery_1,,,,SM_engine_2,ship_sonar_3,,ship_radar_3,,,,,,ship_old_anti_air_2x8,,ship_torpedo_2,ship_depth_charge_projection_device_2,,ship_depth_charge_3,
Fareastern_State_navy,Minoo Class,ship_hull_cruiser_0_transport_remodeling,FAE_HISTORICAL_CL,,,yes,,,,,,,2,,,,,,4,3,,,,,,,,,ship_old_anti_air_2Ax8,sm_armor_ms_1,ship_old_light_battery_3,,,,SM_engine_2,ship_sonar_1,,ship_radar_2,ship_mine_layer_3,,,,,,,ship_depth_charge_projection_device_1,,,,
Fareastern_State_navy,Shirataka Class,ship_hull_light_0,FAE_HISTORICAL_DD,,,yes,,,,,,,0,,,,,5,,6,,,,,,,,,ship_old_anti_air_2Ax8,,ship_old_light_battery_3,,,,SM_engine_2,ship_fire_control_system_2,,ship_radar_2,,,,,ship_mine_layer_3,,,ship_mine_sweeper_1,ship_mine_layer_3,ship_mine_layer_3,ship_depth_charge_2,
Fareastern_State_navy,Dai 31 Go Syokai Tei Class,ship_hull_light_0,FAE_HISTORICAL_DD,0,,yes,,,,,,,,,,,,6,,5,,,,,,,,,ship_old_anti_air_2Ax8,,ship_old_light_battery_1,,,,SM_engine_4,ship_fire_control_system_2,,ship_radar_1,,,,,ship_depth_charge_2,,,ship_mine_sweeper_1,ship_old_anti_air_2A,ship_mine_layer_3,ship_old_light_battery_1,
Fareastern_State_navy,Tsukushi Class,ship_hull_light_0,FAE_HISTORICAL_DD,,,yes,,,,,,,2,,,,,5,,6,,,,,,,,,ship_old_anti_air_2Ax8,,ship_JAP_light_battery_2,,,,SM_engine_2,ship_fire_control_system_2,,ship_radar_2,,,,,ship_mine_layer_3,,,ship_JAP_light_battery_2,ship_mine_layer_3,ship_mine_layer_3,ship_depth_charge_2,
Fareastern_State_navy,Gnevny Class,ship_hull_light_2,FAE_HISTORICAL_DD,,,,,,,,,,0,,,,,6,,4,,,,,,,,,ship_old_anti_air_2Ax8,,ship_JAP_light_battery_2,,,,SM_engine_3,ship_sonar_4,,ship_radar_4,,,,,ship_JAP_torpedo,,,ship_JAP_torpedo,,,ship_JAP_torpedo,
Fareastern_State_navy,Hei Kai Class,ship_hull_frigate_2,FAE_HISTORICAL_DD,,,,,,,5,5,,,,,8,,,,8,,,,,,,,,ship_old_anti_air_2A,,ship_old_light_battery_2,,,,SM_engine_2,,,ship_sonar_2,,,,ship_mine_sweeper_2,,ship_JAP_light_battery_1,,ship_depth_charge_projection_device_1,,,,
Fareastern_State_navy,Etorofu Class,ship_hull_frigate_2,FAE_HISTORICAL_DD,,,,,,,3,2,,,,,5,,,,5,,,,,,,,,ship_old_anti_air_2A,,ship_old_light_battery_2,,,,SM_engine_2,,,ship_sonar_2,,,,ship_mine_sweeper_2,,ship_JAP_light_battery_1,,ship_depth_charge_projection_device_1,,,,
Fareastern_State_navy,Etorofu Kai Class,ship_hull_frigate_2,FAE_HISTORICAL_DD,,,,,,,5,3,,,,,5,,,,6,,,,,,,,,ship_old_anti_air_2A,,ship_old_light_battery_2,,,,SM_engine_2,,,ship_sonar_2,,,,ship_mine_sweeper_2,,ship_JAP_light_battery_1,,ship_depth_charge_projection_device_1,,,,
Fareastern_State_navy,Mikura Class,ship_hull_frigate_2,FAE_HISTORICAL_DD,,,,,,,5,5,,,,,6,,,,7,,,,,,,,,ship_old_anti_air_2A,,ship_old_light_battery_2,,,,SM_engine_2,,,ship_sonar_2,,,,ship_mine_sweeper_2,,ship_JAP_light_battery_1,,ship_depth_charge_projection_device_2,,,,
Fareastern_State_navy,IXbis Class,ship_hull_submarine_2,FAE_HISTORICAL_SS,,,,,,,,,,2,,,,,,,5,,4,,,,,,,,,,,,,sub_engine_3,,,ship_radar_2,,ship_sonar_2,ship_sub_snorkel_1,,ship_torpedo_sub_2,ship_dp_old_light_battery_1,,ship_old_anti_air_3,,,ship_torpedo_sub_2,
Fareastern_State_navy,XI Class,ship_hull_submarine_2,FAE_HISTORICAL_SS,0,,,,,,,,4,6,,,,,,,7,,5,,,,,,,,,,,,,sub_engine_3,,,ship_radar_2,,ship_sonar_2,ship_old_sub_snorkel_2,,ship_torpedo_sub_2,ship_dp_old_light_battery_1,,ship_old_anti_air_3,,,ship_torpedo_sub_3,
Fareastern_State_navy,VI Class,ship_hull_submarine_3,FAE_HISTORICAL_SS,,,,,,,,,,2,,,,,,,7,,4,,,,,,,,,,,,,sub_engine_3,,,ship_radar_3,,ship_sonar_3,ship_sub_snorkel_1,,ship_torpedo_sub_3,ship_dp_old_light_battery_1,,ship_old_anti_air_3,,,ship_torpedo_sub_3,
Fareastern_State_navy,VIbis Class,ship_hull_submarine_3,FAE_HISTORICAL_SS,,,,,,,,,,2,,,,,,,7,,4,,,,,,,,,,,,,sub_engine_3,,,ship_radar_4,,ship_sonar_4,ship_sub_snorkel_1,,ship_torpedo_sub_3,ship_dp_old_light_battery_1,,ship_old_anti_air_3,,,ship_torpedo_sub_3,
Philippines_navy,Great Pleiades Class,ship_hull_cruiser_coastal_defense_ship_2,PHI_HISTORICAL_BB,0,,,,,,,,,7,,,,,,7,10,,,,,,,,,ship_dp_Bofors_battery_2x8,sm_armor_3,ship_JAP_heavy_battery,,,,SM_engine_6,ship_fire_control_system_3,,ship_radar_3,ship_old_secondaries_2,,,,,ship_ITA_light_medium_battery,,dp_GER_light_batteryx4,ship_JAP_light_medium_battery,,ship_JAP_heavy_battery,
Philippines_navy,Pinatubo Class,ship_hull_cruiser_1,PHI_HISTORICAL_CA,0,,,,,,,,,5,,,,,,8,4,,,,,,,,,ship_dp_Bofors_battery_2x8,sm_armor_2,ship_medium_battery_1,,,,SM_engine_2,ship_fire_control_system_2,,ship_radar_2,ship_JAP_light_battery_2,,,,,ship_medium_battery_1,,ship_torpedo_2,ship_airplane_launcher_1,ship_dp_Bofors_battery_2x8,ship_medium_battery_1,
Philippines_navy,Quickness Class,ship_hull_cruiser_1,PHI_HISTORICAL_CL,,,,,,,,,,0,,,,,,4,4,,,,,,,,,ship_old_anti_air_1Ax8,sm_armor_1,ship_JAP_light_battery_1,,,,SM_engine_2,ship_fire_control_system_3,,ship_radar_3,ship_old_anti_air_1Ax8,,,,,ship_JAP_light_battery_1,,ship_JAP_light_battery_1,ship_JAP_light_battery_1,ship_JAP_light_battery_1,ship_JAP_light_battery_1,
Philippines_navy,Tarlac Class,ship_hull_torpedo_cruiser_1,PHI_HISTORICAL_CL,,,,,,,,,,1,,,,,,4,4,,,,,,,,,ship_old_anti_air_2Ax8,sm_armor_1,ship_JAP_light_battery_1,,,,SM_engine_2,ship_sonar_2,,ship_radar_2,dp_ship_secondaries_A,,,,,ship_old_anti_air_2Ax8,,ship_JAP_torpedo,ship_JAP_torpedo,,ship_JAP_torpedo,ship_depth_charge_3
Philippines_navy,Datu Kalantiaw Class,ship_hull_light_0,PHI_HISTORICAL_DD,,,,,,,,,,0,,,,,5,,5,,,,,,,,,ship_old_anti_air_2Ax8,,ship_old_light_battery_3,,,,SM_engine_2,ship_sonar_2,,ship_radar_3,,,,,ship_depth_charge_3,ship_old_light_battery_3,,ship_old_anti_air_2A,ship_old_anti_air_2A,ship_depth_charge_projection_device_1,ship_depth_charge_3,
Philippines_navy,Starfish Class,ship_hull_light_0,PHI_HISTORICAL_DD,,,,,,,,,,0,,,,,4,,4,,,,,,,,,ship_old_anti_air_2Ax8,,ship_dp_old_light_battery_1,,,,SM_engine_2,ship_sonar_2,,ship_radar_3,,,,,ship_depth_charge_projection_device_1,ship_old_light_battery_3,,ship_old_anti_air_2A,ship_old_anti_air_2A,ship_depth_charge_projection_device_1,ship_old_anti_air_2A,
Philippines_navy,Clam Class,ship_hull_light_1,PHI_HISTORICAL_DD,,,,,,,,,,0,,,,,4,,4,,,,,,,,,ship_old_anti_air_2Ax8,,ship_dp_old_light_battery_1,,,,SM_engine_2,ship_fire_control_system_2,,ship_radar_3,,,,,ship_torpedo_1,ship_dp_old_light_battery_1,,ship_torpedo_1,ship_old_anti_air_1A,ship_depth_charge_projection_device_1,ship_depth_charge_projection_device_2,
Philippines_navy,Gregorio del Pilar Class,ship_hull_light_1,PHI_HISTORICAL_DD,,,,,,,,,,0,,,,,5,,4,,,,,,,,,ship_old_anti_air_2A,,ship_old_light_battery_2,,,,SM_engine_2,ship_fire_control_system_2,,ship_radar_3,,,,,ship_torpedo_2,ship_old_light_battery_2,,ship_old_light_battery_2,ship_old_anti_air_1A,ship_depth_charge_projection_device_1,ship_depth_charge_projection_device_2,
Philippines_navy,Eagle Class,ship_hull_frigate_1,PHI_HISTORICAL_DD,0,,,,,,,,,,,,12,,,,10,,,,,,,,,ship_old_anti_air_2A,,ship_dp_old_light_battery_2,,,,SM_engine_2,,,ship_sonar_2,,,,ship_torpedo_2,,ship_depth_charge_projection_device_1,,,,,,
Philippines_navy,PF01 Class,ship_hull_frigate_2,PHI_HISTORICAL_DD,,,,,,,5,2,,,,,8,,,,10,,,,,,,,,ship_old_anti_air_2A,,ship_old_light_battery_2,,,,SM_engine_2,,,ship_sonar_2,,,,ship_mine_sweeper_2,,ship_JAP_light_battery_1,,ship_depth_charge_projection_device_1,,,,
Philippines_navy,S01 Class,ship_hull_submarine_3,PHI_HISTORICAL_SS,0,,,,,,,,,,,,,,,,8,,6,,,,,,,,,,,,,sub_engine_3,,,ship_radar_2,,ship_sonar_2,ship_old_sub_snorkel_2,,ship_JAP_torpedo_sub,ship_old_anti_air_2A,,ship_extra_fuel_tank_2,,,ship_JAP_torpedo_sub,
cuba_navy,Cuba Class,ship_hull_cruiser_0,CUB_HISTORICAL_CL,,,yes,,,,,,,0,,,,,,2,0,,,,,,,,,ship_oldest_light_battery,sm_armor_0,ship_ENG_light_battery_1,,,,SM_engine_2,ship_fire_control_system_2,,ship_light_2,dp_ship_old_secondaries_1,,,,,dp_ship_old_secondaries_3,,dp_ship_old_secondaries_2,ship_old_anti_air_3A,,ship_ENG_light_battery_1,
cuba_navy,Patria Class,ship_hull_micro_3,CUB_HISTORICAL_DD,,,,,,,,,,,,,0,,,,2,,,,,,,,,ship_old_anti_air_3A,,ship_old_anti_air_3A,,,,SM_engine_2,ship_fire_control_system_2,,ship_light_2,,,,,,,,dp_ship_old_secondaries_3,,,dp_ship_old_secondaries_3,
cuba_navy,Baire Class,ship_hull_micro_2,CUB_HISTORICAL_DD,,,yes,,,,,,,,,,0,,,,1,,,,,,,,,ship_old_anti_air_3A,,ship_old_anti_air_3A,,,,SM_engine_0,ship_fire_control_system_2,,ship_light_2,,,,,,dp_ship_old_secondaries_3,,,,,,
cuba_navy,Habana Class,ship_hull_micro_2,CUB_HISTORICAL_DD,,,yes,,,,,,,,,,5,,,,0,,,,,,,,,empty,,ship_old_anti_air_3A,,,,SM_engine_0,,,ship_light_1,,,,,,ship_old_anti_air_3A,,,,,,
cuba_navy,Diez de Otoubre Class,ship_hull_micro,CUB_HISTORICAL_DD,,,yes,,,,,,,,,,5,,,,0,,,,,,,,,empty,,ship_oldest_light_battery,,,,SM_engine_0,,,ship_light_1,,,,,,ship_old_anti_air_3A,,,,,,
cuba_navy,Yara Class,ship_hull_micro,CUB_HISTORICAL_DD,,,yes,,,,,,,,,,3,,,,0,,,,,,,,,empty,,ship_old_anti_air_3A,,,,SM_engine_0,,,ship_light_1,,,,,,dp_ship_old_secondaries_2,,,,,,
cuba_navy,Gomez Class,ship_hull_cruiser_0_transport_remodeling,CUB_HISTORICAL_DD,,,,,,,,,,6,,,,,,6,6,,,,,,,,,ship_old_anti_air_3A,sm_armor_ms_1,ship_dp_old_light_battery_1,,,,SM_engine_0,ship_fire_control_system_1,,ship_light_1,dp_ship_old_secondaries_3,,,,,,,ship_old_anti_air_3A,,,,
Caribbean_navy,Danton Class,ship_hull_pre_dreadnought_1,WIN_HISTORICAL_BB,1,,yes,GFX_FRA_ship_hull_pre_dreadnought_1_medium,,,,,,8,,,,4,,,9,,,,,,,,,ship_old_anti_air_2x8,sm_armor_3,ship_older_heavy_battery_1,,,,SM_engine_0,ship_fire_control_system_3,,ship_radar_2,dp_ship_old_secondaries_3,,,,,ship_dp_Bofors_battery_3x8,,ship_FRA_light_medium_battery_2,ship_FRA_light_medium_battery_2,dp_ship_old_secondaries_3,ship_older_heavy_battery_1,
Caribbean_navy,Courbet Class,ship_hull_dreadnought,WIN_HISTORICAL_BB,1,,yes,GFX_FRA_ship_hull_dreadnought_medium,,,,,,5,,,,4,,,9,,,,,,,,,ship_dp_Bofors_battery_3x8,sm_armor_3,ship_oldest_heavy_battery_1,,,,SM_engine_2,ship_fire_control_system_3,,ship_radar_3,ship_dp_old_light_battery_2x4,,,,,ship_oldest_heavy_battery_1,,ship_oldest_heavy_battery_1,ship_oldest_heavy_battery_1,ship_oldest_heavy_battery_1,ship_oldest_heavy_battery_1,
Caribbean_navy,Wyoming Class,ship_hull_dreadnought,WIN_HISTORICAL_BB,1,,yes,,,,,,,3,,,,3,,,6,,,,,,,,,ship_dp_Bofors_battery_2x8,sm_armor_3,ship_oldest_heavy_battery_2,,,,SM_engine_2,ship_fire_control_system_3,,ship_radar_3,ship_dp_old_light_battery_3x4,,,,,ship_oldest_heavy_battery_2,,ship_oldest_heavy_battery_2,ship_oldest_heavy_battery_2,ship_oldest_heavy_battery_2,ship_oldest_heavy_battery_2,
Caribbean_navy,Provence Class,ship_hull_heavy_0,WIN_HISTORICAL_BB,3,,yes,GFX_FRA_ship_hull_heavy_0_medium,,,,,,5,,,,3,,,9,,,,,,,,,ship_dp_Bofors_battery_3x8,sm_armor_3,ship_older_heavy_battery_1,,,,SM_engine_2,ship_fire_control_system_3,,ship_radar_3,dp_FRA_light_battery,,,,,ship_older_heavy_battery_1,,ship_older_heavy_battery_1,ship_older_heavy_battery_1,ship_old_secondaries_1,ship_older_heavy_battery_1,
Caribbean_navy,Nevada Class,ship_hull_heavy_0,WIN_HISTORICAL_BB,3,,yes,,,,,,,4,,,,3,,,4,,,,,,,,,ship_old_anti_air_3x8,sm_armor_3,ship_older_heavy_battery_1,,,,SM_engine_2,ship_fire_control_system_3,,ship_radar_3,ship_old_secondaries_1,,,,,ship_older_heavy_battery_3,,ship_older_heavy_battery_3,ship_dp_Bofors_battery_3x8,ship_old_secondaries_1,ship_older_heavy_battery_1,
Caribbean_navy,Pennsylvania Class,ship_hull_heavy_0,WIN_HISTORICAL_BB,3,,yes,GFX_Pennsylvania,,,,,,3,,,,2,,,3,,,,,,,,,ship_old_anti_air_3x8,sm_armor_3,ship_older_heavy_battery_3,,,,SM_engine_2,ship_fire_control_system_3,,ship_radar_3,ship_dp_light_battery,,,,,ship_older_heavy_battery_3,,ship_older_heavy_battery_3,ship_dp_Bofors_battery_3x8,ship_old_secondaries_1,ship_older_heavy_battery_3,
Caribbean_navy,New Mexico Class,ship_hull_heavy_0,WIN_HISTORICAL_BB,1,,,,,,,,,2,,,,2,,,2,,,,,,,,,ship_old_anti_air_2x8,sm_armor_3,ship_older_heavy_battery_3,,,,SM_engine_2,ship_fire_control_system_3,,ship_radar_3,ship_old_light_battery_3x4,,,,,ship_older_heavy_battery_3,,ship_airplane_launcher_2,ship_dp_light_batteryx4,ship_older_heavy_battery_3,ship_older_heavy_battery_3,
Caribbean_navy,Tennessee Class,ship_hull_heavy_1,WIN_HISTORICAL_BB,1,,,,,,,,,5,,,,2,,,7,,,,,,,,,ship_dp_Bofors_battery_2x8,sm_armor_3,ship_older_heavy_battery_3,,,,SM_engine_2,ship_fire_control_system_3,,ship_radar_3,ship_old_light_battery_3x4,,,,,ship_older_heavy_battery_3,,ship_dp_Bofors_battery_3x8,ship_dp_light_batteryx4,ship_older_heavy_battery_3,ship_older_heavy_battery_3,
Caribbean_navy,Colorado Class,ship_hull_heavy_1,WIN_HISTORICAL_BB,1,,,,,,,,,4,,,,2,,,7,,,,,,,,,ship_dp_Bofors_battery_2x8,sm_armor_3,ship_old_heavy_battery_1,,,,SM_engine_2,ship_fire_control_system_3,,ship_radar_3,ship_old_light_battery_3x4,,,,,ship_old_heavy_battery_1,,ship_dp_Bofors_battery_3x8,ship_dp_light_batteryx4,ship_old_heavy_battery_1,ship_old_heavy_battery_1,
Caribbean_navy,Dunkerque Class,ship_hull_heavy_2,WIN_HISTORICAL_BB,1,,,,,,,,,3,,,,2,,,6,,,,,,,,,ship_dp_Bofors_battery_2x8,sm_armor_3,ship_ENG_heavy_battery_2,,,,SM_engine_2,ship_fire_control_system_3,,ship_radar_3,ship_old_light_battery_3x4,,,,,ship_ENG_heavy_battery_2,,ship_dp_Bofors_battery_3x8,ship_dp_light_batteryx4,ship_FRA_light_medium_battery_2,ship_FRA_light_medium_battery_2,
Caribbean_navy,Richelieu Class,ship_hull_heavy_2,WIN_HISTORICAL_BB,1,,,,,,,,,4,,,,2,,,5,,,,,,,,,ship_dp_Bofors_battery_2x8,sm_armor_3,ship_FRA_heavy_battery_1,,,,SM_engine_2,ship_fire_control_system_3,,ship_radar_3,ship_old_light_battery_3x4,,,,,ship_FRA_heavy_battery_1,,ship_dp_Bofors_battery_3x8,dp_FRA_light_batteryx4,ship_ITA_light_medium_battery,ship_ITA_light_medium_battery,
Caribbean_navy,France Class,ship_hull_heavy_3,WIN_HISTORICAL_BB,1,,,,,,,,,5,,,,2,,,7,,,,,,,,,ship_dp_Bofors_battery_2x8,sm_armor_2,ship_FRA_heavy_battery_1,,,,SM_engine_2,ship_fire_control_system_4,,ship_radar_4,ship_old_light_battery_3x4,,,,,ship_FRA_heavy_battery_1,,ship_ITA_light_medium_battery,ship_ITA_light_medium_battery,ship_old_light_battery_3x4,ship_FRA_heavy_battery_1,
Caribbean_navy,Iowa Class,ship_hull_heavy_3,WIN_HISTORICAL_BB,1,,,,,,,,,5,,,,4,,,7,,,,,,,,,ship_old_anti_air_4Ax8,sm_armor_3,ship_heavy_battery_2,,,,SM_engine_2,ship_fire_control_system_4,,ship_radar_4,ship_old_light_battery_3x4,,,,,ship_heavy_battery_2,,ship_dp_Bofors_battery_1x8,ship_old_light_battery_3x4,ship_heavy_battery_2,ship_dp_Bofors_battery_1x8,
Caribbean_navy,Béarn Class,ship_hull_carrier_conversion_bb,WIN_HISTORICAL_CV,,,yes,,,,,,,1,4,2,,,,,4,,,,,,,,,ship_old_anti_air_3,sm_armor_2,,flush_deck,ship_armor_carrier_deck,,SM_engine_2,,,ship_radar_3,ship_old_light_battery_3x4,,,,,,,ship_dp_Bofors_battery_2x8,,,,
Caribbean_navy,Lorraine Class,ship_hull_carrier_conversion_bb,WIN_HISTORICAL_CV,,,yes,,,,,,,2,4,4,,,,,4,,,,,,,,,ship_old_anti_air_3,sm_armor_3,,oil_catapult,ship_armor_carrier_deck,,SM_engine_2,,,ship_radar_4,ship_dp_light_batteryx4,,,,,,,ship_dp_Bofors_battery_2x8,,,,
Caribbean_navy,Joffre Class,ship_hull_carrier_1,WIN_HISTORICAL_CV,,,,,,,,,,5,7,3,,,,,9,,,,,,,,,ship_sonar_3,sm_armor_3,,flush_deck,ship_armor_carrier_deck,,SM_engine_4,,,ship_radar_3,dp_ship_old_secondaries_3,,,,,ship_dp_Bofors_battery_2x8,,ship_dp_Bofors_battery_2x8,,,,
Caribbean_navy,Comandant Teste Class,ship_hull_carrier_1,WIN_HISTORICAL_CV,,,,,,,,,,5,7,3,,,,,8,,,,,,,,,ship_dp_Bofors_battery_1x8,sm_armor_2,,oil_catapult,ship_armor_carrier_deck,,SM_engine_4,,,ship_radar_3,dp_ship_old_secondaries_3,,,,,ship_dp_Bofors_battery_2x8,,ship_dp_Bofors_battery_2x8,,,,
Caribbean_navy,Independence Class,ship_hull_carrier_conversion_ca_2,WIN_HISTORICAL_CV,0,,,GFX_Independence,,,,,,0,,2,,,,,5,,,,,,,,,ship_old_anti_air_4Ax8,sm_armor_1,,flush_deck,ship_dp_Bofors_battery_2x8,,SM_engine_2,,,ship_radar_4,ship_dp_Bofors_battery_2x8,,,,,,,,,,ship_dp_Bofors_battery_2x8,
Caribbean_navy,Casablanca Class,ship_hull_carrier_conversion_mc,WIN_HISTORICAL_CV,,,yes,,,,,,,1,5,2,,,,,5,,,,,,,,,ship_dp_Bofors_battery_1x8,sm_armor_ms_1,,flush_deck,empty,,SM_engine_3,,,ship_radar_3,ship_dp_Bofors_battery_1x8,,,,,,,,,,,
Caribbean_navy,Commencement Bay Class,ship_hull_light_carrier_1,WIN_HISTORICAL_CV,0,,,,,,,,,2,2,3,,,,,5,,,,,,,,,ship_dp_Bofors_battery_1x8,sm_armor_2,,oil_catapult,ship_dp_Bofors_battery_1x8,,SM_engine_2,,,ship_radar_4,ship_dp_Bofors_battery_1x8,,,,,ship_dp_Bofors_battery_1x8,,ship_dp_Bofors_battery_2x8,,,,
Caribbean_navy,Alaska Class,ship_hull_CB,WIN_HISTORICAL_BB,0,,,,,,,,,4,,,,,,5,10,,,,,,,,,ship_old_anti_air_4Ax8,sm_armor_3,ship_JAP_heavy_battery,,,,SM_engine_6,ship_fire_control_system_4,,ship_radar_4,ship_old_light_battery_3x4,,,,,ship_JAP_heavy_battery,,ship_old_light_battery_3x4,ship_dp_Bofors_battery_2x8,ship_dp_Bofors_battery_2x8,ship_JAP_heavy_battery,ship_jet_airplane_launcher_1
Caribbean_navy,Algérie Class,ship_hull_cruiser_1,WIN_HISTORICAL_CA,,,,,,,,,,3,,,,,,7,5,,,,,,,,,ship_old_anti_air_3x8,sm_armor_2,ship_medium_battery_1,,,,SM_engine_2,ship_fire_control_system_3,,ship_radar_3,ship_ENG_light_battery_3x4,,,,,ship_medium_battery_1,,ship_medium_battery_1,ship_ENG_light_battery_3,ship_ENG_light_battery_3,ship_medium_battery_1,
Caribbean_navy,Duguay Trouin Class,ship_hull_cruiser_1,WIN_HISTORICAL_CL,,,,,,,,,,0,,,,,,7,5,,,,,,,,,ship_old_anti_air_3x8,sm_armor_1,ship_old_light_medium_battery_3,,,,SM_engine_2,ship_fire_control_system_3,,ship_radar_3,ship_ENG_light_battery_3x4,,,,,ship_old_light_medium_battery_3,,ship_airplane_launcher_1,ship_old_light_medium_battery_3,dp_ship_old_secondaries_3,ship_old_light_medium_battery_3,
Caribbean_navy,Jeanne D'Arc Class,ship_hull_cruiser_1,WIN_HISTORICAL_CL,,,,,,,,,,0,,,,,,7,5,,,,,,,,,ship_old_anti_air_3x8,sm_armor_1,ship_old_light_medium_battery_2,,,,SM_engine_2,ship_fire_control_system_3,,ship_radar_3,dp_ship_old_secondaries_3,,,,,ship_old_light_medium_battery_2,,ship_airplane_launcher_1,ship_old_light_medium_battery_2,dp_ship_old_secondaries_3,ship_old_light_medium_battery_2,
Caribbean_navy,Java Class,ship_hull_cruiser_1,WIN_HISTORICAL_CL,,,,,,,,,,0,,,,,,7,5,,,,,,,,,ship_dp_Bofors_battery_2,sm_armor_1,ship_old_light_medium_battery_1,,,,SM_engine_2,ship_fire_control_system_3,,ship_radar_3,ship_old_secondaries_1,,,,,ship_old_light_medium_battery_1,,ship_old_light_medium_battery_1,ship_old_anti_air_2x8,ship_mine_layer_2,ship_old_light_medium_battery_1,
Caribbean_navy,Omaha Class,ship_hull_cruiser_1,WIN_HISTORICAL_CL,,,,GFX_Omaha,,,,,,1,,,,,,7,5,,,,,,,,,dp_ship_old_secondaries_3,sm_armor_1,ship_old_light_medium_battery_2,,,,SM_engine_2,ship_fire_control_system_3,,ship_radar_3,ship_old_secondaries_1,,,,,ship_torpedo_2,,ship_old_secondaries_1,ship_mine_layer_3,ship_mine_layer_3,ship_old_light_medium_battery_2,
Caribbean_navy,La Galissonnière Class,ship_hull_cruiser_2,WIN_HISTORICAL_CL,,,,,,,,,,0,,,,,,5,5,,,,,,,,,ship_old_anti_air_3x8,sm_armor_1,ship_light_medium_battery_1,,,,SM_engine_2,ship_fire_control_system_3,,ship_radar_3,ship_old_anti_air_2Ax8,,,,,ship_light_medium_battery_1,,ship_airplane_launcher_1,ship_torpedo_2,dp_FRA_light_batteryx4,ship_light_medium_battery_1,
Caribbean_navy,Emile Bertin Class,ship_hull_cruiser_2,WIN_HISTORICAL_CL,,,,,,,,,,1,,,,,,6,5,,,,,,,,,ship_old_anti_air_3x8,sm_armor_1,ship_light_medium_battery_1,,,,SM_engine_2,ship_fire_control_system_3,,ship_radar_3,dp_FRA_light_batteryx4,,,,,ship_light_medium_battery_1,,ship_airplane_launcher_1,ship_torpedo_2,ship_mine_layer_3,ship_light_medium_battery_1,
Caribbean_navy,De Grasse Class,ship_hull_cruiser_2,WIN_HISTORICAL_CL,,,,,,,,,,2,,,,,,7,5,,,,,,,,,ship_old_anti_air_3x8,sm_armor_1,ship_light_medium_battery_1,,,,SM_engine_2,ship_fire_control_system_3,,ship_radar_3,dp_FRA_light_batteryx4,,,,,ship_light_medium_battery_1,,ship_airplane_launcher_1,ship_torpedo_2,ship_mine_layer_3,ship_light_medium_battery_1,
Caribbean_navy,Le Fantasque Class,ship_hull_cruiser_scout_cruiser,WIN_HISTORICAL_DD,,,yes,,,,,,,0,,,,,,4,3,,,,,,,,,ship_old_anti_air_2x8,sm_armor_0,ship_FRA_light_battery,,,,SM_engine_2,ship_fire_control_system_3,,ship_light_1,,,,,,ship_FRA_light_battery,,ship_torpedo_3,,,ship_FRA_light_battery,
Caribbean_navy,Gryf Class,ship_hull_cruiser_scout_cruiser,WIN_HISTORICAL_DD,,,yes,,,,,,,0,,,,,,4,3,,,,,,,,,ship_dp_Bofors_battery_2x8,sm_armor_0,ship_old_light_battery_3,,,,SM_engine_2,ship_fire_control_system_3,,ship_light_1,,,,,,ship_JAP_light_battery_1,,ship_mine_layer_3,,,ship_mine_layer_3,
Caribbean_navy,Chamois Class,ship_hull_large_frigate,WIN_HISTORICAL_DD,0,,yes,,,,,,,0,,,,,4,,3,,,,,,,,,ship_old_anti_air_1A,,ship_ENG_light_battery_1,,,,SM_engine_2,ship_fire_control_system_3,,ship_radar_3,,,,,ship_old_anti_air_3,,,ship_mine_sweeper_2,ship_mine_sweeper_2,ship_mine_sweeper_2,,
Caribbean_navy,Grom Class,ship_hull_light_1,WIN_HISTORICAL_DD,,,yes,,,,,,,0,,,,,5,,4,,,,,,,,,ship_dp_Bofors_battery_2,,ship_JAP_light_battery_1,,,,SM_engine_2,ship_sonar_3,,ship_radar_3,,,,,ship_torpedo_3,ship_JAP_light_battery_1,,ship_old_light_battery_3,ship_depth_charge_projection_device_1,ship_JAP_light_battery_1,ship_depth_charge_2,
Caribbean_navy,Leningrad Class,ship_hull_light_1,WIN_HISTORICAL_DD,,,yes,,,,,,,0,,,,,5,,4,,,,,,,,,ship_old_anti_air_4A,,ship_dp_Bofors_battery_3,,,,SM_engine_2,ship_sonar_3,,ship_radar_3,,,,,ship_torpedo_2,ship_dp_Bofors_battery_3,,ship_old_anti_air_2x8,ship_dp_Bofors_battery_1,ship_dp_Bofors_battery_3,ship_depth_charge_2,
Caribbean_navy,Burza Class,ship_hull_light_1,WIN_HISTORICAL_DD,,,yes,,,,,,,0,,,,,5,,4,,,,,,,,,ship_old_anti_air_4A,,ship_JAP_light_battery_1,,,,SM_engine_2,ship_sonar_3,,ship_radar_3,,,,,ship_torpedo_3,ship_JAP_light_battery_1,,ship_old_anti_air_4A,ship_torpedo_2,ship_old_anti_air_4A,ship_depth_charge_2,
Caribbean_navy,Fletcher Class,ship_hull_light_3,WIN_HISTORICAL_DD,,,,GFX_Fletcher,,,,,,1,,,,,8,,3,,,,,,,,,ship_dp_Bofors_battery_2,,ship_dp_old_light_battery_2,,,,SM_engine_2,ship_sonar_4,,ship_radar_4,,,,,ship_torpedo_3,ship_dp_old_light_battery_2,ship_depth_charge_projection_device_2,ship_dp_old_light_battery_2,ship_dp_old_light_battery_2,ship_dp_old_light_battery_2,ship_old_anti_air_3,ship_depth_charge_2
Caribbean_navy,Evarts Class,ship_hull_light_3,WIN_HISTORICAL_DD,,,,,,,,,,2,,,,,5,,5,,,,,,,,,ship_old_anti_air_3x8,,ship_dp_old_light_battery_1,,,,SM_engine_2,ship_sonar_4,,ship_radar_4,,,,,ship_short_torpedo_1,ship_old_anti_air_3,ship_depth_charge_projection_device_2,ship_dp_Bofors_battery_2,ship_depth_charge_projection_device_2,ship_dp_old_light_battery_1,ship_dp_old_light_battery_1,ship_depth_charge_2
Caribbean_navy,Tacoma Class,ship_hull_frigate_2,WIN_HISTORICAL_CL,,,,GFX_Tacoma,,,5,5,,,,,4,,,,10,,,,,,,,,ship_dp_Bofors_battery_2,,ship_dp_old_light_battery_1,,,,SM_engine_2,ship_radar_4,,ship_sonar_4,,,,ship_dp_Bofors_battery_2,,ship_depth_charge_projection_device_4,,ship_depth_charge_projection_device_4,,,,
Caribbean_navy,Diligente Class,ship_hull_frigate_1,WIN_HISTORICAL_DD,0,,,,,,,,,,,,2,,,,2,,,,,,,,,ship_old_anti_air_1,,ship_ENG_light_battery_2,,,,SM_engine_2,,,ship_radar_2,,,,ship_depth_charge_1,,ship_ENG_light_battery_2,,,,,,
Caribbean_navy,Élan Class,ship_hull_frigate_1,WIN_HISTORICAL_DD,0,,,,,,,2,,,,,2,,,,2,,,,,,,,,ship_old_anti_air_1,,ship_ENG_light_battery_2,,,,SM_engine_2,,,ship_radar_2,,,,ship_depth_charge_1,,ship_dp_Bofors_battery_1,,,,,,
Caribbean_navy,Orzeł Class,ship_hull_submarine_2,WIN_HISTORICAL_SS,,,,,,,,,,2,,,,,,,2,,2,,,,,,,,,,,,,sub_engine_3,,,ship_radar_3,,ship_sonar_3,ship_old_sub_snorkel_2,,ship_torpedo_sub_2,ship_dp_old_light_battery_1,,ship_old_anti_air_3,,,ship_torpedo_sub_2,
Caribbean_navy,Surcouf Class,ship_hull_cruiser_submarine,WIN_HISTORICAL_SS,0,,,,,,,,4,5,,,,,,,6,,4,,,,,,,,,,,,,sub_engine_3,,,ship_radar_2,,ship_sonar_2,ship_old_sub_snorkel_2,,ship_torpedo_sub_3,ship_torpedo_sub_3,,sub_medium_battery_1,ship_anti_air_1,ship_old_anti_air_4A,ship_airplane_launcher_2,
turkey_navy,Moltke Class,ship_hull_dreadnought,TUR_HISTORICAL_BC,,,yes,,,,,,,4,,,,5,,,3,,,,,,,,,ship_dp_Bofors_battery_1x8,sm_armor_2,ship_SPR_heavy_battery_1,,,,SM_engine_2,ship_fire_control_system_3,,ship_radar_2,dp_ship_secondaries_A,,,,,ship_SPR_heavy_battery_1,,ship_SPR_heavy_battery_1,ship_SPR_heavy_battery_1,,ship_SPR_heavy_battery_1,
turkey_navy,Demirhisar Class,ship_hull_light_1,TUR_HISTORICAL_DD,,,yes,,,,,,,1,,,,,3,,4,,,,,,,,,ship_old_anti_air_4A,,ship_old_light_battery_2,,,,SM_engine_2,ship_sonar_2,,ship_light_1,,,,,ship_torpedo_4,,,ship_old_light_battery_2,,,ship_depth_charge_2,
turkey_navy,Kocatepe Class,ship_hull_light_1,TUR_HISTORICAL_DD,,,yes,,,,,,,2,,,,,4,,4,,,,,,,,,ship_dp_Bofors_battery_1,,ship_old_light_battery_1,,,,SM_engine_2,ship_sonar_2,,ship_radar_2,,,,,ship_torpedo_1,ship_old_light_battery_1,,ship_old_light_battery_1,,,ship_old_light_battery_1,
turkey_navy,Tinaztepe Class,ship_hull_light_1,TUR_HISTORICAL_DD,,,yes,,,,,,,2,,,,,4,,4,,,,,,,,,ship_dp_Bofors_battery_1,,ship_old_light_battery_1,,,,SM_engine_2,ship_sonar_2,,ship_radar_2,,,,,ship_torpedo_2,ship_dp_Bofors_battery_1,,ship_torpedo_1,,,ship_old_light_battery_1,
turkey_navy,Ay Class,ship_hull_submarine_1,TUR_HISTORICAL_SS,1,,yes,,,,,,1,,,,,,,,,,1,,,,,,,,,,,,,sub_engine_3,,,ship_radar_1,,ship_sonar_1,ship_sub_snorkel_1,,ship_torpedo_sub_1,ship_ENG_light_battery_1,,,,,ship_torpedo_sub_1,
turkey_navy,Oruç Reis Class,ship_hull_submarine_1,TUR_HISTORICAL_SS,1,,yes,,,,,,,,,,,,,,,,1,,,,,,,,,,,,,sub_engine_3,,,ship_radar_1,,ship_sonar_1,ship_sub_snorkel_1,,ship_torpedo_sub_1,ship_dp_old_light_battery_1,,,,,ship_torpedo_sub_1,
turkey_navy,U-Boot Class Type I,ship_hull_submarine_1,TUR_HISTORICAL_SS,0,,,,,,,,1,,,,,,,,,,2,,,,,,,,,,,,,sub_engine_3,,,ship_radar_1,,ship_sonar_1,ship_sub_snorkel_1,,ship_torpedo_sub_1,ship_old_anti_air_3,,,,,ship_torpedo_sub_1,
turkey_navy,U-Boot Class Type UB III,ship_hull_submarine_1,TUR_HISTORICAL_SS,0,,,,,,,,,,,,,,,,,,2,,,,,,,,,,,,,sub_engine_3,,,ship_radar_1,,ship_sonar_1,ship_sub_snorkel_1,,ship_torpedo_sub_1,empty,,,,,ship_torpedo_sub_1,
turkey_navy,Vettor Pisani Class,ship_hull_submarine_1,TUR_HISTORICAL_SS,1,,yes,,,,,,,1,,,,,,,1,,1,,,,,,,,,,,,,sub_engine_3,,,ship_radar_1,,ship_sonar_1,ship_sub_snorkel_1,,ship_torpedo_sub_1,ship_ENG_light_battery_1,,ship_anti_air_1,,,ship_torpedo_sub_1,
turkey_navy,Argonauta Class,ship_hull_miget_sub,TUR_HISTORICAL_SS,,,yes,,,,,,,4,,,,,,,4,,3,,,,,,,ship_ENG_light_battery_2,,,,,,sub_engine_3,,,,,,,,ship_torpedo_sub_2,ship_extra_fuel_tank,,ship_anti_air_1,,,,
America_navy,Constitution Class,ship_hull_wooden_hulled_heavy,ENG_HISTORICAL_BB,3,,yes,,,,,,,5,,,,3,,,3,,,,,,,,,ship_dp_old_light_battery_1,,ship_dp_old_light_battery_1,,,,SM_engine_s,ship_fire_control_system_0,,ship_light_1,,,,,,dp_ship_old_secondaries_2,,,,,,
America_navy,Ranger Class,ship_hull_carrier_1,USA_HISTORICAL_CV,,,,,,,,,,5,7,5,,,,,9,,,,,,,,,ship_sonar_4,sm_armor_3,,flush_deck,ship_armor_carrier_deck,,SM_engine_4,,,ship_radar_3,ship_old_anti_air_2x8,,,,,ship_old_anti_air_2x8,,ship_old_anti_air_2x8,,,,
America_navy,Yorktown Class,ship_hull_carrier_1,USA_HISTORICAL_CV,,,,,,,,,,5,7,3,,,,,5,,,,,,,,,ship_sonar_4,sm_armor_3,,flush_deck,ship_armor_carrier_deck,,SM_engine_4,,,ship_radar_3,ship_old_anti_air_2x8,,,,,ship_old_anti_air_2x8,,ship_old_anti_air_2x8,,,,
America_navy,Essex Class,ship_hull_carrier_3,USA_HISTORICAL_CV,,,,,,,,,,7,8,5,,,,,10,,,,,,,,,,sm_armor_3,,oil_catapult,ship_armor_carrier_deck_2,ship_dp_light_batteryx4,SM_engine_2,ship_fire_control_system_2,,ship_radar_3,,,,,,ship_dp_Bofors_battery_1x8,,ship_dp_light_batteryx4,ship_dp_light_batteryx4,,,
America_navy,Lexington Class,ship_hull_carrier_3,USA_HISTORICAL_CV,,,,,,,,,,7,8,5,,,,,10,,,,,,,,,,sm_armor_3,,oil_catapult,ship_armor_carrier_deck_2,ship_dp_light_batteryx4,SM_engine_2,ship_fire_control_system_4,,ship_radar_4,,,,,,ship_dp_Bofors_battery_1x8,,ship_dp_light_batteryx4,ship_dp_light_batteryx4,,,
America_navy,Yorktown Class,ship_hull_carrier_3,USA_HISTORICAL_CV,,,,,,,,,,7,10,5,,,,,10,,,,,,,,,,sm_armor_3,,oil_catapult,ship_armor_carrier_deck_2,ship_dp_light_batteryx4,SM_engine_2,ship_fire_control_system_2,,ship_radar_3,,,,,,ship_dp_Bofors_battery_1x8,,ship_dp_light_batteryx4,ship_dp_light_batteryx4,,,
America_navy,Shangri-la Class,ship_hull_carrier_3,USA_HISTORICAL_CV,,,,,,,,,,7,10,17,,,,,10,,,,,,,,,,sm_armor_3,,oil_catapult,ship_dp_Bofors_battery_2x8,ship_dp_light_batteryx4,SM_engine_2,ship_fire_control_system_2,,ship_radar_3,,,,,,ship_dp_Bofors_battery_1x8,,ship_dp_light_batteryx4,ship_dp_light_batteryx4,,,
America_navy,Independence Class,ship_hull_carrier_conversion_ca_2,USA_HISTORICAL_CV,0,,,GFX_Independence,,,,,,0,,2,,,,,5,,,,,,,,,ship_old_anti_air_4Ax8,sm_armor_1,,flush_deck,ship_dp_Bofors_battery_2x8,,SM_engine_2,,,ship_radar_4,ship_dp_Bofors_battery_2x8,,,,,,,,,,ship_dp_Bofors_battery_2x8,
America_navy,Wyoming Class,ship_hull_dreadnought,USA_HISTORICAL_BB,1,,yes,,,,,,,3,,,,3,,,6,,,,,,,,,ship_dp_Bofors_battery_2x8,sm_armor_3,ship_oldest_heavy_battery_2,,,,SM_engine_2,ship_fire_control_system_3,,ship_radar_3,ship_dp_old_light_battery_3x4,,,,,ship_oldest_heavy_battery_2,,ship_oldest_heavy_battery_2,ship_oldest_heavy_battery_2,ship_oldest_heavy_battery_2,ship_oldest_heavy_battery_2,
America_navy,Baltimore Class,ship_hull_carrier_conversion_ca_2,USA_HISTORICAL_CV,0,,,,,,,,,2,,2,,,,,5,,,,,,,,,ship_old_anti_air_4Ax8,sm_armor_1,,oil_catapult,ship_dp_Bofors_battery_2x8,,SM_engine_2,,,ship_radar_4,ship_dp_Bofors_battery_2x8,,,,,,,,,,ship_dp_Bofors_battery_2x8,
America_navy,New York Class,ship_hull_heavy_0,USA_HISTORICAL_BB,3,,yes,GFX_NewYork,,,,,,3,,,,3,,,2,,,,,,,,,ship_dp_Bofors_battery_3x8,sm_armor_3,ship_older_heavy_battery_1,,,,SM_engine_2,ship_fire_control_system_3,,ship_radar_3,dp_ship_old_secondaries_3,,,,,ship_older_heavy_battery_1,,ship_older_heavy_battery_1,ship_older_heavy_battery_1,ship_old_light_battery_3x4,ship_older_heavy_battery_1,
America_navy,Nevada Class,ship_hull_heavy_0,USA_HISTORICAL_BB,3,,yes,,,,,,,4,,,,3,,,4,,,,,,,,,ship_old_anti_air_3x8,sm_armor_3,ship_older_heavy_battery_1,,,,SM_engine_2,ship_fire_control_system_3,,ship_radar_3,ship_old_secondaries_1,,,,,ship_older_heavy_battery_3,,ship_older_heavy_battery_3,ship_dp_Bofors_battery_3x8,ship_old_secondaries_1,ship_older_heavy_battery_1,
America_navy,Pennsylvania Class,ship_hull_heavy_0,USA_HISTORICAL_BB,3,,yes,GFX_Pennsylvania,,,,,,3,,,,2,,,3,,,,,,,,,ship_old_anti_air_3x8,sm_armor_3,ship_older_heavy_battery_3,,,,SM_engine_2,ship_fire_control_system_3,,ship_radar_3,ship_dp_light_battery,,,,,ship_older_heavy_battery_3,,ship_older_heavy_battery_3,ship_dp_Bofors_battery_3x8,ship_old_secondaries_1,ship_older_heavy_battery_3,
America_navy,New Mexico Class,ship_hull_heavy_0,USA_HISTORICAL_BB,1,,,,,,,,,2,,,,2,,,2,,,,,,,,,ship_old_anti_air_2x8,sm_armor_3,ship_older_heavy_battery_3,,,,SM_engine_2,ship_fire_control_system_3,,ship_radar_3,ship_old_light_battery_3x4,,,,,ship_older_heavy_battery_3,,ship_airplane_launcher_2,ship_dp_light_batteryx4,ship_older_heavy_battery_3,ship_older_heavy_battery_3,
America_navy,Tennessee Class,ship_hull_heavy_1,USA_HISTORICAL_BB,1,,,,,,,,,5,,,,2,,,7,,,,,,,,,ship_dp_Bofors_battery_2x8,sm_armor_3,ship_older_heavy_battery_3,,,,SM_engine_2,ship_fire_control_system_3,,ship_radar_3,ship_old_light_battery_3x4,,,,,ship_older_heavy_battery_3,,ship_dp_Bofors_battery_3x8,ship_dp_light_batteryx4,ship_older_heavy_battery_3,ship_older_heavy_battery_3,
America_navy,Colorado Class,ship_hull_heavy_1,USA_HISTORICAL_BB,1,,,,,,,,,4,,,,2,,,7,,,,,,,,,ship_dp_Bofors_battery_2x8,sm_armor_3,ship_old_heavy_battery_1,,,,SM_engine_2,ship_fire_control_system_3,,ship_radar_3,ship_old_light_battery_3x4,,,,,ship_old_heavy_battery_1,,ship_dp_Bofors_battery_3x8,ship_dp_light_batteryx4,ship_old_heavy_battery_1,ship_old_heavy_battery_1,
America_navy,North Carolina Class,ship_hull_heavy_2,USA_HISTORICAL_BB,1,,,,,,,,,5,,,,5,,,7,,,,,,,,,ship_dp_Bofors_battery_2x8,sm_armor_3,ship_heavy_battery_1,,,,SM_engine_2,ship_fire_control_system_3,,ship_radar_3,ship_old_light_battery_3x4,,,,,ship_heavy_battery_1,,ship_dp_Bofors_battery_3x8,dp_FRA_light_batteryx4,ship_heavy_battery_1,ship_dp_Bofors_battery_1x8,
America_navy,South Dakota Class,ship_hull_heavy_2,USA_HISTORICAL_BB,1,,,,,,,,,6,,,,3,,,7,,,,,,,,,ship_dp_Bofors_battery_2x8,sm_armor_3,ship_heavy_battery_1,,,,SM_engine_2,ship_fire_control_system_3,,ship_radar_3,ship_dp_old_light_battery_3x4,,,,,ship_heavy_battery_1,,ship_dp_Bofors_battery_3x8,ship_dp_old_light_battery_3x4,ship_heavy_battery_1,ship_dp_Bofors_battery_1x8,
America_navy,Iowa Class,ship_hull_heavy_3,USA_HISTORICAL_BB,1,,,,,,,,,5,,,,4,,,7,,,,,,,,,ship_old_anti_air_4Ax8,sm_armor_3,ship_heavy_battery_2,,,,SM_engine_2,ship_fire_control_system_4,,ship_radar_4,ship_old_light_battery_3x4,,,,,ship_heavy_battery_2,,ship_dp_Bofors_battery_1x8,ship_old_light_battery_3x4,ship_heavy_battery_2,ship_dp_Bofors_battery_1x8,
America_navy,Ticonderoga Class,ship_hull_carrier_3,USA_HISTORICAL_CV,,,,,,,,,,7,8,5,,,,,10,,,,,,,,,,sm_armor_3,,oil_catapult,ship_armor_carrier_deck_2,ship_dp_Bofors_battery_2x8,SM_engine_2,ship_fire_control_system_3,,ship_radar_3,,,,,,ship_dp_Bofors_battery_1x8,,ship_dp_light_batteryx4,ship_dp_light_batteryx4,,,
America_navy,Commencement Bay Class,ship_hull_light_carrier_1,USA_HISTORICAL_CVL,0,,,,,,,,,2,2,3,,,,,5,,,,,,,,,ship_dp_Bofors_battery_1x8,sm_armor_2,,oil_catapult,ship_dp_Bofors_battery_1x8,,SM_engine_2,,,ship_radar_4,ship_dp_Bofors_battery_1x8,,,,,ship_dp_Bofors_battery_1x8,,ship_dp_Bofors_battery_2x8,,,,
America_navy,Fletcher Class,ship_hull_light_3,USA_HISTORICAL_DD,,,,GFX_Fletcher,,,,,,1,,,,,8,,3,,,,,,,,,ship_dp_Bofors_battery_2,,ship_dp_old_light_battery_2,,,,SM_engine_2,ship_sonar_4,,ship_radar_4,,,,,ship_torpedo_3,ship_dp_old_light_battery_2,ship_depth_charge_projection_device_2,ship_dp_old_light_battery_2,ship_dp_old_light_battery_2,ship_dp_old_light_battery_2,ship_old_anti_air_3x8,ship_depth_charge_2
America_navy,Rudderow Class,ship_hull_light_3,USA_DE_HISTORICAL,,,,,,,,,,3,,,,,2,,10,,,,,,,,,ship_dp_Bofors_battery_2,,ship_dp_old_light_battery_2,,,,SM_engine_2,ship_sonar_4,,ship_radar_4,,,,,ship_torpedo_3,ship_dp_old_light_battery_2,ship_depth_charge_projection_device_2,ship_dp_Bofors_battery_2,ship_depth_charge_projection_device_1,ship_depth_charge_projection_device_1,ship_old_anti_air_3x8,ship_depth_charge_2
America_navy,Lewis Hancock Class,ship_hull_light_3,USA_HISTORICAL_DD,,,,,,,,,,3,,,,,5,,6,,,,,,,,,ship_dp_Bofors_battery_2,,ship_dp_old_light_battery_2,,,,SM_engine_2,ship_sonar_4,,ship_radar_4,,,,,ship_torpedo_3,ship_dp_old_light_battery_2,ship_depth_charge_projection_device_2,ship_dp_old_light_battery_2,ship_dp_old_light_battery_2,ship_dp_old_light_battery_2,ship_old_anti_air_3x8,ship_depth_charge_3
America_navy,Allen M.Sumner Class,ship_hull_light_3,USA_HISTORICAL_DD,,,,,,,,,,2,,,,,5,,5,,,,,,,,,ship_dp_Bofors_battery_2,,ship_dp_old_light_battery_3,,,,SM_engine_2,ship_sonar_4,,ship_radar_4,,,,,ship_torpedo_3,ship_dp_old_light_battery_3,ship_depth_charge_projection_device_2,ship_torpedo_3,ship_old_anti_air_3x8,ship_dp_old_light_battery_3,ship_old_anti_air_3,ship_depth_charge_3
America_navy,Gearing Class,ship_hull_light_3,USA_HISTORICAL_DD,,,,,,,,,,3,,,,,6,,7,,,,,,,,,ship_dp_Bofors_battery_2,,ship_dp_old_light_battery_3,,,,SM_engine_2,ship_sonar_4,,ship_radar_4,,,,,ship_depth_charge_projection_device_2,ship_dp_old_light_battery_3,ship_depth_charge_projection_device_2,ship_dp_old_light_battery_3,ship_old_anti_air_3x8,ship_dp_old_light_battery_3,ship_old_anti_air_3,ship_depth_charge_3
America_navy,Samuel B. Roberts Class,ship_hull_light_3,USA_HISTORICAL_DD,,,,,,,,,,4,,,,,6,,7,,,,,,,,,ship_dp_Bofors_battery_2,,ship_dp_old_light_battery_3,,,,SM_engine_2,ship_sonar_4,,ship_radar_4,,,,,ship_depth_charge_projection_device_2,ship_dp_old_light_battery_3,ship_depth_charge_projection_device_2,ship_dp_old_light_battery_3,ship_old_anti_air_3x8,ship_dp_old_light_battery_3,ship_depth_charge_projection_device_2,ship_depth_charge_projection_device_2
America_navy,Theodore E. Chandler Class,ship_hull_light_3,USA_HISTORICAL_DD,,,,,,,,,,3,,,,,6,,7,,,,,,,,,ship_dp_Bofors_battery_2,,ship_GER_light_battery,,,,SM_engine_2,ship_sonar_4,,ship_radar_4,,,,,ship_depth_charge_projection_device_2,ship_GER_light_battery,ship_depth_charge_projection_device_2,ship_GER_light_battery,ship_old_anti_air_3x8,ship_GER_light_battery,ship_old_anti_air_3,ship_depth_charge_3
America_navy,Lofberg Class,ship_hull_light_3,USA_HISTORICAL_DD,,,,,,,,,,2,,,,,5,,5,,,,,,,,,ship_dp_Bofors_battery_2,,ship_dp_old_light_battery_3,,,,SM_engine_2,ship_sonar_4,,ship_radar_4,,,,,ship_torpedo_3,ship_dp_old_light_battery_3,ship_depth_charge_projection_device_2,ship_old_anti_air_3x8,ship_old_anti_air_3x8,ship_dp_old_light_battery_3,ship_old_anti_air_3x8,ship_depth_charge_3
America_navy,Evarts Class,ship_hull_light_3,USA_HISTORICAL_DD,,,,,,,,,,2,,,,,5,,5,,,,,,,,,ship_old_anti_air_3x8,,ship_dp_old_light_battery_1,,,,SM_engine_2,ship_sonar_4,,ship_radar_4,,,,,ship_short_torpedo_1,ship_old_anti_air_3,ship_depth_charge_projection_device_2,ship_dp_Bofors_battery_2,ship_depth_charge_projection_device_2,ship_dp_old_light_battery_1,ship_dp_old_light_battery_1,ship_depth_charge_2
America_navy,Tacoma Class,ship_hull_frigate_2,USA_HISTORICAL_CL,,,,GFX_Tacoma,,,5,5,,,,,4,,,,10,,,,,,,,,ship_dp_Bofors_battery_2,,ship_dp_old_light_battery_1,,,,SM_engine_2,ship_radar_4,,ship_sonar_4,,,,ship_dp_Bofors_battery_2,,ship_depth_charge_projection_device_4,,ship_depth_charge_projection_device_4,,,,
America_navy,Omaha Class,ship_hull_cruiser_1,USA_HISTORICAL_CL,,,,GFX_Omaha,,,,,,1,,,,,,7,5,,,,,,,,,dp_ship_old_secondaries_3,sm_armor_1,ship_old_light_medium_battery_2,,,,SM_engine_2,ship_fire_control_system_3,,ship_radar_3,ship_old_secondaries_1,,,,,ship_torpedo_2,,ship_old_secondaries_1,ship_mine_layer_3,ship_mine_layer_3,ship_old_light_medium_battery_2,
America_navy,Atlanta Class,ship_hull_cruiser_2,USA_HISTORICAL_CL,,,,,,,,,,2,,,,,,7,5,,,,,,,,,ship_dp_Bofors_battery_2x8,sm_armor_1,ship_dp_old_light_battery_3,,,,SM_engine_2,ship_fire_control_system_3,,ship_radar_3,ship_dp_old_light_battery_3x4,,,,,ship_old_anti_air_3Ax8,,ship_old_anti_air_3Ax8,ship_dp_Bofors_battery_2x8,ship_dp_Bofors_battery_2x8,ship_old_anti_air_3Ax8,
America_navy,Baltimore Class,ship_hull_cruiser_1,USA_HISTORICAL_CA,,,,,,,,,,2,,,,,,7,5,,,,,,,,,ship_dp_Bofors_battery_2x8,sm_armor_2,ship_USA_medium_battery_2,,,,SM_engine_2,ship_fire_control_system_3,,ship_radar_3,ship_dp_old_light_battery_3x4,,,,,ship_USA_medium_battery_2,,ship_dp_old_light_battery_3x4,ship_dp_old_light_battery_3x4,ship_USA_medium_battery_2,ship_old_anti_air_3Ax8,
America_navy,Gato Class,ship_hull_submarine_2,USA_HISTORICAL_SS,0,,,,,,,,3,5,,,,,,,7,,4,,,,,,,,,,,,,sub_engine_3,,,ship_radar_2,,ship_sonar_2,ship_sub_snorkel_1,,ship_torpedo_sub_2,ship_dp_old_light_battery_1,,ship_old_anti_air_3,,,ship_torpedo_sub_2,
America_navy,Alaska Class,ship_hull_CB,USA_HISTORICAL_BB,0,,,,,,,,,4,,,,,,5,10,,,,,,,,,ship_old_anti_air_4Ax8,sm_armor_3,ship_JAP_heavy_battery,,,,SM_engine_6,ship_fire_control_system_4,,ship_radar_4,ship_old_light_battery_3x4,,,,,ship_JAP_heavy_battery,,ship_old_light_battery_3x4,ship_dp_Bofors_battery_2x8,ship_dp_Bofors_battery_2x8,ship_JAP_heavy_battery,ship_jet_airplane_launcher_1
America_navy,Charleston Harbor Class,ship_hull_CB,USA_HISTORICAL_BB,0,,,,,,,,,4,,,,,,8,10,,,,,,,,,ship_old_anti_air_4Ax8,sm_armor_3,ship_JAP_heavy_battery,,,,SM_engine_6,ship_fire_control_system_4,,ship_radar_4,ship_JAP_light_battery_2x4,,,,,ship_JAP_heavy_battery,,ship_old_light_battery_3x4,ship_JAP_light_battery_2x4,ship_JAP_heavy_battery,ship_JAP_heavy_battery,ship_dp_Bofors_battery_2x8
America_navy,Montana Class,ship_hull_super_heavy_1,USA_HISTORICAL_BB,0,,,,,,,,,1,,,,3,,,1,,,,,,,,,ship_dp_Bofors_battery_2x8,sm_armor_4,ship_heavy_battery_2,,,,SM_engine_4,ship_fire_control_system_4,,ship_radar_4,ship_old_light_battery_3x4,,,,,ship_heavy_battery_2,ship_old_light_battery_3x4,ship_dp_Bofors_battery_2x8,ship_old_light_battery_3x4,ship_heavy_battery_2,ship_heavy_battery_2,ship_airplane_launcher_2
America_navy,Iowa Class,ship_hull_super_heavy_1,USA_HISTORICAL_BB,0,,,,,,,,,3,,,,5,,,2,,,,,,,,,ship_dp_Bofors_battery_2x8,sm_armor_4,ship_super_heavy_battery_0,,,,SM_engine_4,ship_fire_control_system_4,,ship_radar_4,ship_old_light_battery_3x4,,,,,ship_super_heavy_battery_0,ship_old_light_battery_3x4,ship_dp_Bofors_battery_2x8,ship_old_light_battery_3x4,ship_super_heavy_battery_0,ship_super_heavy_battery_0,ship_airplane_launcher_2
America_navy,Colorado Class,ship_hull_super_heavy_1,USA_HISTORICAL_BB,0,,,,,,,,,6,,,,3,,,3,,,,,,,,,ship_dp_Bofors_battery_2x8,sm_armor_4,ship_super_heavy_battery_0,,,,SM_engine_4,ship_fire_control_system_4,,ship_radar_4,ship_old_light_battery_3x4,,,,,ship_super_heavy_battery_0,ship_old_light_battery_3x4,ship_dp_Bofors_battery_2x8,ship_old_light_battery_3x4,ship_super_heavy_battery_0,ship_super_heavy_battery_0,ship_airplane_launcher_2
America_navy,Northampton Class,ship_hull_cruiser_1,USA_HISTORICAL_CA,,,,,,,,,,3,,,,,,5,5,,,,,,,,,ship_old_anti_air_3,sm_armor_2,ship_USA_medium_battery_1,,,,SM_engine_2,ship_fire_control_system_3,,ship_radar_3,ship_dp_Bofors_battery_3x8,,,,,ship_USA_medium_battery_1,,ship_old_light_battery_3x4,ship_anti_air_rocket_2,ship_old_light_battery_3x4,ship_anti_air_rocket_2,
America_navy,Des Moines Class,ship_hull_cruiser_3,USA_HISTORICAL_CA,,,,,,,,,,3,,,,,,3,4,,,,,,,,,ship_dp_Bofors_battery_3x8,sm_armor_2,ship_USA_medium_battery_2,,,,SM_engine_6,ship_fire_control_system_3,,ship_radar_3,ship_old_light_battery_3x4,,,,,ship_USA_medium_battery_2,,dp_ship_old_secondaries_3,ship_old_light_battery_3x4,dp_ship_old_secondaries_3,ship_USA_medium_battery_2,
America_navy,Cleveland Class,ship_hull_cruiser_2,USA_HISTORICAL_CL,,,,,,,,,,2,,,,,,3,3,,,,,,,,,ship_dp_Bofors_battery_2x8,sm_armor_1,ship_USA_light_medium_battery,,,,SM_engine_3,ship_fire_control_system_4,,ship_radar_4,ship_old_light_battery_3x4,,,,,ship_USA_light_medium_battery,,ship_dp_Bofors_battery_3x8,ship_old_light_battery_3,ship_USA_light_medium_battery,ship_USA_light_medium_battery,
America_navy,Fargo Class,ship_hull_cruiser_2,USA_HISTORICAL_CL,,,,,,,,,,3,,,,,,4,4,,,,,,,,,ship_dp_Bofors_battery_2x8,sm_armor_1,ship_USA_light_medium_battery,,,,SM_engine_3,ship_fire_control_system_4,,ship_radar_4,ship_old_light_battery_3x4,,,,,ship_USA_light_medium_battery,,ship_dp_Bofors_battery_3x8,ship_old_light_battery_3,ship_USA_light_medium_battery,ship_USA_light_medium_battery,
America_navy,Worcester Class,ship_hull_cruiser_3,USA_HISTORICAL_CL,,,,,,,,,,3,,,,,,4,4,,,,,,,,,ship_dp_Bofors_battery_2x8,sm_armor_1,ship_USA_light_medium_battery,,,,SM_engine_3,ship_fire_control_system_4,,ship_radar_4,dp_ship_old_secondaries_3,,,,,ship_USA_light_medium_battery,,ship_USA_light_medium_battery,dp_ship_old_secondaries_3,ship_USA_light_medium_battery,ship_USA_light_medium_battery,ship_USA_light_medium_battery
America_navy,Oakland Class,ship_hull_cruiser_3,USA_HISTORICAL_CL,,,,,,,,,,4,,,,,,3,5,,,,,,,,,dp_ship_secondaries_3,sm_armor_1,ship_GER_light_battery,,,,SM_engine_6,ship_fire_control_system_4,,ship_radar_4,dp_ship_secondaries_3,,,,,ship_GER_light_battery,,ship_USA_light_medium_battery,dp_ship_secondaries_3,ship_GER_light_battery,ship_GER_light_battery,ship_GER_light_battery
America_navy,Porpoise Class,ship_hull_submarine_3,USA_HISTORICAL_SS,0,,,,,,,,2,1,,,,,,,5,,2,,,,,,,,,,,,,sub_engine_3,,,ship_radar_2,,ship_sonar_3,ship_sub_snorkel_1,,ship_torpedo_sub_3,ship_extra_fuel_tank_2,,empty,,,ship_torpedo_sub_2,
America_navy,Tambor Class,ship_hull_submarine_3,USA_HISTORICAL_SS,0,,,,,,,,2,2,,,,,,,5,,2,,,,,,,,,,,,,sub_engine_3,,,ship_radar_2,,ship_sonar_3,ship_sub_snorkel_1,,ship_torpedo_sub_3,ship_extra_fuel_tank_2,,empty,,,ship_torpedo_sub_2,
America_navy,Salmon Class,ship_hull_submarine_3,USA_HISTORICAL_SS,0,,,,,,,,2,2,,,,,,,5,,3,,,,,,,,,,,,,sub_engine_3,,,ship_radar_2,,ship_sonar_3,ship_sub_snorkel_1,,ship_torpedo_sub_3,ship_extra_fuel_tank_2,,empty,,,ship_torpedo_sub_2,
America_navy,Tench Class,ship_hull_submarine_3,USA_HISTORICAL_SS,0,,,,,,,,3,2,,,,,,,5,,4,,,,,,,,,,,,,sub_engine_3,,,ship_radar_2,,ship_sonar_3,ship_sub_snorkel_1,,ship_torpedo_sub_3,ship_extra_fuel_tank_3,,empty,,,ship_torpedo_sub_3,
America_navy,New Orleans Class,ship_hull_cruiser_1,USA_HISTORICAL_CA,,,,,,,,,,3,,,,,,7,5,,,,,,,,,ship_old_anti_air_3x8,sm_armor_2,ship_USA_medium_battery_2,,,,SM_engine_2,ship_fire_control_system_3,,ship_radar_3,ship_dp_Bofors_battery_1x8,,,,,ship_old_anti_air_3x8,,ship_USA_medium_battery_2,ship_dp_Bofors_battery_1x8,ship_old_anti_air_3x8,ship_USA_medium_battery_2,
America_navy,Wichita Class,ship_hull_cruiser_1,USA_HISTORICAL_CA,,,,,,,,,,3,,,,,,7,5,,,,,,,,,ship_old_anti_air_3x8,sm_armor_2,ship_USA_medium_battery_2,,,,SM_engine_2,ship_fire_control_system_3,,ship_radar_3,ship_old_light_battery_3x4,,,,,ship_old_anti_air_3x8,,ship_USA_medium_battery_2,ship_dp_Bofors_battery_1x8,ship_old_light_battery_3x4,ship_USA_medium_battery_2,
mexico_navy,Gearing Class,ship_hull_light_3,MEX_HISTORICAL_DD,,,,,,,,,,3,,,,,6,,7,,,,,,,,,ship_dp_Bofors_battery_2,,ship_dp_old_light_battery_3,,,,SM_engine_2,ship_sonar_4,,ship_radar_4,,,,,ship_depth_charge_projection_device_2,ship_dp_old_light_battery_3,ship_depth_charge_projection_device_2,ship_dp_old_light_battery_3,ship_old_anti_air_3x8,ship_dp_old_light_battery_3,ship_old_anti_air_3,ship_depth_charge_3
mexico_navy,Baltimore Class,ship_hull_cruiser_1,MEX_HISTORICAL_CA,,,,,,,,,,2,,,,,,7,5,,,,,,,,,ship_dp_Bofors_battery_2x8,sm_armor_2,ship_USA_medium_battery_2,,,,SM_engine_2,ship_fire_control_system_3,,ship_radar_3,ship_dp_old_light_battery_3x4,,,,,ship_USA_medium_battery_2,,ship_dp_old_light_battery_3x4,ship_dp_old_light_battery_3x4,ship_USA_medium_battery_2,ship_old_anti_air_3Ax8,
mexico_navy,Fletcher Class,ship_hull_light_3,MEX_HISTORICAL_DD,,,,GFX_Fletcher,,,,,,1,,,,,8,,3,,,,,,,,,ship_dp_Bofors_battery_2,,ship_dp_old_light_battery_2,,,,SM_engine_2,ship_sonar_4,,ship_radar_4,,,,,ship_torpedo_3,ship_dp_old_light_battery_2,ship_depth_charge_projection_device_2,ship_dp_old_light_battery_2,ship_dp_old_light_battery_2,ship_dp_old_light_battery_2,ship_old_anti_air_3,ship_depth_charge_2
mexico_navy,Omaha Class,ship_hull_cruiser_1,MEX_HISTORICAL_CL,,,,GFX_Omaha,,,,,,1,,,,,,7,5,,,,,,,,,dp_ship_old_secondaries_3,sm_armor_1,ship_old_light_medium_battery_2,,,,SM_engine_2,ship_fire_control_system_3,,ship_radar_3,ship_old_secondaries_1,,,,,ship_torpedo_2,,ship_old_secondaries_1,ship_mine_layer_3,ship_mine_layer_3,ship_old_light_medium_battery_2,
mexico_navy,Casablanca Class,ship_hull_carrier_conversion_mc,MEX_HISTORICAL_CV,,,,,,,,,,1,5,2,,,,,5,,,,,,,,,ship_dp_Bofors_battery_1x8,sm_armor_ms_1,,flush_deck,empty,,SM_engine_3,,,ship_radar_3,ship_dp_Bofors_battery_1x8,,,,,,,,,,,
mexico_navy,Tacoma Class,ship_hull_frigate_2,MEX_HISTORICAL_DD,,,,GFX_Tacoma,,,5,5,,,,,4,,,,10,,,,,,,,,ship_dp_Bofors_battery_2,,ship_dp_old_light_battery_1,,,,SM_engine_2,ship_radar_4,,ship_sonar_4,,,,ship_dp_Bofors_battery_2,,ship_depth_charge_projection_device_4,,ship_depth_charge_projection_device_4,,,,
mexico_navy,Progreso Class,ship_hull_cruiser_0_transport_remodeling,MEX_HISTORICAL_CL,,,yes,,,,,,,2,,,,,,4,3,,,,,,,,,ship_oldest_light_battery_2,sm_armor_ms_1,ship_oldest_light_battery_2,,,,SM_engine_2,ship_fire_control_system_0,,ship_light_1,ship_oldest_light_battery_2,,,,,,,ship_oldest_light_battery_2,,,,
mexico_navy,Edsall Class,ship_hull_light_3,MEX_HISTORICAL_DD,,,,,,,,,,2,,,,,3,,5,,,,,,,,,ship_old_anti_air_3x8,,ship_dp_old_light_battery_1,,,,SM_engine_2,ship_sonar_4,,ship_radar_4,,,,,ship_short_torpedo_1,ship_old_anti_air_3,ship_depth_charge_projection_device_2,ship_dp_Bofors_battery_2,ship_depth_charge_projection_device_2,ship_dp_old_light_battery_1,ship_dp_old_light_battery_1,ship_depth_charge_2
mexico_navy,Crosley Class,ship_hull_light_3,MEX_HISTORICAL_DD,,,,,,,,,,2,,,,,5,,5,,,,,,,,,ship_dp_Bofors_battery_2,,ship_dp_old_light_battery_2,,,,SM_engine_2,ship_sonar_4,,ship_radar_4,,,,,ship_torpedo_3,ship_dp_Bofors_battery_2,ship_old_anti_air_3,ship_dp_Bofors_battery_2,ship_dp_Bofors_battery_2,ship_dp_Bofors_battery_2,ship_old_anti_air_3,ship_old_anti_air_3
mexico_navy,Blas Godínez Class,ship_hull_micro_3,,,,,,,,,,,,,,8,,,,8,,,,,,,,,ship_old_anti_air_2A,,ship_dp_old_light_battery_1,,,,SM_engine_2,ship_sonar_1,,ship_radar_2,,,,empty,,,,ship_dp_Bofors_battery_2,,,ship_dp_Bofors_battery_2,
mexico_navy,Admirable Class,ship_hull_micro_4,,,,,,,,,,,,,,5,,,,6,,,,,,,,,ship_old_anti_air_2A,,ship_dp_old_light_battery_1,,,,SM_engine_2,ship_sonar_2,,ship_radar_2,,,,ship_depth_charge_projection_device_1,,ship_old_anti_air_2A,,ship_depth_charge_projection_device_1,,,ship_old_anti_air_2A,
mexico_navy,Auk Class,ship_hull_micro_4,,,,,,,,,,,,,,6,,,,6,,,,,,,,,ship_old_anti_air_2A,,ship_dp_old_light_battery_1,,,,SM_engine_2,ship_sonar_3,,ship_radar_3,,,,ship_depth_charge_projection_device_2,,ship_old_anti_air_2A,,ship_depth_charge_projection_device_2,,,ship_old_anti_air_2A,
mexico_navy,Abnaki Class,ship_hull_micro_4,,,,,,,,,,,,,,6,,,,6,,,,,,,,,ship_dp_Bofors_battery_2,,ship_dp_old_light_battery_1,,,,SM_engine_2,ship_sonar_3,,ship_radar_3,,,,empty,,ship_old_anti_air_2A,,ship_dp_Bofors_battery_2,,,ship_old_anti_air_2A,
mexico_navy,Durango Class,ship_hull_micro_4,,,,,,,,,,,,,,6,,,,6,,,,,,,,,ship_old_anti_air_2A,,ship_ENG_light_battery_2,,,,SM_engine_2,ship_sonar_3,,ship_radar_3,,,,empty,,ship_ENG_light_battery_2,,ship_oldest_light_battery_2,,,ship_old_anti_air_2A,
mexico_navy,Guanajuato Class,ship_hull_micro_4,,,,,,,,,,,,,,6,,,,6,,,,,,,,,ship_old_anti_air_2A,,ship_ENG_light_battery_2,,,,SM_engine_2,ship_sonar_3,,ship_radar_3,,,,empty,,ship_ENG_light_battery_2,,ship_ENG_light_battery_2,,,ship_old_anti_air_2A,
mexico_navy,Wyoming Class,ship_hull_dreadnought,MEX_HISTORICAL_BB,1,,,,,,,,,3,,,,3,,,6,,,,,,,,,ship_dp_Bofors_battery_2x8,sm_armor_3,ship_oldest_heavy_battery_2,,,,SM_engine_2,ship_fire_control_system_3,,ship_radar_3,ship_dp_old_light_battery_3x4,,,,,ship_oldest_heavy_battery_2,,ship_oldest_heavy_battery_2,ship_oldest_heavy_battery_2,ship_oldest_heavy_battery_2,ship_oldest_heavy_battery_2,
mexico_navy,Anáhuac Class,ship_hull_cruiser_coastal_defense_ship_1,MEX_HISTORICAL_BB,0,,,,,,,,,5,,,,,,10,4,,,,,,,,,ship_old_anti_air_2Ax8,sm_armor_3,ship_mid_battery_3,,,,SM_engine_3,ship_fire_control_system_1,,ship_radar_1,dp_ship_old_secondaries_2,,,,,ship_torpedo_uw,,ship_older_secondaries_2,ship_old_secondaries_1,,ship_mid_battery_3,
Australian_Administrative_Union_of_New_Guinea_Navy,London Class,ship_hull_cruiser_1,PNG_HISTORICAL_CA,,,,,,,,,,2,,,,,,5,5,,,,,,,,,ship_old_anti_air_3,sm_armor_2,ship_old_medium_battery_3,,,,SM_engine_2,ship_fire_control_system_2,,ship_radar_2,ship_dp_Bofors_battery_3x8,,,,,ship_old_medium_battery_3,,ship_torpedo_3,ship_old_medium_battery_3,ship_ENG_light_battery_3x4,ship_old_medium_battery_3,
Australian_Administrative_Union_of_New_Guinea_Navy,Koningin Regentes Class,ship_hull_cruiser_coastal_defense_ship_1,PNG_HISTORICAL_BB,,,,,,,,,,4,,,,,,1,6,,,,,,,,,ship_dp_Bofors_battery_2x8,sm_armor_2,ship_ENG_mid_battery_1,,,,SM_engine_2,ship_fire_control_system_3,,ship_radar_2,dp_ship_secondaries_A,,,,,ship_dp_Bofors_battery_2x8,,dp_ship_old_secondaries_2,dp_ship_old_secondaries_2,,ship_ENG_mid_battery_1,
Australian_Administrative_Union_of_New_Guinea_Navy,Jacob van Heemskerck Class,ship_hull_cruiser_coastal_defense_ship_1,PNG_HISTORICAL_BB,,,,,,,,,,2,,,,,,1,5,,,,,,,,,dp_ship_secondaries_A,sm_armor_2,ship_ENG_mid_battery_1,,,,SM_engine_2,ship_fire_control_system_3,,ship_radar_2,ship_GER_light_batteryx4,,,,,ship_GER_light_batteryx4,,ship_dp_Bofors_battery_2x8,ship_dp_Bofors_battery_2x8,,ship_ENG_mid_battery_1,
Australian_Administrative_Union_of_New_Guinea_Navy,Java Class,ship_hull_cruiser_1,PNG_HISTORICAL_CL,,,,,,,,,,0,,,,,,7,5,,,,,,,,,ship_dp_Bofors_battery_2,sm_armor_1,ship_old_light_medium_battery_1,,,,SM_engine_2,ship_fire_control_system_3,,ship_radar_3,ship_old_secondaries_1,,,,,ship_old_light_medium_battery_1,,ship_old_light_medium_battery_1,ship_old_anti_air_2x8,ship_mine_layer_2,ship_old_light_medium_battery_1,
Australian_Administrative_Union_of_New_Guinea_Navy,De Ruyter Class,ship_hull_cruiser_2,PNG_HISTORICAL_CL,,,,,,,,,,2,,,,,,5,5,,,,,,,,,ship_dp_Bofors_battery_1,sm_armor_1,ship_old_light_medium_battery_2,,,,SM_engine_2,ship_fire_control_system_3,,ship_radar_3,ship_dp_Bofors_battery_1,,,,,ship_old_light_medium_battery_2,,ship_airplane_launcher_1,ship_old_anti_air_2x8,ship_old_light_medium_battery_1,ship_old_light_medium_battery_2,
Australian_Administrative_Union_of_New_Guinea_Navy,Tromp Class,ship_hull_cruiser_2,PNG_HISTORICAL_CL,,,,,,,,,,2,,,,,,5,5,,,,,,,,,ship_old_anti_air_3x8,sm_armor_1,ship_old_light_medium_battery_2,,,,SM_engine_2,ship_fire_control_system_3,,ship_radar_3,ship_old_anti_air_2Ax8,,,,,ship_old_light_medium_battery_2,,ship_airplane_launcher_1,ship_torpedo_2,dp_FRA_light_batteryx4,ship_old_light_medium_battery_2,
Australian_Administrative_Union_of_New_Guinea_Navy,Abdiel Class,ship_hull_cruiser_1,PNG_HISTORICAL_CL,,,,,,,,,,1,,,,,,5,3,,,,,,,,,ship_old_anti_air_3,sm_armor_2,ship_ENG_light_battery_3,,,,SM_engine_2,ship_fire_control_system_1,,ship_radar_2,ship_mine_layer_4,,,,,ship_ENG_light_battery_3,,ship_ENG_light_battery_3,ship_dp_Bofors_battery_3x8,ship_mine_layer_3,ship_depth_charge_2,
Australian_Administrative_Union_of_New_Guinea_Navy,Second M Class,ship_hull_light_2,ENG_HISTORICAL_DD,,,yes,,,,,,,0,,,,,6,,4,,,,,,,,,ship_old_anti_air_3,,ship_JAP_light_battery_1,,,,SM_engine_2,ship_sonar_3,,ship_radar_2,,,,,ship_mine_layer_2,,,ship_mine_layer_2,ship_JAP_light_battery_1,ship_depth_charge_projection_device_3,ship_JAP_light_battery_1,
Australian_Administrative_Union_of_New_Guinea_Navy,Hunt II Class,ship_hull_light_1,PNG_HISTORICAL_DD,0,,,,,,,,,0,,,,,0,,2,,,,,,,,,ship_old_anti_air_3,,ship_ENG_light_battery_3,,,,SM_engine_2,ship_fire_control_system_2,,ship_radar_1,,,,,ship_depth_charge_projection_device_2,,,ship_ENG_light_battery_3,,,ship_depth_charge_3,
Australian_Administrative_Union_of_New_Guinea_Navy,Hunt III Class,ship_hull_light_1,PNG_HISTORICAL_DD,0,,,,,,,,,0,,,,,0,,2,,,,,,,,,ship_old_anti_air_3,,ship_ENG_light_battery_3,,,,SM_engine_2,ship_fire_control_system_2,,ship_radar_1,,,,,ship_depth_charge_projection_device_2,,,ship_ENG_light_battery_3,,,ship_depth_charge_2,
Australian_Administrative_Union_of_New_Guinea_Navy,Second H Class,ship_hull_light_1,PNG_HISTORICAL_DD,,,yes,,,,,,,1,,,,,3,,4,,,,,,,,,ship_old_anti_air_4A,,ship_old_light_battery_2,,,,SM_engine_2,ship_sonar_1,,ship_light_1,,,,,ship_torpedo_3,,,ship_old_light_battery_2,,,ship_depth_charge_2,
Australian_Administrative_Union_of_New_Guinea_Navy,Second F Class,ship_hull_light_1,PNG_HISTORICAL_DD,0,,,,,,,,,0,,,,,3,,4,,,,,,,,,ship_old_anti_air_4A,,ship_old_light_battery_2,,,,SM_engine_2,ship_sonar_1,,ship_radar_2,,,,,ship_torpedo_3,,,ship_old_light_battery_2,,,ship_depth_charge_2,
Australian_Administrative_Union_of_New_Guinea_Navy,O Class,ship_hull_light_1,PNG_HISTORICAL_DD,,,yes,,,,,,,0,,,,,5,,3,,,,,,,,,ship_old_anti_air_3,,ship_old_light_battery_2,,,,SM_engine_2,ship_sonar_2,,ship_radar_1,,,,,ship_torpedo_2,,,ship_old_light_battery_2,,,ship_depth_charge_2,
Australian_Administrative_Union_of_New_Guinea_Navy,Prophase Battle Class,ship_hull_light_2,PNG_HISTORICAL_DD,,,yes,,,,,,,0,,,,,5,,4,,,,,,,,,ship_dp_Bofors_battery_2,,ship_old_light_battery_2,,,,SM_engine_2,ship_sonar_3,,ship_radar_3,,,,,ship_torpedo_2,,,ship_anti_submarine_rocket_1,,,ship_depth_charge_2,
Australian_Administrative_Union_of_New_Guinea_Navy,Ch Class,ship_hull_light_2,PNG_HISTORICAL_DD,0,,,,,,,,,0,,,,,6,,4,,,,,,,,,ship_dp_Bofors_battery_2,,ship_ENG_light_battery_2,,,,SM_engine_2,ship_sonar_3,,ship_radar_3,,,,,ship_short_torpedo_1,ship_anti_submarine_rocket_2,,ship_ENG_light_battery_2,,,ship_depth_charge_2,
Australian_Administrative_Union_of_New_Guinea_Navy,Van Galen Class,ship_hull_light_1,PNG_HISTORICAL_DD,,,,,,,,,,0,,,,,5,,4,,,,,,,,,ship_dp_Bofors_battery_2,,ship_old_light_battery_3,,,,SM_engine_2,ship_sonar_3,,ship_radar_3,,,,,ship_torpedo_3,ship_old_light_battery_3,,ship_old_light_battery_3,ship_depth_charge_projection_device_1,ship_old_light_battery_3,ship_depth_charge_2,
Australian_Administrative_Union_of_New_Guinea_Navy,N Class,ship_hull_light_1,ENG_HISTORICAL_DD,,,,,,,,,,0,,,,,4,,3,,,,,,,,,ship_old_anti_air_3,,ship_JAP_light_battery_1,,,,SM_engine_2,ship_sonar_2,,ship_radar_3,,,,,ship_torpedo_2,,,ship_dp_light_battery,,,ship_JAP_light_battery_1,
Australian_Administrative_Union_of_New_Guinea_Navy,Flores Class,ship_hull_light_monitor,PNG_HISTORICAL_DD,,,,,,,,,,5,,,5,,,,5,,,,,,,,,ship_old_anti_air_1x8,,ship_medium_battery_1,,,,SM_engine_2,ship_fire_control_system_2,,ship_radar_2,,,,ship_mine_sweeper_1,,,,ship_dp_old_light_battery_1,,,ship_old_anti_air_4A,
Australian_Administrative_Union_of_New_Guinea_Navy,Johan Maurits van Nassau Class,ship_hull_light_monitor,PNG_HISTORICAL_DD,,,,,,,,,,5,,,5,,,,5,,,,,,,,,ship_old_anti_air_1x8,,ship_medium_battery_1,,,,SM_engine_2,ship_fire_control_system_2,,ship_radar_2,,,,ship_mine_sweeper_1,,,,ship_airplane_launcher_1,,,ship_old_anti_air_4A,
Australian_Administrative_Union_of_New_Guinea_Navy,Krakatau Class,ship_hull_light_monitor,PNG_HISTORICAL_DD,,,,,,,,,,5,,,5,,,,5,,,,,,,,,ship_old_anti_air_1x8,,ship_dp_old_light_battery_1,,,,SM_engine_2,ship_fire_control_system_2,,ship_radar_2,,,,ship_mine_layer_2,,,,ship_mine_layer_2,,,ship_dp_old_light_battery_1,
Australian_Administrative_Union_of_New_Guinea_Navy,K XIV Class,ship_hull_submarine_2,PNG_HISTORICAL_SS,,,,,,,,,,3,,,,,,,0,,3,,,,,,,,,,,,,sub_engine_3,,,ship_radar_3,,ship_sonar_3,ship_old_sub_snorkel_1,,ship_torpedo_sub_2,ship_dp_old_light_battery_1,,ship_old_anti_air_3,,,ship_torpedo_sub_2,
Australian_Administrative_Union_of_New_Guinea_Navy,O-19 Class,ship_hull_submarine_2,PNG_HISTORICAL_SS,,,,,,,,,,2,,,,,,,4,,2,,,,,,,,,,,,,sub_engine_3,,,ship_radar_3,,ship_sonar_3,ship_old_sub_snorkel_2,,ship_torpedo_sub_2,ship_dp_old_light_battery_1,,ship_old_anti_air_3,,,ship_torpedo_sub_2,
Australian_Administrative_Union_of_New_Guinea_Navy,O-21 Class,ship_hull_submarine_2,PNG_HISTORICAL_SS,,,,,,,,,,2,,,,,,,4,,2,,,,,,,,,,,,,sub_engine_3,,,ship_radar_3,,ship_sonar_3,ship_old_sub_snorkel_2,,ship_torpedo_sub_2,ship_torpedo_sub_2,,ship_extra_fuel_tank_2,,,ship_torpedo_sub_2,
Japanese_military_rule_in_New_Guinea_navy,Kumotori Class,ship_hull_heavy_2,EPA_MOUNTAIN,0,,,,,,,,,5,,,,5,,,6,,,,,,,,,ship_dp_Bofors_battery_2x8,sm_armor_2,ship_old_heavy_battery_2,,,,SM_engine_4,ship_fire_control_system_4,,ship_radar_4,ship_JAP_light_medium_battery_4,,,,,ship_old_heavy_battery_2,,ship_dp_Bofors_battery_3x8,ship_dp_Bofors_battery_3x8,,ship_old_heavy_battery_2,
Japanese_military_rule_in_New_Guinea_navy,Inaba Class,ship_hull_cruiser_coastal_defense_ship_2,EPA_HISTORICAL_BB,0,,,,,,,,,7,,,,,,7,10,,,,,,,,,ship_dp_Bofors_battery_2x8,sm_armor_3,ship_JAP_heavy_battery,,,,SM_engine_6,ship_fire_control_system_4,,ship_radar_4,ship_old_secondaries_2,,,,,ship_ITA_light_medium_battery,,dp_GER_light_batteryx4,ship_JAP_light_medium_battery,,ship_JAP_heavy_battery,
Japanese_military_rule_in_New_Guinea_navy,Unryu Class,ship_hull_carrier_1,EPA_HISTORICAL_CV,,,,,,,,,,3,6,4,,,,,6,,,,,,,,,ship_old_anti_air_2Ax8,sm_armor_3,,flush_deck,ship_depth_charge_projection_device_2,,SM_engine_2,,,ship_radar_3,dp_GER_light_batteryx4,,,,,ship_dp_light_batteryx4,,ship_old_anti_air_2Ax8,,,,
Japanese_military_rule_in_New_Guinea_navy,Takao Class,ship_hull_cruiser_2,JAP_MOUNTAIN,,,,,,,,,,3,,,,,,5,5,,,,,,,,,ship_dp_Bofors_battery_3x8,sm_armor_2,ship_medium_battery_1,,,,SM_engine_3,ship_fire_control_system_4,,ship_radar_4,ship_dp_old_light_battery_3x4,,,,,ship_medium_battery_1,,ship_medium_battery_1,ship_medium_battery_1,,ship_medium_battery_1,
Japanese_military_rule_in_New_Guinea_navy,Ooyodo Class,ship_hull_cruiser_3,EPA_RIVER,,,,,,,,,,3,,,,,,4,6,,,,,,,,,ship_dp_Bofors_battery_3x8,sm_armor_2,ship_JAP_light_medium_battery_4,,,,SM_engine_6,ship_sonar_4,,ship_radar_4,dp_GER_light_batteryx4,,,,,ship_JAP_light_medium_battery_4,,dp_GER_light_batteryx4,ship_airplane_launcher_2,ship_JAP_light_medium_battery_4,ship_depth_charge_3,
Japanese_military_rule_in_New_Guinea_navy,Yugumo Class,ship_hull_light_3,EPA_HISTORICAL_DD,,,,,,,,,,2,,,,,6,,6,,,,,,,,,ship_old_anti_air_2Ax8,,ship_JAP_light_battery_2,,,,SM_engine_3,ship_sonar_4,,ship_radar_4,,,,,ship_JAP_torpedo,ship_JAP_light_battery_2,ship_JAP_light_battery_2,ship_JAP_torpedo,ship_mine_sweeper_2,ship_JAP_torpedo,ship_depth_charge_4,ship_old_anti_air_1A
Japanese_military_rule_in_New_Guinea_navy,Matsu Class,ship_hull_light_2,EPA_PLANTS,,,,,,,,,,0,,,,,6,,4,,,,,,,,,ship_old_anti_air_2Ax8,,ship_dp_old_light_battery_2,,,,SM_engine_3,ship_sonar_4,,ship_radar_4,,,,,ship_JAP_torpedo,ship_dp_old_light_battery_3,,ship_mine_sweeper_1,ship_depth_charge_projection_device_1,ship_old_anti_air_3A,ship_depth_charge_4,
Japanese_military_rule_in_New_Guinea_navy,Ukuru Class,ship_hull_frigate_2,EPA_HISTORICAL_CV,,,,,,,5,5,,,,,10,,,,10,,,,,,,,,ship_old_anti_air_2A,,dp_GER_light_battery,,,,SM_engine_2,,,ship_sonar_3,,,,ship_mine_sweeper_2,,dp_GER_light_battery,,ship_depth_charge_projection_device_2,,,,
Japanese_military_rule_in_New_Guinea_navy,Jyun Sen Otsu Class,ship_hull_cruiser_submarine,EPA_HISTORICAL_SS,,,,,,,,,,,,,,,,,3,,4,,,,,,,,,,,,,sub_engine_4,,,ship_radar_3,,ship_sonar_4,,,ship_JAP_torpedo_sub,ship_airplane_launcher_2,,ship_anti_air_1,,,ship_extra_fuel_tank_2,
Indonesian_West_Irian,Soerabaja Class,ship_hull_cruiser_coastal_defense_ship_1,INS_HISTORICAL_BC,0,,,,,,,,,5,,,,,,10,4,,,,,,,,,ship_old_anti_air_2Ax8,sm_armor_3,ship_mid_battery_3,,,,SM_engine_3,ship_fire_control_system_1,,ship_radar_1,ship_old_secondaries_2,,,,,ship_dp_Bofors_battery_1x8,,dp_ship_old_secondaries_3,dp_ship_old_secondaries_3,,ship_mid_battery_3,
Indonesian_West_Irian,Sarwadjala Class,ship_hull_cruiser_armored_cruiser,INS_HISTORICAL_CA,,,,,,,,,,3,,,,,,2,6,,,,,,,,,ship_ENG_light_battery_1x4,sm_armor_3,ship_mid_battery_4,,,,SM_engine_1,ship_fire_control_system_2,,ship_radar_1,dp_ship_old_secondaries_2,,,,,ship_torpedo_uw,,ship_ENG_light_battery_1x4,,,ship_ENG_light_battery_1x4,ship_mid_battery_4
Indonesian_West_Irian,Soetomo Class,ship_hull_cruiser_0,INS_HISTORICAL_CL,0,,,,4,,,,,,,,,,,3,3,,,,,,,,,ship_dp_Bofors_battery_1x8,sm_armor_0,dp_GER_light_battery,,,,SM_engine_2,ship_fire_control_system_2,,ship_radar_2,ship_dp_Bofors_battery_1x8,,,,,ship_depth_charge_projection_device_2,,dp_GER_light_batteryx4,dp_GER_light_batteryx4,,ship_depth_charge_projection_device_2,
Indonesian_West_Irian,Irian Class,ship_hull_cruiser_1,INS_HISTORICAL_CL,0,,,,4,,,,,,,,,,,3,3,,,,,,,,,ship_old_anti_air_2Ax8,sm_armor_1,dp_GER_light_battery,,,,SM_engine_2,ship_fire_control_system_2,,ship_radar_2,ship_dp_Bofors_battery_1x8,,,,,dp_GER_light_battery,,dp_GER_light_batteryx4,dp_GER_light_batteryx4,ship_depth_charge_2,ship_depth_charge_2,
Indonesian_West_Irian,Imam Bonjol Class,ship_hull_cruiser_1,INS_HISTORICAL_CL,0,,,,,,,,,5,,,,,,7,5,,,,,,,,,ship_old_anti_air_2Ax8,sm_armor_2,dp_GER_light_battery,,,,SM_engine_2,ship_fire_control_system_2,,ship_sonar_2,ship_mine_layer_2,,,,,dp_GER_light_battery,,ship_airplane_launcher_1,ship_depth_charge_projection_device_2,dp_GER_light_batteryx4,ship_depth_charge_2,
Indonesian_West_Irian,Bataha Santiago Class,ship_hull_light_2,JAP_PLANTS,,,,,,,,,,6,,,,,4,,14,,,,,,,,,ship_dp_Bofors_battery_3,,ship_dp_Bofors_battery_3,,,,SM_engine_3,ship_sonar_4,,ship_radar_4,,,,,ship_depth_charge_projection_device_4,ship_old_anti_air_2,,ship_mine_sweeper_4,ship_mine_layer_2,ship_mine_layer_2,ship_mine_layer_2,
Indonesian_West_Irian,Kapuas Class,ship_hull_micro_4,INS_HISTORICAL_DD,0,,,,,,,,,,,,10,,,,8,,,,,,,,,ship_old_anti_air_2,,ship_JAP_light_battery_2,,,,SM_engine_2,,,ship_sonar_2,,,,ship_older_torpedo_1,,ship_old_light_battery_3,,ship_depth_charge_projection_device_1,,,ship_depth_charge_2,
Indonesian_West_Irian,Baabullah Class,ship_hull_micro_4,INS_HISTORICAL_DD,0,,,,,,,,,,,,10,,,,8,,,,,,,,,ship_old_anti_air_2A,,ship_dp_old_light_battery_3,,,,SM_engine_2,,,ship_sonar_2,,,,ship_mine_sweeper_1,,ship_dp_old_light_battery_3,,ship_airplane_launcher_1,,,ship_old_anti_air_2A,
Indonesian_West_Irian,Falcon Class,ship_hull_frigate_1,INS_HISTORICAL_DD,0,,,,,,,,,,,,10,,,,8,,,,,,,,,ship_old_anti_air_2A,,ship_dp_old_light_battery_2,,,,SM_engine_2,,,ship_sonar_2,,,,ship_torpedo_2,,ship_depth_charge_projection_device_1,,,,,,
Indonesian_West_Irian,Sen ko II Class,ship_hull_miget_sub,INS_HISTORICAL_SS,0,,,,,,,,,,,,,,,,10,,8,,,,,,,,,,,,,sub_engine_4,,,ship_radar_2,,ship_sonar_2,ship_sub_snorkel_1,,ship_JAP_torpedo_sub,ship_extra_fuel_tank_3,,ship_extra_fuel_tank_3,,,,
Serbia_navy,Lubin Class,ship_hull_cruiser_0_remodeling,,,,,GFX_Biskaya,,,,,,2,,,,,,5,5,,,,,,,,,ship_old_anti_air_1A,sm_armor_ms_1,ship_old_light_battery_1,,,,SM_engine_2,ship_sonar_3,,ship_radar_2,ship_airplane_launcher_2,,,,,,,ship_old_light_battery_1,,,,
Serbia_navy,Nestin Class,ship_hull_large_frigate,,,,yes,GFX_Hestin,,,,,,0,,,,,4,,4,,,,,,,,,ship_old_anti_air_1A,,ship_ENG_light_battery_1,,,,SM_engine_2,ship_sonar_2,,ship_radar_2,,,,,ship_torpedo_2,,,ship_ENG_light_battery_1,ship_old_anti_air_1A,ship_mine_layer_1,,
Serbia_navy,Dubrovnik Class,ship_hull_light_1,,,,,,,,,,,0,,,,,4,,4,,,,,,,,,ship_old_anti_air_4A,,ship_SER_light_battery_1,,,,SM_engine_2,ship_sonar_2,,ship_radar_2,,,,,ship_torpedo_2,ship_SER_light_battery_1,,ship_dp_SER_old_light_battery_1,ship_mine_layer_1,ship_SER_light_battery_1,ship_SER_light_battery_1,
Serbia_navy,Beograd Class,ship_hull_light_1,,,,,,,,,,,0,,,,,4,,4,,,,,,,,,ship_dp_Bofors_battery_3,,ship_old_light_battery_3,,,,SM_engine_2,ship_sonar_2,,ship_radar_2,,,,,ship_torpedo_2,ship_old_light_battery_3,,ship_dp_SER_old_light_battery_1,ship_mine_layer_1,ship_old_light_battery_3,ship_old_light_battery_3,
Serbia_navy,Zmaj Class,ship_hull_cruiser_0_transport_remodeling,,,,yes,,,,,,,0,,,,,,3,5,,,,,,,,,ship_dp_Bofors_battery_3x8,sm_armor_ms_1,dp_FRA_light_battery,,,,SM_engine_2,ship_sonar_1,,ship_radar_1,dp_ship_secondaries_A,,,,,,,ship_airplane_launcher_1,,,,
Serbia_navy,Dalmacija Class,ship_hull_cruiser_defenced_cruiser,,,,,,,,,,,4,,,,,,1,4,,,,,,,,,ship_old_anti_air_4A,sm_armor_1,ship_old_light_battery_1,,,,SM_engine_1,ship_fire_control_system_1,,ship_radar_1,dp_ship_old_secondaries_2,,,,,dp_ship_old_secondaries_3,,ship_torpedo_1,,,ship_old_light_battery_1,
Serbia_navy,Neretva Class,ship_hull_ironclad,,,,,,,,,,,4,,,,,,1,4,,,,,,,,,ship_old_anti_air_2A,sm_armor_1,ship_mid_battery_4,,,,SM_engine_1,ship_fire_control_system_1,,ship_radar_1,ship_torpedo_uw_s,,,,,dp_ship_old_secondaries_1,,ship_mid_battery_4,,,ship_mine_layer_1,
Serbia_navy,Zlarin Class,ship_hull_cruiser_unprotected_cruiser,,,,,,,,,,,4,,,,,,1,4,,,,,,,,,ship_old_anti_air_2A,,ship_GER_light_battery,,,,SM_engine_1,ship_fire_control_system_0,,ship_light_2,ship_mine_sweeper_2,,,,,ship_GER_light_battery,,ship_mine_layer_1,,,ship_mine_layer_1,
Serbia_navy,Marjan Class,ship_hull_micro_2,,0,,,,,,,,,,,,3,,,,5,,,,,,,,,ship_old_anti_air_1,,ship_oldest_light_battery,,,,SM_engine_1,ship_fire_control_system_1,,ship_radar_1,,,,ship_mine_layer_2,,,,ship_oldest_light_battery,,,,
Serbia_navy,T1 Class,ship_hull_micro_3,,0,,,,,,,,,,,,7,,,,5,,,,,,,,,ship_old_anti_air_1,,ship_dp_old_light_battery_1,,,,SM_engine_1,ship_fire_control_system_1,,ship_radar_1,,,,ship_torpedo_1,,,,ship_dp_old_light_battery_1,,,ship_torpedo_2,
Serbia_navy,T5 Class,ship_hull_micro_3,,0,,,,,,,,,,,,7,,,,5,,,,,,,,,ship_old_anti_air_1,,ship_dp_old_light_battery_1,,,,SM_engine_1,ship_fire_control_system_1,,ship_radar_1,,,,ship_torpedo_1,,,,ship_torpedo_2,,,ship_torpedo_2,
Serbia_navy,Beli Orao Class,ship_hull_micro_4,,,,,,,,,,,,,,1,,,,2,,,,,,,,,ship_old_anti_air_1,,ship_dp_Bofors_battery_2,,,,SM_engine_2,ship_fire_control_system_2,,ship_radar_2,,,,ship_dp_Bofors_battery_2,,ship_dp_Bofors_battery_2,,ship_old_anti_air_1,,,ship_old_anti_air_3,
Serbia_navy,TČ101 Class,ship_hull_micro_4,,,,,,,,,,,,,,3,,,,4,,,,,,,,,ship_old_anti_air_1,,ship_dp_Bofors_battery_2,,,,SM_engine_2,ship_fire_control_system_2,,ship_radar_2,,,,ship_dp_Bofors_battery_2,,ship_dp_Bofors_battery_2,,ship_old_anti_air_1,,,ship_old_anti_air_3,
Serbia_navy,Hrabri Class,ship_hull_submarine_1,,1,,yes,,,,,,,,,,,,,,,,1,,,,,,,,,,,,,sub_engine_3,,,ship_radar_1,,ship_sonar_1,ship_sub_snorkel_1,,ship_torpedo_sub_1,ship_dp_old_light_battery_1,,,,,ship_torpedo_sub_1,
Serbia_navy,Smeli Class,ship_hull_submarine_1,,1,,yes,,,,,,1,,,,,,,,,,2,,,,,,,,,,,,,sub_engine_3,,,ship_radar_1,,ship_sonar_1,ship_sub_snorkel_1,,ship_torpedo_sub_1,ship_dp_old_light_battery_1,,,,,ship_torpedo_sub_1,
Serbia_navy,Orao Class,ship_hull_frigate_1,,0,,,,,,,,,,,,10,,,,8,,,,,,,,,ship_old_anti_air_2,,ship_dp_light_battery,,,,SM_engine_2,,,ship_sonar_2,,,,ship_mine_layer_1,,ship_dp_light_battery,,ship_old_anti_air_2,,,,
Serbia_navy,Orjen Class,ship_hull_micro_2,,0,,,,,,,,,,,,5,,,,4,,,,,,,,,ship_old_anti_air_1,,ship_old_anti_air_1,,,,SM_engine_2,,,ship_sonar_2,,,,ship_torpedo_1,,ship_torpedo_1,,ship_torpedo_1,,,,
Serbia_navy,Uskok Class,ship_hull_micro_2,,0,,,,,,,,,,,,5,,,,4,,,,,,,,,ship_old_anti_air_1A,,ship_dp_Bofors_battery_2,,,,SM_engine_2,,,ship_sonar_2,,,,ship_torpedo_2,,ship_torpedo_2,,ship_dp_Bofors_battery_2,,,,
Serbia_navy,D1 Class,ship_hull_frigate_1,,0,,,,,,,,,,,,10,,,,8,,,,,,,,,ship_old_anti_air_2,,ship_anti_air_2,,,,SM_engine_2,,,ship_sonar_2,,,,ship_torpedo_1,,ship_anti_air_2,,ship_mine_sweeper_2,,,,
mittel_africa_navy,Braunschweig Class,ship_hull_cruiser_1,,0,,,,,,,,,2,,,,,,4,2,,,,,,,,,ship_old_anti_air_3,sm_armor_1,ship_GER_medium_battery,,,,SM_engine_2,ship_fire_control_system_2,,ship_radar_4,dp_ship_secondaries_A,,,,,ship_GER_medium_battery,,ship_mine_layer_3,ship_GER_medium_battery,dp_ship_secondaries_A,ship_GER_medium_battery,
mittel_africa_navy,Gazelle Class,ship_hull_cruiser_defenced_cruiser,,,,,,,,,,,4,,,,,,1,4,,,,,,,,,ship_old_anti_air_4A,sm_armor_1,ship_old_light_battery_1,,,,SM_engine_1,ship_fire_control_system_1,,ship_light_2,dp_ship_old_secondaries_2,,,,,dp_ship_old_secondaries_3,,ship_torpedo_1,,,ship_old_light_battery_1,
mittel_africa_navy,Dresden Class,ship_hull_cruiser_defenced_cruiser,,,,,,,,,,,1,,,,,,3,1,,,,,,,,,dp_ship_old_secondaries_1,sm_armor_1,ship_ENG_light_battery_2,,,,SM_engine_2,ship_fire_control_system_3,,ship_light_2,dp_ship_old_secondaries_2,,,,,ship_ENG_light_battery_2,,ship_torpedo_1,,,ship_ENG_light_battery_2,
mittel_africa_navy,Afrika Class,ship_hull_cruiser_1,,,,,,,,,,,1,,,,,,3,1,,,,,,,,,dp_ship_old_secondaries_1,sm_armor_1,dp_GER_light_battery,,,,SM_engine_2,ship_fire_control_system_3,,ship_light_2,dp_ship_old_secondaries_2,,,,,dp_GER_light_battery,,ship_torpedo_1,dp_GER_light_battery,dp_GER_light_battery,dp_GER_light_battery,
mittel_africa_navy,De Grasse Class,ship_hull_cruiser_2,,,,,,,,,,,2,,,,,,7,5,,,,,,,,,ship_old_anti_air_3x8,sm_armor_1,ship_light_medium_battery_1,,,,SM_engine_2,ship_fire_control_system_3,,ship_radar_3,dp_FRA_light_batteryx4,,,,,ship_light_medium_battery_1,,ship_airplane_launcher_1,ship_torpedo_2,ship_mine_layer_3,ship_light_medium_battery_1,
mittel_africa_navy,Z1 Class,ship_hull_light_0,,0,,yes,,,,,,,,,,,,2,,2,,,,,,,,,ship_old_anti_air_4A,,ship_old_light_battery_2,,,,SM_engine_2,ship_fire_control_system_3,,ship_radar_2,,,,,ship_torpedo_1,,,,,,ship_depth_charge_1,
mittel_africa_navy,Z5 Class,ship_hull_light_1,,0,,yes,,,,,,,,,,,,3,,3,,,,,,,,,ship_old_anti_air_4A,,ship_old_light_battery_2,,,,SM_engine_2,ship_fire_control_system_3,,ship_radar_3,,,,,ship_torpedo_1,,,ship_old_anti_air_3,,,ship_depth_charge_1,
mittel_africa_navy,Z17 Class,ship_hull_light_2,,0,,,,,,,,,,,,,,5,,3,,,,,,,,,ship_old_anti_air_4A,,ship_old_light_battery_2,,,,SM_engine_2,ship_fire_control_system_3,,ship_radar_3,,,,,ship_torpedo_2,ship_old_light_battery_2,,ship_old_anti_air_3,,,ship_depth_charge_1,
mittel_africa_navy,1923 Class,ship_hull_light_1,,,,,,,,,,,2,,,,,5,,5,,,,,,,,,ship_old_anti_air_3A,,ship_ENG_light_battery_1,,,,SM_engine_2,ship_fire_control_system_2,,ship_light_2,,,,,ship_torpedo_2,,,ship_ENG_light_battery_1,,,ship_ENG_light_battery_1,
mittel_africa_navy,1924 Class,ship_hull_light_1,,,,,,,,,,,2,,,,,5,,5,,,,,,,,,ship_old_anti_air_3A,,ship_ENG_light_battery_2,,,,SM_engine_2,ship_fire_control_system_2,,ship_light_2,,,,,ship_torpedo_2,,,ship_ENG_light_battery_2,,,ship_ENG_light_battery_2,
mittel_africa_navy,G7 Class,ship_hull_large_frigate,,,,,,,,,,,0,,,,,5,,5,,,,,,,,,empty,,ship_dp_old_light_battery_1,,,,SM_engine_2,ship_fire_control_system_2,,ship_light_2,,,,,ship_torpedo_2,,,ship_dp_old_light_battery_1,ship_torpedo_2,ship_mine_layer_3,,
Greece_navy,Salamis Class,ship_hull_dreadnought,GRE_HISTORICAL_BB,0,,,,,,,,,2,,,,5,,,3,,,,,,,,,ship_airplane_launcher_2,sm_armor_2,ship_ENG_heavy_battery_1,,,,SM_engine_2,ship_fire_control_system_4,,ship_radar_3,dp_ship_secondaries_A,,,,,ship_GER_light_battery,,ship_ENG_heavy_battery_1,ship_ENG_heavy_battery_1,dp_ship_secondaries_A,ship_ENG_heavy_battery_1,
Greece_navy,Kilkis Class,ship_hull_pre_dreadnought_0,GRE_HISTORICAL_BB,,,,,,,,,,7,,,,5,,,4,,,,,,,,,ship_dp_Bofors_battery_2x8,sm_armor_3,ship_oldest_heavy_battery_1,,,,SM_engine_5,ship_fire_control_system_3,,ship_radar_3,dp_ship_secondaries_A,,,,,ship_torpedo_uw,,ship_old_medium_battery_1,ship_old_medium_battery_1,dp_ship_secondaries_A,ship_oldest_heavy_battery_1,
Greece_navy,Nauarkhos Miaoulis Class,ship_hull_pre_dreadnought_0,GRE_HISTORICAL_BB,,,,,,,,,,7,,,,5,,,4,,,,,,,,,ship_dp_Bofors_battery_2x8,sm_armor_3,ship_oldest_heavy_battery_1,,,,SM_engine_5,ship_fire_control_system_3,,ship_radar_3,dp_ship_secondaries_A,,,,,ship_torpedo_uw,,dp_ship_secondaries_A,ship_old_anti_air_1Ax8,dp_ship_secondaries_A,ship_oldest_heavy_battery_1,
Greece_navy,Georgios Averof Class,ship_hull_cruiser_armored_cruiser,GRE_HISTORICAL_BB,,,,,,,,,,3,,,,,,5,4,,,,,,,,,dp_ship_secondaries_A,sm_armor_3,ship_mid_battery_5,,,,SM_engine_0,ship_fire_control_system_0,,ship_light_1,ship_GER_medium_battery,,,,,ship_GER_medium_battery,,ship_GER_medium_battery,,,ship_GER_medium_battery,ship_mid_battery_5
Greece_navy,Vasileus Konstantinos Class,ship_hull_cruiser_1,GRE_HISTORICAL_CA,0,,,,,,,,,2,,,,,,4,2,,,,,,,,,ship_old_anti_air_3,sm_armor_1,ship_GER_medium_battery,,,,SM_engine_2,ship_fire_control_system_2,,ship_radar_4,dp_ship_secondaries_A,,,,,ship_GER_medium_battery,,ship_torpedo_3,ship_GER_medium_battery,dp_ship_secondaries_A,ship_GER_medium_battery,
Greece_navy,T/K Psara Class,ship_hull_cruiser_1,GRE_HISTORICAL_CL,,,,,,,,,,1,,,,,,3,1,,,,,,,,,dp_ship_old_secondaries_1,sm_armor_1,dp_GER_light_battery,,,,SM_engine_2,ship_fire_control_system_3,,ship_radar_4,dp_ship_old_secondaries_2,,,,,dp_GER_light_battery,,ship_torpedo_1,dp_GER_light_battery,dp_GER_light_battery,dp_GER_light_battery,
Greece_navy,Elli Class,ship_hull_cruiser_defenced_cruiser,GRE_HISTORICAL_CL,,,,,,,,,,4,,,,,,1,6,,,,,,,,,ship_old_anti_air_4A,sm_armor_1,ship_light_medium_battery_2,,,,SM_engine_2,ship_fire_control_system_3,,ship_radar_4,dp_ship_old_secondaries_3,,,,,ship_light_medium_battery_2,,ship_mine_layer_3,,,ship_light_medium_battery_2,
Greece_navy,Antinauarkhos Kountouriotis Class,ship_hull_cruiser_defenced_cruiser,GRE_HISTORICAL_CL,,,,,,,,,,4,,,,,,1,4,,,,,,,,,ship_old_anti_air_4A,sm_armor_1,ship_old_light_battery_1,,,,SM_engine_1,ship_fire_control_system_3,,ship_light_2,dp_ship_old_secondaries_2,,,,,dp_ship_old_secondaries_3,,ship_torpedo_1,,,ship_old_light_battery_1,
Greece_navy,Niki Class,ship_hull_light_0_old,GRE_HISTORICAL_DD,,,,,,,,,,,,,,,2,,2,,,,,,,,,ship_old_anti_air_3,,ship_dp_light_battery,,,,SM_engine_2,ship_fire_control_system_3,,ship_light_2,,,,,ship_torpedo_1,ship_dp_light_battery,,ship_old_anti_air_3,ship_old_anti_air_3,,ship_oldest_light_battery_2,
Greece_navy,Thuella Class,ship_hull_light_0_old,GRE_HISTORICAL_DD,,,,,,,,,,,,,,,3,,3,,,,,,,,,ship_old_anti_air_3,,ship_dp_light_battery,,,,SM_engine_2,ship_fire_control_system_3,,ship_light_2,,,,,ship_torpedo_1,ship_dp_light_battery,,ship_old_anti_air_3,ship_old_anti_air_3,,ship_oldest_light_battery_2,
Greece_navy,Aetos Class,ship_hull_light_1_old,GRE_HISTORICAL_DD,,,,,,,,,,,,,,,4,,3,,,,,,,,,ship_old_anti_air_4A,,ship_ENG_light_battery_3,,,,SM_engine_2,ship_fire_control_system_3,,ship_light_1,,,,,ship_torpedo_2,ship_anti_air_3,,ship_ENG_light_battery_3,ship_ENG_light_battery_3,ship_ENG_light_battery_3,ship_torpedo_2,
Greece_navy,Ydra Class,ship_hull_light_1,GRE_HISTORICAL_DD,0,,,,,,,,,0,,,,,0,,2,,,,,,,,,ship_old_anti_air_4A,,ship_ENG_light_battery_3,,,,SM_engine_2,ship_fire_control_system_3,,ship_radar_2,,,,,ship_torpedo_2,ship_ENG_light_battery_3,,ship_ENG_light_battery_3,ship_ENG_light_battery_3,ship_mine_layer_1,ship_depth_charge_2,
Greece_navy,Vasileus Georgios I Class,ship_hull_light_1,GRE_HISTORICAL_DD,0,,,,,,,,,0,,,,,0,,2,,,,,,,,,ship_anti_air_2x8,,ship_old_light_battery_3,,,,SM_engine_2,ship_fire_control_system_3,,ship_radar_2,,,,,ship_torpedo_2,ship_old_light_battery_3,,ship_old_light_battery_3,ship_old_anti_air_2,ship_old_light_battery_3,ship_depth_charge_2,
Greece_navy,Aktion Class,ship_hull_light_1,GRE_HISTORICAL_DD,,,,,,,,,,0,,,,,5,,4,,,,,,,,,ship_old_anti_air_4A,,ship_light_battery_4,,,,SM_engine_2,ship_sonar_3,,ship_radar_3,,,,,ship_torpedo_2,ship_light_battery_4,,ship_old_anti_air_2x8,ship_light_battery_4,ship_light_battery_4,ship_depth_charge_2,
Greece_navy,Kriezis Class,ship_hull_light_1,GRE_HISTORICAL_DD,,,,,,,,,,2,,,,,5,,4,,,,,,,,,ship_old_anti_air_2x8,,ship_light_battery_4,,,,SM_engine_2,ship_sonar_3,,ship_radar_3,,,,,ship_torpedo_3,ship_light_battery_4,,ship_old_anti_air_2x8,ship_light_battery_4,ship_light_battery_4,ship_depth_charge_3,
Greece_navy,Aigli Class,ship_hull_frigate_1,GRE_HISTORICAL_DD,,,,,,,,,,,,,0,,,,2,,,,,,,,,ship_oldest_light_battery_2,,ship_oldest_light_battery_2,,,,SM_engine_2,ship_fire_control_system_2,,ship_light_1,,,,ship_torpedo_1,,ship_torpedo_1,,,,,,
Greece_navy,Proussa Class,ship_hull_frigate_1,GRE_HISTORICAL_DD,,,,,,,,,,,,,0,,,,2,,,,,,,,,ship_oldest_light_battery_2,,ship_oldest_light_battery_2,,,,SM_engine_2,ship_fire_control_system_2,,ship_light_1,,,,ship_torpedo_1,,ship_mine_layer_1,,,,,,
Greece_navy,Kyzikos Class,ship_hull_frigate_1,GRE_HISTORICAL_DD,,,,,,,,,,,,,2,,,,2,,,,,,,,,ship_oldest_light_battery_2,,ship_oldest_light_battery_2,,,,SM_engine_2,ship_fire_control_system_2,,ship_light_2,,,,ship_torpedo_2,,ship_mine_layer_1,,,,,,
Greece_navy,Katsonis Class,ship_hull_submarine_1,GRE_HISTORICAL_SS,0,,,,,,,,1,,,,,,,,,,2,,,,,,,,,,,,,sub_engine_3,,,ship_radar_1,,ship_sonar_1,ship_sub_snorkel_1,,ship_torpedo_sub_1,ship_old_anti_air_3,,,,,ship_torpedo_sub_1,
Greece_navy,Glaukos Class,ship_hull_submarine_1,GRE_HISTORICAL_SS,0,,,,,,,,3,,,,,,,,,,3,,,,,,,,,,,,,sub_engine_3,,,ship_radar_1,,ship_sonar_2,ship_sub_snorkel_1,,ship_torpedo_sub_2,ship_old_anti_air_3,,,,,ship_torpedo_sub_2,
Greece_navy,Triaina Class,ship_hull_submarine_2,GRE_HISTORICAL_SS,0,,,,,,,,4,6,,,,,,,7,,5,,,,,,,,,,,,,sub_engine_3,,,ship_radar_2,,ship_sonar_2,ship_old_sub_snorkel_1,,ship_torpedo_sub_2,ship_dp_old_light_battery_1,,ship_old_anti_air_3,,,ship_torpedo_sub_2,
Greece_navy,Kissa Class,ship_hull_micro,GRE_HISTORICAL_DD,,,,,,,,,,,,,2,,,,5,,,,,,,,,empty,,ship_mine_layer_1,,,,SM_engine_1,,,ship_light_2,,,,,,empty,,,,,,
Greece_navy,A1 Class,ship_hull_micro,GRE_HISTORICAL_DD,,,,,,,,,,,,,2,,,,5,,,,,,,,,ship_old_anti_air_1,,ship_dp_old_light_battery_1,,,,SM_engine_1,,,ship_light_2,,,,,,ship_depth_charge_1,,,,,,
Greece_navy,Pleias Class,ship_hull_micro_2,GRE_HISTORICAL_DD,,,,,,,,,,,,,2,,,,5,,,,,,,,,ship_mine_layer_1,,ship_mine_layer_1,,,,SM_engine_1,,,ship_light_2,,,,,,ship_mine_layer_1,,,,,,
Greece_navy,Aktiou Class,ship_hull_micro_2,GRE_HISTORICAL_DD,,,,,,,,,,,,,2,,,,5,,,,,,,,,dp_ship_old_secondaries_1,,ship_JAP_light_medium_battery_1,,,,SM_engine_1,,,ship_light_2,,,,,,ship_torpedo_uw,,,,,,
set_technology,Independencia Class,ship_hull_cruiser_1,PRU_HISTORICAL_CA,,,yes,GFX_Pensacola,,,,,,3,,,,,,5,5,,,,,,,,,ship_old_anti_air_3x8,sm_armor_2,ship_medium_battery_1,,,,SM_engine_2,ship_fire_control_system_3,,ship_radar_3,ship_dp_Bofors_battery_3x8,,,,,ship_USA_medium_battery_1,,ship_USA_medium_battery_1,ship_old_anti_air_3x8,ship_old_anti_air_3x8,ship_medium_battery_1,
set_technology,Manqu Qhapaq Class,ship_hull_cruiser_armored_cruiser,PRU_HISTORICAL_CA,,,,GFX_ACR_11,,,,,,2,,,,,,2,4,,,,,,,,,dp_ship_old_secondaries_3,sm_armor_3,ship_mid_battery_5,,,,SM_engine_1,ship_fire_control_system_2,,ship_radar_1,dp_ship_old_secondaries_3,,,,,ship_torpedo_uw,,ship_old_secondaries_1,,,ship_old_secondaries_1,ship_mid_battery_5
set_technology,Almirante Grau Class,ship_hull_cruiser_defenced_cruiser,PRU_HISTORICAL_CL,,,yes,,,,,,,5,,,,,,4,3,,,,,,,,,ship_old_anti_air_2x8,sm_armor_1,ship_old_light_medium_battery_1,,,,SM_engine_2,ship_fire_control_system_2,,ship_radar_1,ship_older_secondaries_0,,,,,ship_oldest_light_batteryx4,,ship_old_light_medium_battery_1,,,ship_depth_charge_2,
set_technology,Lima Class,ship_hull_cruiser_1,PRU_HISTORICAL_CL,,,,GFX_Omaha,,,,,,1,,,,,,7,5,,,,,,,,,dp_ship_old_secondaries_3,sm_armor_1,ship_old_light_medium_battery_2,,,,SM_engine_2,ship_fire_control_system_3,,ship_radar_3,ship_old_secondaries_1,,,,,ship_torpedo_2,,ship_old_secondaries_1,ship_mine_layer_3,ship_mine_layer_3,ship_old_light_medium_battery_2,
set_technology,Almirante Villar Class,ship_hull_light_0_old,PRU_HISTORICAL_DD,,,,GFX_Novik,,,,,,,,,,,2,,2,,,,,,,,,ship_old_anti_air_1,,ship_ENG_light_battery_3,,,,SM_engine_2,ship_fire_control_system_2,,ship_light_2,,,,,ship_torpedo_1,ship_ENG_light_battery_3,,ship_ENG_light_battery_3,ship_ENG_light_battery_3,,ship_depth_charge_2,
set_technology,Teniente Rodriguez Class,ship_hull_light_3,PRU_HISTORICAL_DD,,,,GFX_Fletcher,,,,,,1,,,,,8,,3,,,,,,,,,ship_dp_Bofors_battery_2,,ship_dp_old_light_battery_2,,,,SM_engine_2,ship_sonar_4,,ship_radar_4,,,,,ship_torpedo_3,ship_dp_old_light_battery_2,ship_depth_charge_projection_device_2,ship_dp_old_light_battery_2,ship_dp_old_light_battery_2,ship_dp_old_light_battery_2,ship_old_anti_air_3,ship_depth_charge_2
set_technology,Ferré Class,ship_hull_frigate_2,PRU_HISTORICAL_DD,,,,GFX_Tacoma,,,5,5,,,,,4,,,,10,,,,,,,,,ship_dp_Bofors_battery_2,,ship_dp_old_light_battery_1,,,,SM_engine_2,ship_radar_4,,ship_sonar_4,,,,ship_dp_Bofors_battery_2,,ship_depth_charge_projection_device_4,,ship_depth_charge_projection_device_4,,,,
set_technology,Cusco Class,ship_hull_light_3,PRU_HISTORICAL_DD,,,,GFX_Canon,,,,,,2,,,,,5,,5,,,,,,,,,ship_old_anti_air_3x8,,ship_dp_old_light_battery_1,,,,SM_engine_2,ship_sonar_4,,ship_radar_4,,,,,ship_depth_charge_projection_device_2,ship_old_anti_air_3,ship_depth_charge_projection_device_2,ship_dp_Bofors_battery_2,ship_dp_Bofors_battery_2,ship_dp_old_light_battery_1,ship_dp_old_light_battery_1,ship_depth_charge_2
set_technology,R1 Class,ship_hull_submarine_1,PRU_HISTORICAL_SS,,,yes,GFX_R1,,,,,,,,,,,,,,,3,,,,,,,,,,,,,sub_engine_3,,,ship_radar_1,,ship_sonar_1,ship_sub_snorkel_1,,ship_torpedo_sub_2,ship_dp_old_light_battery_1,,,,,ship_torpedo_sub_2,
set_technology,Independencia Class,ship_hull_light_3,DOM_HISTORICAL_DD,,,,GFX_Fletcher,,,,,,1,,,,,8,,3,,,,,,,,,ship_dp_Bofors_battery_2,,ship_dp_old_light_battery_2,,,,SM_engine_2,ship_sonar_4,,ship_radar_4,,,,,ship_torpedo_3,ship_dp_old_light_battery_2,ship_depth_charge_projection_device_2,ship_dp_old_light_battery_2,ship_dp_old_light_battery_2,ship_dp_old_light_battery_2,ship_old_anti_air_3,ship_depth_charge_2
set_technology,Trujillo Class,ship_hull_light_1,DOM_HISTORICAL_DD,,,yes,,,,,,,1,,,,,3,,4,,,,,,,,,ship_old_anti_air_4A,,ship_old_light_battery_2,,,,SM_engine_2,ship_sonar_1,,ship_light_1,,,,,ship_torpedo_3,,,ship_old_light_battery_2,,,ship_depth_charge_2,
set_technology,Generalissimo Class,ship_hull_light_1,DOM_HISTORICAL_DD,0,,,,,,,,,0,,,,,3,,4,,,,,,,,,ship_old_anti_air_4A,,ship_old_light_battery_2,,,,SM_engine_2,ship_sonar_1,,ship_radar_2,,,,,ship_torpedo_3,,,ship_old_light_battery_2,,,ship_depth_charge_2,
set_technology,Presidente Trujillo Class,ship_hull_frigate_1,DOM_HISTORICAL_DD,,,yes,,,,,,,,,,1,,,,0,,,,,,,,,ship_dp_Bofors_battery_2,,ship_ENG_light_battery_2,,,,SM_engine_2,ship_fire_control_system_3,,ship_radar_2,,,,ship_anti_submarine_rocket_1,,ship_dp_Bofors_battery_2,,ship_depth_charge_2,,,,
set_technology,Sanchez Class,ship_hull_frigate_1,DOM_HISTORICAL_DD,,,yes,GFX_Sanchez,,,,,,,,,1,,,,0,,,,,,,,,ship_anti_air_1,,ship_dp_Bofors_battery_2,,,,SM_engine_2,ship_fire_control_system_3,,ship_radar_2,,,,ship_anti_submarine_rocket_1,,ship_depth_charge_projection_device_2,,ship_depth_charge_2,,,,
set_technology,San Rafael Class,ship_hull_frigate_2,DOM_HISTORICAL_DD,,,,GFX_Tacoma,,,5,5,,,,,4,,,,10,,,,,,,,,ship_dp_Bofors_battery_2,,ship_dp_old_light_battery_1,,,,SM_engine_2,ship_radar_4,,ship_sonar_4,,,,ship_dp_Bofors_battery_2,,ship_depth_charge_projection_device_4,,ship_depth_charge_projection_device_4,,,,
set_technology,Libertador Bolívar Class,ship_hull_cruiser_1,ECU_HISTORICAL_CL,,,,GFX_Omaha,,,,,,1,,,,,,7,5,,,,,,,,,dp_ship_old_secondaries_3,sm_armor_1,ship_old_light_medium_battery_2,,,,SM_engine_2,ship_fire_control_system_3,,ship_radar_3,ship_old_secondaries_1,,,,,ship_torpedo_2,,ship_old_secondaries_1,ship_mine_layer_3,ship_mine_layer_3,ship_old_light_medium_battery_2,
set_technology,Presidente Eloy Alfaro Class,ship_hull_light_3,ECU_HISTORICAL_DD,,,,GFX_Fletcher,,,,,,1,,,,,8,,3,,,,,,,,,ship_dp_Bofors_battery_2,,ship_dp_old_light_battery_2,,,,SM_engine_2,ship_sonar_4,,ship_radar_4,,,,,ship_torpedo_3,ship_dp_old_light_battery_2,ship_depth_charge_projection_device_2,ship_dp_old_light_battery_2,ship_dp_old_light_battery_2,ship_dp_old_light_battery_2,ship_old_anti_air_3,ship_depth_charge_2
set_technology,Guayas Class,ship_hull_frigate_2,ECU_HISTORICAL_DD,,,,GFX_Tacoma,,,5,5,,,,,4,,,,10,,,,,,,,,ship_dp_Bofors_battery_2,,ship_dp_old_light_battery_1,,,,SM_engine_2,ship_radar_4,,ship_sonar_4,,,,ship_dp_Bofors_battery_2,,ship_depth_charge_projection_device_4,,ship_depth_charge_projection_device_4,,,,
set_technology,Esmeraldas Class,ship_hull_micro_2,ECU_HISTORICAL_DD,,,yes,GFX_Esmeraldas,,,,,,,,,0,,,,1,,,,,,,,,ship_old_anti_air_3A,,ship_dp_old_light_battery_1,,,,SM_engine_2,ship_fire_control_system_2,,ship_light_2,,,,,,ship_old_anti_air_3A,,,,,,
set_technology,Presidente Alfaro Class,ship_hull_micro_3,ECU_HISTORICAL_DD,,,,GFX_Presidente_Alfaro,,,,,,,,,0,,,,2,,,,,,,,,ship_old_anti_air_3A,,ship_dp_old_light_battery_1,,,,SM_engine_2,ship_fire_control_system_2,,ship_light_2,,,,,,,,ship_old_anti_air_3A,,,ship_dp_old_light_battery_1,
set_technology,Bolívar Class,ship_hull_light_3,VEN_HISTORICAL_DD,,,,GFX_Fletcher,,,,,,1,,,,,8,,3,,,,,,,,,ship_dp_Bofors_battery_2,,ship_dp_old_light_battery_2,,,,SM_engine_2,ship_sonar_4,,ship_radar_4,,,,,ship_torpedo_3,ship_dp_old_light_battery_2,ship_depth_charge_projection_device_2,ship_dp_old_light_battery_2,ship_dp_old_light_battery_2,ship_dp_old_light_battery_2,ship_old_anti_air_3,ship_depth_charge_2
set_technology,Carabobo Class,ship_hull_frigate_1,VEN_HISTORICAL_DD,,,yes,GFX_Flower,,,,,,,,,3,,,,3,,,,,,,,,ship_dp_Bofors_battery_1,,ship_ENG_light_battery_2,,,,SM_engine_2,ship_fire_control_system_3,,ship_radar_3,,,,ship_anti_submarine_rocket_1,,,,,,,,
set_technology,General Salóm Class,ship_hull_micro_3,VEN_HISTORICAL_DD,,,,GFX_General_Salom,,,,,,,,,0,,,,2,,,,,,,,,ship_old_anti_air_1,,ship_dp_old_light_battery_1,,,,SM_engine_2,ship_fire_control_system_2,,ship_light_2,,,,,,,,ship_old_anti_air_1,,,ship_old_anti_air_1,
set_technology,Antioquia Class,ship_hull_light_0,COL_HISTORICAL_DD,0,,,GFX_Antioquia,,,,,,0,,,,,6,,7,,,,,,,,,ship_old_anti_air_4A,,ship_old_light_battery_2,,,,SM_engine_2,ship_fire_control_system_0,,ship_light_2,,,,,ship_torpedo_3,ship_old_light_battery_2,,ship_old_light_battery_2,ship_old_anti_air_4A,ship_old_light_battery_2,ship_torpedo_3,
set_technology,Almirante Padilla Class,ship_hull_frigate_2,COL_HISTORICAL_DD,,,,GFX_Tacoma,,,5,5,,,,,4,,,,10,,,,,,,,,ship_dp_Bofors_battery_2,,ship_dp_old_light_battery_1,,,,SM_engine_2,ship_radar_4,,ship_sonar_4,,,,ship_dp_Bofors_battery_2,,ship_depth_charge_projection_device_4,,ship_depth_charge_projection_device_4,,,,
set_technology,Bogotá Class,ship_hull_micro_4,COL_HISTORICAL_DD,,,,GFX_M1916,,,,,,,,,5,,,,6,,,,,,,,,ship_old_anti_air_1A,,ship_dp_old_light_battery_1,,,,SM_engine_2,ship_sonar_2,,ship_light_2,,,,empty,,ship_dp_old_light_battery_1,,ship_old_anti_air_1A,,,ship_dp_old_light_battery_1,
set_technology,Carabobo Class,ship_hull_micro_2,COL_HISTORICAL_DD,,,yes,GFX_Carabobo,,,,,,,,,0,,,,1,,,,,,,,,ship_old_anti_air_4A,,ship_dp_old_light_battery_1,,,,SM_engine_0,ship_fire_control_system_2,,ship_light_2,,,,,,ship_old_anti_air_4A,,,,,,
set_technology,Mariscal Sucre Class,ship_hull_micro_2,COL_HISTORICAL_DD,,,,GFX_Mariscal_Sucre,,,,,,,,,0,,,,1,,,,,,,,,ship_old_anti_air_4A,,ship_dp_old_light_battery_1,,,,SM_engine_0,ship_fire_control_system_2,,ship_light_2,,,,,,ship_dp_old_light_battery_1,,,,,,
set_technology,General Rivera Class,ship_hull_light_3,URG_HISTORICAL_DD,,,,GFX_Fletcher,,,,,,1,,,,,8,,3,,,,,,,,,ship_dp_Bofors_battery_2,,ship_dp_old_light_battery_2,,,,SM_engine_2,ship_sonar_4,,ship_radar_4,,,,,ship_torpedo_3,ship_dp_old_light_battery_2,ship_depth_charge_projection_device_2,ship_dp_old_light_battery_2,ship_dp_old_light_battery_2,ship_dp_old_light_battery_2,ship_old_anti_air_3,ship_depth_charge_2
set_technology,Malvinas Class,ship_hull_light_3,PRU_HISTORICAL_DD,,,,GFX_Canon,,,,,,2,,,,,5,,5,,,,,,,,,ship_old_anti_air_3x8,,ship_dp_old_light_battery_1,,,,SM_engine_2,ship_sonar_4,,ship_radar_4,,,,,ship_depth_charge_projection_device_2,ship_old_anti_air_3,ship_depth_charge_projection_device_2,ship_dp_Bofors_battery_2,ship_dp_Bofors_battery_2,ship_dp_old_light_battery_1,ship_dp_old_light_battery_1,ship_depth_charge_2
set_technology,Uruguay Class,ship_hull_cruiser_scout_cruiser,PRU_HISTORICAL_CL,,,,,,,,,,0,,,,,,2,2,,,,,,,,,ship_old_anti_air_4A,sm_armor_1,ship_old_light_battery_1,,,,SM_engine_2,ship_fire_control_system_3,,ship_light_2,ship_dp_old_light_battery_1x4,,,,,ship_torpedo_1,,ship_torpedo_1,,,ship_old_light_battery_1,
Argentine_navy,Independencia Class,ship_hull_cruiser_coastal_defense_ship_1,ARG_HISTORICAL_BB,0,,,,,,,,,4,,,,,,7,4,,,,,,,,,ship_old_anti_air_3A,sm_armor_2,ship_mid_battery_4,,,,SM_engine_2,ship_fire_control_system_3,,ship_radar_2,ship_old_light_battery_1x4,,,,,ship_torpedo_uw,,ship_oldest_light_batteryx4,ship_torpedo_uw_s,,ship_mid_battery_4,
Argentine_navy,Azopardo Class,ship_hull_heavy_0,ARG_HISTORICAL_BB,3,,yes,GFX_NewYork,,,,,,3,,,,3,,,2,,,,,,,,,ship_dp_Bofors_battery_3x8,sm_armor_3,ship_older_heavy_battery_1,,,,SM_engine_2,ship_fire_control_system_3,,ship_radar_3,dp_ship_old_secondaries_3,,,,,ship_older_heavy_battery_1,,ship_older_heavy_battery_1,ship_older_heavy_battery_1,ship_old_light_battery_3x4,ship_older_heavy_battery_1,
Newzealand_navy,Danae Class,ship_hull_cruiser_1,NZL_HISTORICAL_CL,0,,,,,,,,,0,,,,,,3,1,,,,,,,,,ship_old_anti_air_3,sm_armor_1,ship_old_light_medium_battery_1,,,,SM_engine_2,ship_fire_control_system_1,,ship_radar_2,ship_ENG_light_battery_3,,,,,,,ship_torpedo_2,ship_old_light_medium_battery_1,,ship_old_light_medium_battery_1,
Newzealand_navy,Leander Class,ship_hull_cruiser_1,NZL_HISTORICAL_CL,0,,,,,,,,,1,,,,,,5,5,,,,,,,,,ship_old_anti_air_3,sm_armor_2,ship_old_light_medium_battery_2,,,,SM_engine_2,ship_fire_control_system_2,,ship_radar_2,ship_ENG_light_battery_3,,,,,,,ship_torpedo_2,ship_old_light_medium_battery_2,,ship_old_light_medium_battery_2,
Newzealand_navy,Bellona Class,ship_hull_cruiser_2,NZL_HISTORICAL_CL,0,,,,,,,,,1,,,,,,5,3,,,,,,,,,ship_dp_Bofors_battery_2,sm_armor_2,ship_GER_light_battery,,,,SM_engine_2,ship_fire_control_system_2,,ship_radar_3,ship_ENG_light_battery_3,,,,,ship_GER_light_battery,,ship_torpedo_2,ship_GER_light_battery,,ship_GER_light_battery,
Newzealand_navy,Fiji Class,ship_hull_cruiser_2,NZL_HISTORICAL_CL,0,,,,,,,,,0,,,,,,5,3,,,,,,,,,ship_dp_Bofors_battery_2,sm_armor_2,ship_USA_light_medium_battery,,,,SM_engine_2,ship_fire_control_system_3,,ship_radar_3,ship_ENG_light_battery_3,,,,,ship_USA_light_medium_battery,,ship_torpedo_3,ship_USA_light_medium_battery,,ship_USA_light_medium_battery,
Newzealand_navy,Hunt I Class,ship_hull_light_1,NZL_HISTORICAL_DD,0,,,,,,,,,3,,,,,1,,0,,,,,,,,,ship_old_anti_air_3,,ship_ENG_light_battery_3,,,,SM_engine_2,ship_fire_control_system_2,,ship_radar_1,,,,,ship_depth_charge_projection_device_2,,,ship_mine_layer_2,,,ship_depth_charge_3,
Newzealand_navy,Loch Class,ship_hull_frigate_1,NZL_HISTORICAL_DD,0,,,,,,,,,,,,3,,,,3,,,,,,,,,ship_dp_Bofors_battery_2,,ship_ENG_light_battery_2,,,,SM_engine_2,,,ship_radar_2,,,,ship_anti_submarine_rocket_1,,,,,,,,
Newzealand_navy,Erebus Class,ship_hull_monitor_2,NZL_HISTORICAL_BB,0,,,,,,,,,0,,,,,,0,6,,,,,,,,,ship_old_anti_air_1A,sm_armor_3,ship_ENG_heavy_battery_1,,,,SM_engine_1,ship_fire_control_system_3,,ship_radar_3,,,,,,,,ship_dp_light_battery,,,,
Newzealand_navy,Maidstone Class,ship_hull_cruiser_0_transport_remodeling,NZL_HISTORICAL_CL,,,,,,,,,,1,,,,,,5,2,,,,,,,,,ship_dp_Bofors_battery_2,sm_armor_ms_1,ship_ENG_light_battery_2,,,,SM_engine_2,ship_sonar_3,,ship_radar_2,dp_ship_secondaries,,,,,,,ship_mine_layer_1,,,,
FNO_navy,Norge Class,ship_hull_cruiser_coastal_defense_ship_1,,,,,,,,,,,4,,,,,,6,3,,,,,,,,,ship_dp_Bofors_battery_2,sm_armor_2,ship_old_medium_battery_2,,,,SM_engine_2,ship_fire_control_system_3,,ship_radar_3,ship_old_secondaries_1,,,,,ship_dp_Bofors_battery_3,,dp_ship_old_secondaries_3,ship_dp_Bofors_battery_3,,ship_old_medium_battery_2,
FNO_navy,Perth Class,ship_hull_cruiser_1,,,,,,,,,,,0,,,,,,5,5,,,,,,,,,ship_dp_Bofors_battery_2,sm_armor_1,ship_old_light_medium_battery_2,,,,SM_engine_2,ship_fire_control_system_2,,ship_radar_2,ship_ENG_light_battery_3,,,,,,,ship_torpedo_2,ship_old_light_medium_battery_2,,ship_old_light_medium_battery_2,
FNO_navy,Arethusa Class,ship_hull_cruiser_1,,,,,,,,,,,0,,,,,,5,4,,,,,,,,,ship_dp_Bofors_battery_2,sm_armor_1,ship_old_light_medium_battery_2,,,,SM_engine_2,ship_fire_control_system_1,,ship_radar_2,ship_ENG_light_battery_3,,,,,,,ship_torpedo_2,ship_old_light_medium_battery_2,,ship_old_light_medium_battery_2,
FNO_navy,Danae Class,ship_hull_cruiser_1,,,,,,,,,,,0,,,,,,3,1,,,,,,,,,ship_dp_Bofors_battery_2,sm_armor_1,ship_old_light_medium_battery_1,,,,SM_engine_2,ship_fire_control_system_1,,ship_radar_2,ship_ENG_light_battery_3,,,,,,,ship_torpedo_2,ship_old_light_medium_battery_1,,ship_old_light_medium_battery_1,
FNO_navy,Emerald Class,ship_hull_cruiser_1,,,,,,,,,,,1,,,,,,4,1,,,,,,,,,ship_dp_Bofors_battery_2,sm_armor_1,ship_ENG_light_medium_battery_1,,,,SM_engine_2,ship_fire_control_system_2,,ship_radar_2,ship_ENG_light_battery_3,,,,,,,ship_torpedo_2,ship_ENG_light_medium_battery_1,,ship_ENG_light_medium_battery_1,
FNO_navy,Otra Class,ship_hull_frigate_1,,,,,,2,,,,,,,,3,,,,2,,,,,,,,,ship_dp_Bofors_battery_1,,ship_dp_old_light_battery_1,,,,SM_engine_2,,,ship_radar_2,,,,ship_mine_layer_3,,,,,,,,
FNO_navy,I Class,ship_hull_light_1,,,,,,,,,,,1,,,,,3,,4,,,,,,,,,ship_old_anti_air_4A,,ship_old_light_battery_2,,,,SM_engine_2,ship_sonar_2,,empty,,,,,ship_torpedo_4,,,ship_old_light_battery_2,,,ship_depth_charge_2,
FNO_navy,J/K/N Class,ship_hull_light_1,,,,,,,,,,,0,,,,,4,,3,,,,,,,,,ship_old_anti_air_3,,ship_JAP_light_battery_1,,,,SM_engine_2,ship_sonar_2,,ship_radar_3,,,,,ship_torpedo_2,,,ship_dp_light_battery,,,ship_JAP_light_battery_1,
FNO_navy,M Class,ship_hull_light_2,,,,,,,,,,,0,,,,,6,,4,,,,,,,,,ship_old_anti_air_3,,ship_JAP_light_battery_1,,,,SM_engine_2,ship_sonar_3,,ship_radar_2,,,,,ship_torpedo_2,,,ship_depth_charge_projection_device_3,,,ship_depth_charge_2,
FNO_navy,Hunt III Class,ship_hull_light_1,,,,,,,,,,,0,,,,,3,,2,,,,,,,,,ship_old_anti_air_3,,ship_ENG_light_battery_3,,,,SM_engine_2,ship_fire_control_system_2,,ship_radar_1,,,,,ship_depth_charge_projection_device_2,,,ship_ENG_light_battery_3,,,ship_depth_charge_2,
FNO_navy,L Class,ship_hull_light_1,,,,,,,,,,,0,,,,,4,,3,,,,,,,,,ship_old_anti_air_3,,ship_ENG_light_battery_4,,,,SM_engine_2,ship_sonar_2,,ship_radar_3,,,,,ship_torpedo_2,,,ship_old_anti_air_4A,,,ship_ENG_light_battery_4,
FNO_navy,River Class,ship_hull_frigate_1,,,,,,,,,,,,,,1,,,,0,,,,,,,,,ship_dp_Bofors_battery_2,,ship_ENG_light_battery_2,,,,SM_engine_2,,,ship_radar_2,,,,ship_anti_submarine_rocket_1,,,,,,,,
FNO_navy,Flower Class,ship_hull_frigate_1,,,,,,,,,,,,,,3,,,,3,,,,,,,,,ship_dp_Bofors_battery_1,,ship_ENG_light_battery_2,,,,SM_engine_2,,,ship_radar_3,,,,ship_anti_submarine_rocket_1,,,,,,,,
FNO_navy,Castle Class,ship_hull_frigate_1,,,,,,,,,,,,,,4,,,,4,,,,,,,,,ship_old_anti_air_3,,ship_ENG_light_battery_2,,,,SM_engine_2,,,ship_radar_2,,,,ship_anti_submarine_rocket_1,,,,,,,,
FNO_navy,Black Swan Class,ship_hull_frigate_1,,,,,,,,,,,,,,4,,,,4,,,,,,,,,ship_old_anti_air_3,,ship_ENG_light_battery_4,,,,SM_engine_2,,,ship_radar_2,,,,ship_anti_submarine_rocket_1,,,,,,,,
FNO_navy,Grimsby Class,ship_hull_frigate_1,,,,,,,,,,,,,,2,,,,2,,,,,,,,,ship_dp_old_light_battery_1,,ship_ENG_light_battery_2,,,,SM_engine_2,,,ship_radar_2,,,,ship_depth_charge_1,,,,,,,,
FNO_navy,Loch Class,ship_hull_frigate_1,,,,,,,,,,,,,,3,,,,3,,,,,,,,,ship_dp_Bofors_battery_2,,ship_ENG_light_battery_2,,,,SM_engine_2,,,ship_radar_2,,,,ship_anti_submarine_rocket_1,,,,,,,,
FNO_navy,Caroline Class,ship_hull_cruiser_1,,,,,,,,,,,1,,,,,,3,1,,,,,,,,,ship_dp_Bofors_battery_3,sm_armor_1,ship_old_light_medium_battery_1,,,,SM_engine_2,ship_fire_control_system_3,,ship_radar_3,,,,,,ship_old_light_medium_battery_1,,ship_torpedo_2,ship_dp_old_light_battery_1,,ship_old_light_medium_battery_1,
AST_navy,Colossus Class,ship_hull_light_carrier_0,AST_HISTORICAL_CV,0,,,,,,,,,2,4,11,,,,,6,,,,,,,,,ship_dp_Bofors_battery_1,sm_armor_2,,flush_deck,ship_dp_Bofors_battery_1,,SM_engine_2,,,ship_radar_3,ship_dp_Bofors_battery_1,,,,,ship_dp_Bofors_battery_1,,,,,,
AST_navy,Leander Class,ship_hull_cruiser_1,AST_HISTORICAL_CL,0,,,,,,,,,1,,,,,,5,5,,,,,,,,,ship_old_anti_air_3,sm_armor_1,ship_old_light_medium_battery_2,,,,SM_engine_2,ship_fire_control_system_2,,ship_radar_2,ship_ENG_light_battery_3,,,,,,,ship_torpedo_2,ship_old_light_medium_battery_2,,ship_old_light_medium_battery_2,
AST_navy,Perth Class,ship_hull_cruiser_1,AST_HISTORICAL_CL,0,,,,,,,,,0,,,,,,5,5,,,,,,,,,ship_old_anti_air_2,sm_armor_1,ship_old_light_medium_battery_2,,,,SM_engine_2,ship_fire_control_system_2,,ship_radar_2,ship_ENG_light_battery_3,,,,,,,ship_torpedo_2,ship_old_light_medium_battery_2,,ship_old_light_medium_battery_2,
AST_navy,Kent Class,ship_hull_cruiser_1,AST_HISTORICAL_CA,0,,,,,,,,,1,,,,,,5,5,,,,,,,,,ship_old_anti_air_2,sm_armor_2,ship_old_medium_battery_3,,,,SM_engine_2,ship_fire_control_system_2,,ship_radar_2,ship_ENG_light_battery_3,,,,,,,ship_torpedo_3,ship_old_medium_battery_3,,ship_old_medium_battery_3,
AST_navy,Wickes Class,ship_hull_light_0,AST_HISTORICAL_DD,0,,,,,,,,,0,,,,,3,,0,,,,,,,,,ship_old_anti_air_3,,ship_dp_old_light_battery_1,,,,SM_engine_2,ship_fire_control_system_3,,ship_radar_3,,,,,ship_depth_charge_1,,,,,,ship_dp_Bofors_battery_2,
AST_navy,Tribal II Class,ship_hull_light_1,AST_HISTORICAL_DD,0,,,,,,,,,0,,,,,4,,3,,,,,,,,,ship_old_anti_air_3,,ship_ENG_light_battery_3,,,,SM_engine_2,ship_fire_control_system_3,,ship_radar_3,,,,,ship_torpedo_2,,,ship_dp_light_battery,,,ship_anti_submarine_rocket_2,
AST_navy,N Class,ship_hull_light_2,AST_HISTORICAL_DD,0,,,,,,,,,0,,,,,6,,4,,,,,,,,,ship_old_anti_air_3,,ship_JAP_light_battery_1,,,,SM_engine_2,ship_sonar_3,,ship_radar_2,,,,,ship_torpedo_2,,,ship_depth_charge_projection_device_2,,,ship_depth_charge_3,
AST_navy,Chacal Class,ship_hull_light_2,AST_HISTORICAL_DD,0,,,,,,,,,0,,,,,6,,2,,,,,,,,,ship_dp_old_light_battery_1,,ship_FRA_light_battery,,,,SM_engine_2,ship_sonar_3,,ship_radar_3,,,,,ship_torpedo_2,,,ship_FRA_light_battery,,,ship_depth_charge_3,
AST_navy,Hunt I Class,ship_hull_light_1,NZL_HISTORICAL_DD,0,,,,,,,,,3,,,,,1,,0,,,,,,,,,ship_old_anti_air_3,,ship_ENG_light_battery_3,,,,SM_engine_2,ship_fire_control_system_2,,ship_radar_1,,,,,ship_depth_charge_projection_device_2,,,ship_mine_layer_2,,,ship_depth_charge_3,
AST_navy,Q Class,ship_hull_light_2,AST_HISTORICAL_DD,0,,,,,,,,,0,,,,,6,,4,,,,,,,,,ship_old_anti_air_3,,ship_old_light_battery_2,,,,SM_engine_2,ship_sonar_3,,ship_radar_3,,,,,ship_torpedo_3,,,ship_depth_charge_projection_device_2,,,ship_depth_charge_3,
AST_navy,R Class,ship_hull_light_2,AST_HISTORICAL_DD,0,,,,,,,,,0,,,,,6,,5,,,,,,,,,ship_dp_Bofors_battery_2,,ship_old_light_battery_2,,,,SM_engine_2,ship_sonar_3,,ship_radar_3,,,,,empty,,,ship_depth_charge_projection_device_2,,,ship_depth_charge_projection_device_2,
AST_navy,W Class,ship_hull_light_2,AST_HISTORICAL_DD,0,,,,,,,,,0,,,,,6,,4,,,,,,,,,ship_dp_Bofors_battery_2,,ship_old_light_battery_2,,,,SM_engine_2,ship_sonar_3,,ship_radar_3,,,,,ship_torpedo_3,,,ship_depth_charge_projection_device_3,,,ship_depth_charge_3,
AST_navy,Battle Class,ship_hull_light_2,AST_HISTORICAL_DD,0,,,,,,,,,0,,,,,6,,4,,,,,,,,,ship_dp_Bofors_battery_2,,ship_ENG_light_battery_4,,,,SM_engine_2,ship_sonar_3,,ship_radar_3,,,,,ship_torpedo_3,,,ship_depth_charge_projection_device_3,,,ship_dp_Bofors_battery_1,
AST_navy,Grimsby Class,ship_hull_frigate_1,AST_HISTORICAL_DD,0,,,,,,,,,,,,2,,,,2,,,,,,,,,ship_dp_old_light_battery_1,,ship_ENG_light_battery_2,,,,SM_engine_2,,,ship_radar_2,,,,ship_depth_charge_1,,,,,,,,
