TAG,shipname,definition,hull,version_name,pride_of_the_fleet,location,task_force_name,naval_base,fleet_name
BUL,BMC Sofia,light_cruiser,ship_hull_cruiser_4,Sofia Class,,9783,Black Sea Fleet,9783,Bulgarian Black Sea Fleet
BUL,BMC Burgas,light_cruiser,ship_hull_cruiser_4,Burgas Class,,9783,Black Sea Fleet,9783,Bulgarian Black Sea Fleet
BUL,BMC Plovdiv,light_cruiser,ship_hull_cruiser_4,Burgas Class,,9783,Black Sea Fleet,9783,Bulgarian Black Sea Fleet
BUL,BMC Dobrich,light_cruiser,ship_hull_cruiser_4,Burgas Class,,9783,Black Sea Fleet,9783,Bulgarian Black Sea Fleet
EAF,RI Giovanni delle Bande Nere,light_cruiser,ship_hull_cruiser_1,Alberto di Giussano Class,,12766,Flottiglia del Mar Rosso,12766,Flottiglia del Mar Rosso
EAF,RCT Nazaro Sauro,destroyer,ship_hull_light_0,Nazario Sauro Class,,12766,Flottiglia del Mar Rosso,12766,Flottiglia del Mar Rosso
EAF,RCT Cesare Battisti,destroyer,ship_hull_light_0,Nazario Sauro Class,,12766,Flottiglia del Mar Rosso,12766,Flottiglia del Mar Rosso
EAF,RSmg Galileo Ferraris,submarine,ship_hull_submarine_1,Archimede Class,,12766,Flottiglia del Mar Rosso,12766,Flottiglia del Mar Rosso
EAF,RSmg Galileo Galilei,submarine,ship_hull_submarine_1,Archimede Class,,12766,Flottiglia del Mar Rosso,12766,Flottiglia del Mar Rosso
EAF,RSmg Archimede,submarine,ship_hull_submarine_1,Brin Class,,12766,Flottiglia del Mar Rosso,12766,Flottiglia del Mar Rosso
EAF,RSmg Perla,submarine,ship_hull_submarine_1,Perla Class,,12941,Flottiglia del Somalia,12941,Flottiglia del'Oceano Indiano
EAF,RSmg Macallé,submarine,ship_hull_submarine_1,Adua Class,,12941,Flottiglia del Somalia,12941,Flottiglia del'Oceano Indiano
EAF,RSmg Guglielmotti,submarine,ship_hull_submarine_1,Brin Class,,12941,Flottiglia del Somalia,12941,Flottiglia del'Oceano Indiano
EAF,RI Luigi Cadorna,light_cruiser,ship_hull_cruiser_1,Luigi Cadorna Class,,5210,Prima Flotta di Riserva dell'Africa Orientale,12941,Flottiglia del'Oceano Indiano
EAF,RCT Fuciliere,destroyer,ship_hull_light_1,Soldati Class,,5210,Prima Flotta di Riserva dell'Africa Orientale,12941,Flottiglia del'Oceano Indiano
EAF,RCT Carabiniere,destroyer,ship_hull_light_1,Soldati Class,,5210,Prima Flotta di Riserva dell'Africa Orientale,12941,Flottiglia del'Oceano Indiano
MAF,Braunschweig,heavy_cruiser,ship_hull_cruiser_1,Braunschweig Class,,5222,I. Gardeflotte,5222,Hochseeflotte
MAF,Answald,light_cruiser,ship_hull_cruiser_2,De Grasse Class,,5222,I. Gardeflotte,5222,Hochseeflotte
MAF,Z17,destroyer,ship_hull_light_2,Z17 Class,,5222,I. Gardeflotte,5222,Hochseeflotte
MAF,Z18,destroyer,ship_hull_light_2,Z17 Class,,5222,I. Gardeflotte,5222,Hochseeflotte
MAF,Z19,destroyer,ship_hull_light_2,Z17 Class,,5222,I. Gardeflotte,5222,Hochseeflotte
MAF,Z21,destroyer,ship_hull_light_2,Z17 Class,,5222,I. Gardeflotte,5222,Hochseeflotte
MAF,Z16,destroyer,ship_hull_light_1,Z5 Class,,1951,II. Gardeflotte,5222,Hochseeflotte
MAF,T107,destroyer,ship_hull_large_frigate,G7 Class,,1951,II. Gardeflotte,5222,Hochseeflotte
MAF,T108,destroyer,ship_hull_large_frigate,G7 Class,,1951,II. Gardeflotte,5222,Hochseeflotte
MAF,Nymphe,light_cruiser,ship_hull_cruiser_defenced_cruiser,Gazelle Class,,6039,III. Gardeflotte,5222,Hochseeflotte
MAF,Z1,destroyer,ship_hull_light_0,Z1 Class,,6039,III. Gardeflotte,5222,Hochseeflotte
MAF,Z2,destroyer,ship_hull_light_0,Z1 Class,,6039,III. Gardeflotte,5222,Hochseeflotte
MAF,Elsass,heavy_cruiser,ship_hull_cruiser_1,Braunschweig Class,,10968,IV. Gardeflotte,5222,Hochseeflotte
MAF,Afrika,light_cruiser,ship_hull_cruiser_1,Afrika Class,,10968,IV. Gardeflotte,5222,Hochseeflotte
MAF,Z7,destroyer,ship_hull_light_1,Z5 Class,,10968,IV. Gardeflotte,5222,Hochseeflotte
MAF,Z8,destroyer,ship_hull_light_1,Z5 Class,,10968,IV. Gardeflotte,5222,Hochseeflotte
MAF,Z9,destroyer,ship_hull_light_1,Z5 Class,,10968,IV. Gardeflotte,5222,Hochseeflotte
MAF,Z14,destroyer,ship_hull_light_1,Z5 Class,,10968,IV. Gardeflotte,5222,Hochseeflotte
MAF,Emden,light_cruiser,ship_hull_cruiser_defenced_cruiser,Dresden Class,,10968,IV. Gardeflotte,5222,Hochseeflotte
MAF,Greif,destroyer,ship_hull_light_1,1923 Class,,10968,IV. Gardeflotte,5222,Hochseeflotte
MAF,Falke,destroyer,ship_hull_light_1,1923 Class,,10968,IV. Gardeflotte,5222,Hochseeflotte
MAF,Jaguar,destroyer,ship_hull_light_1,1923 Class,,10968,IV. Gardeflotte,5222,Hochseeflotte
CHL,BACH Almirante Latorre,battleship,ship_hull_heavy_0,Almirante Latorre Class,yes,8222,Armada de Chile,8222,Armada de Chile
CHL,BACH Esmeralda,battleship,ship_hull_heavy_0,Esmeralda Class,,8222,Armada de Chile,8222,Armada de Chile
CHL,BACH Constitución,carrier,ship_hull_carrier_conversion_ca_2,Constitución Class,,8222,Armada de Chile,8222,Armada de Chile
CHL,BACH Almirante Cochrane,heavy_cruiser,ship_hull_cruiser_1,Almirante Cochrane Class,,8222,Armada de Chile,8222,Armada de Chile
CHL,BACH Ministro Zenteno,light_cruiser,ship_hull_cruiser_2,Ministro Zenteno Class,,8222,Armada de Chile,8222,Armada de Chile
CHL,BACH Valparaíso,light_cruiser,ship_hull_cruiser_2,Ministro Zenteno Class,,8222,Armada de Chile,8222,Armada de Chile
CHL,BACH Almirante Williams,destroyer,ship_hull_light_3,Almirante Williams Class,,8222,Armada de Chile,8222,Armada de Chile
CHL,BACH Almirante Uribe,destroyer,ship_hull_light_3,Almirante Williams Class,,8222,Armada de Chile,8222,Armada de Chile
CHL,BACH Al Rebolledo,destroyer,ship_hull_light_3,Almirante Williams Class,,8222,Armada de Chile,8222,Armada de Chile
CHL,BACH Capitán Thompson,destroyer,ship_hull_light_3,Almirante Williams Class,,8222,Armada de Chile,8222,Armada de Chile
CHL,BACH Capitán Merino Jarpa,destroyer,ship_hull_light_3,Almirante Williams Class,,8222,Armada de Chile,8222,Armada de Chile
CHL,BACH Blanco Encalada,destroyer,ship_hull_light_3,Almirante Williams Class,,8222,Armada de Chile,8222,Armada de Chile
CHL,BACH General Baquedano,destroyer,ship_hull_light_3,General Baquedano Class,,8222,Armada de Chile,8222,Armada de Chile
CHL,BACH Capitán Prat,destroyer,ship_hull_light_3,General Baquedano Class,,8222,Armada de Chile,8222,Armada de Chile
CHL,BACH Virgilio Uribe,destroyer,ship_hull_light_3,General Baquedano Class,,8222,Armada de Chile,8222,Armada de Chile
CHL,BACH Riquelme,destroyer,ship_hull_light_3,General Baquedano Class,,8222,Armada de Chile,8222,Armada de Chile
CHL,BACH Aldea,destroyer,ship_hull_light_1,Serrano Class,,8222,Armada de Chile,8222,Armada de Chile
CHL,BACH Hyatt,destroyer,ship_hull_light_1,Serrano Class,,8222,Armada de Chile,8222,Armada de Chile
CHL,BACH Orella,destroyer,ship_hull_light_1,Serrano Class,,8222,Armada de Chile,8222,Armada de Chile
CHL,BACH Requelme,destroyer,ship_hull_light_1,Serrano Class,,8222,Armada de Chile,8222,Armada de Chile
CHL,BACH Serrano,destroyer,ship_hull_light_1,Serrano Class,,8222,Armada de Chile,8222,Armada de Chile
CHL,BACH Videla,destroyer,ship_hull_light_1,Serrano Class,,8222,Armada de Chile,8222,Armada de Chile
CHL,BACH Gualcolda,submarine,ship_hull_submarine_1,H1 Class,,8222,Flotilla de Submarinos nro. 1,8222,Armada de Chile
CHL,BACH Tegualda,submarine,ship_hull_submarine_1,H1 Class,,8222,Flotilla de Submarinos nro. 1,8222,Armada de Chile
CHL,BACH Rucumilla,submarine,ship_hull_submarine_1,H1 Class,,8222,Flotilla de Submarinos nro. 1,8222,Armada de Chile
CHL,BACH Quidora,submarine,ship_hull_submarine_1,H1 Class,,8222,Flotilla de Submarinos nro. 1,8222,Armada de Chile
CHL,BACH Fresia,submarine,ship_hull_submarine_1,H1 Class,,8222,Flotilla de Submarinos nro. 1,8222,Armada de Chile
CHL,BACH Guale,submarine,ship_hull_submarine_1,H1 Class,,8222,Flotilla de Submarinos nro. 1,8222,Armada de Chile
CHL,BACH Capitán O`Brien,submarine,ship_hull_submarine_1,Capitán O'Brien Class,,12994,Flotilla de Submarinos nro. 2,8222,Armada de Chile
CHL,BACH Almirante Simpson,submarine,ship_hull_submarine_1,Capitán O'Brien Class,,12994,Flotilla de Submarinos nro. 2,8222,Armada de Chile
CHL,BACH Capitán Thomson,submarine,ship_hull_submarine_1,Capitán O'Brien Class,,12994,Flotilla de Submarinos nro. 2,8222,Armada de Chile
CHL,BACH O'Higgins,heavy_cruiser,ship_hull_cruiser_armored_cruiser,O'Higgins Class,,12994,Flota de Entrenamiento,8222,Armada de Chile
CHL,BACH Chacabuco,light_cruiser,ship_hull_cruiser_defenced_cruiser,Chacabuco Class,,12994,Flota de Entrenamiento,8222,Armada de Chile
CHL,BACH Almirante Lynch,destroyer,ship_hull_light_1,Almirante Lynch Class,,12994,Flota de Entrenamiento,8222,Armada de Chile
CHL,BACH Almirante Condell,destroyer,ship_hull_light_1,Almirante Lynch Class,,12994,Flota de Entrenamiento,8222,Armada de Chile
KAM,Huso,battle_carrier,ship_hull_battle_carrier_1,Huso Class,yes,13545,Dai 1 Sentai,13545,Jyoubi Kantai
KAM,Yamashiro,battle_carrier,ship_hull_battle_carrier_1,Huso Class,,13545,Dai 1 Sentai,13545,Jyoubi Kantai
KAM,Ise,battle_carrier,ship_hull_battle_carrier_1,Ise Class,,13545,Dai 1 Sentai,13545,Jyoubi Kantai
KAM,Hyuga,battle_carrier,ship_hull_battle_carrier_1,Ise Class,,13545,Dai 1 Sentai,13545,Jyoubi Kantai
KAM,Huji,battleship,ship_hull_pre_dreadnought_0,Huji Class,,13545,Dai 2 Sentai,13545,Jyoubi Kantai
KAM,Shikishima,battle_carrier,ship_hull_pd_battle_carrier,Shikishima Class,,13545,Dai 2 Sentai,13545,Jyoubi Kantai
KAM,Asahi,battle_carrier,ship_hull_pd_battle_carrier,Shikishima Class,,13545,Dai 2 Sentai,13545,Jyoubi Kantai
KAM,Yakumo,cruiser_carrier,ship_hull_cruiser_armored_cruiser_carrier,Kasuga Class,,4728,Dai 3 Sentai,13545,Jyoubi Kantai
KAM,Izumo,cruiser_carrier,ship_hull_cruiser_armored_cruiser_carrier,Kasuga Class,,4728,Dai 3 Sentai,13545,Jyoubi Kantai
KAM,Iwate,cruiser_carrier,ship_hull_cruiser_armored_cruiser_carrier,Kasuga Class,,4728,Dai 3 Sentai,13545,Jyoubi Kantai
KAM,Kasuga,cruiser_carrier,ship_hull_cruiser_armored_cruiser_carrier,Kasuga Class,,4728,Dai 3 Sentai,13545,Jyoubi Kantai
KAM,Asama,cruiser_carrier,ship_hull_cruiser_armored_cruiser_carrier,Kasuga Class,,4728,Dai 3 Sentai,13545,Jyoubi Kantai
KAM,Tokiwa,cruiser_carrier,ship_hull_cruiser_armored_cruiser_carrier,Kasuga Class,,4728,Dai 3 Sentai,13545,Jyoubi Kantai
KAM,Oodomari,light_cruiser,ship_hull_cruiser_0_transport_remodeling,Oodomari Class,,4728,Dai 3 Sentai,13545,Jyoubi Kantai
KAM,Jyunyo,light_carrier,ship_hull_carrier_conversion_mc,Jyunyo Class,,13067,Dai 4 Sentai,13545,Jyoubi Kantai
KAM,Hiyo,light_carrier,ship_hull_carrier_conversion_mc,Jyunyo Class,,13067,Dai 4 Sentai,13545,Jyoubi Kantai
KAM,Housyo,carrier,ship_hull_carrier_0,Housyo Class,,13067,Dai 4 Sentai,13545,Jyoubi Kantai
KAM,Ryuho,light_carrier,ship_hull_carrier_conversion_tp,Ryuuhou Class,,13067,Dai 4 Sentai,13545,Jyoubi Kantai
KAM,Chitose,light_cruiser,ship_hull_cruiser_3,Chiyoda Class,,13067,Dai 4 Sentai,13545,Jyoubi Kantai
KAM,Michishio,destroyer,ship_hull_light_2,Asashio Class,,13067,Dai 4 Sentai,13545,Jyoubi Kantai
KAM,Asagumo,destroyer,ship_hull_light_2,Asashio Class,,13067,Dai 4 Sentai,13545,Jyoubi Kantai
KAM,Yamagumo,destroyer,ship_hull_light_2,Asashio Class,,13067,Dai 4 Sentai,13545,Jyoubi Kantai
KAM,Yamashiomaru,light_carrier,ship_hull_carrier_conversion_mc,Yamashiomaru Class,,12207,Dai 5 Sentai,13545,Jyoubi Kantai
KAM,Umishiomaru,light_carrier,ship_hull_carrier_conversion_mc,Yamashiomaru Class,,12207,Dai 5 Sentai,13545,Jyoubi Kantai
KAM,Chiyoda,light_cruiser,ship_hull_cruiser_3,Chiyoda Class,,12207,Dai 5 Sentai,13545,Jyoubi Kantai
KAM,Akatsuki,destroyer,ship_hull_light_2,Hubuki Class,,12207,Dai 5 Sentai,13545,Jyoubi Kantai
KAM,Hibiki,destroyer,ship_hull_light_2,Hubuki Class,,12207,Dai 5 Sentai,13545,Jyoubi Kantai
KAM,Ikaduti,destroyer,ship_hull_light_2,Hubuki Class,,12207,Dai 5 Sentai,13545,Jyoubi Kantai
KAM,Inaduma,destroyer,ship_hull_light_2,Hubuki Class,,12207,Dai 5 Sentai,13545,Jyoubi Kantai
KAM,Kashihara,light_cruiser,ship_hull_cruiser_3,Kashihara Class,,13553,Dai 6 Sentai,13545,Jyoubi Kantai
KAM,Shiranui,destroyer,ship_hull_light_3,Kagerou Class,,13553,Dai 6 Sentai,13545,Jyoubi Kantai
KAM,Yukikaze,destroyer,ship_hull_light_3,Kagerou Class,,13553,Dai 6 Sentai,13545,Jyoubi Kantai
KAM,Amatsukaze,destroyer,ship_hull_light_3,Kagerou Class,,13553,Dai 6 Sentai,13545,Jyoubi Kantai
KAM,Urakaze,destroyer,ship_hull_light_3,Kagerou Class,,13553,Dai 6 Sentai,13545,Jyoubi Kantai
KAM,Isokaze,destroyer,ship_hull_light_3,Kagerou Class,,13553,Dai 6 Sentai,13545,Jyoubi Kantai
KAM,Hamakaze,destroyer,ship_hull_light_3,Kagerou Class,,13553,Dai 6 Sentai,13545,Jyoubi Kantai
KAM,Hinomae,light_cruiser,ship_hull_cruiser_4,Atsuta Class,,13545,Dai 7 Sentai,13545,Jyoubi Kantai
KAM,Tanikaze,destroyer,ship_hull_light_3,Kagerou Class,,13545,Dai 7 Sentai,13545,Jyoubi Kantai
KAM,Nowaki,destroyer,ship_hull_light_3,Kagerou Class,,13545,Dai 7 Sentai,13545,Jyoubi Kantai
KAM,Akigumo,destroyer,ship_hull_light_3,Kagerou Class,,13545,Dai 7 Sentai,13545,Jyoubi Kantai
KAM,Ukuru,frigate,ship_hull_frigate_2,Ukuru Class,,13545,Dai 7 Sentai,13545,Jyoubi Kantai
KAM,Okinawa,frigate,ship_hull_frigate_2,Ukuru Class,,13545,Dai 7 Sentai,13545,Jyoubi Kantai
KAM,Amami,frigate,ship_hull_frigate_2,Ukuru Class,,13545,Dai 7 Sentai,13545,Jyoubi Kantai
KAM,Kunashiri,light_cruiser,ship_hull_cruiser_4,Kasado Class,,4728,Dai 8 Sentai,13545,Jyoubi Kantai
KAM,Jingei,light_cruiser,ship_hull_cruiser_1,Jingei Class,,4728,Dai 8 Sentai,13545,Jyoubi Kantai
KAM,Tyougei,light_cruiser,ship_hull_cruiser_1,Jingei Class,,4728,Dai 8 Sentai,13545,Jyoubi Kantai
KAM,Hakugei,light_cruiser,ship_hull_cruiser_2,Hakugei Class,,4728,Dai 8 Sentai,13545,Jyoubi Kantai
KAM,Kokugei,light_cruiser,ship_hull_cruiser_2,Hakugei Class,,4728,Dai 8 Sentai,13545,Jyoubi Kantai
KAM,Soya,cruiser_carrier,ship_hull_cruiser_carrier_0,Souya Class,,4728,Dai 8 Sentai,13545,Jyoubi Kantai
KAM,Suzunami,destroyer,ship_hull_light_2,Suzunami Class,,4728,Dai 8 Sentai,13545,Jyoubi Kantai
KAM,Sazanami,destroyer,ship_hull_light_2,Suzunami Class,,4728,Dai 8 Sentai,13545,Jyoubi Kantai
KAM,Ro go Dai 35 Sensuikan,submarine,ship_hull_submarine_2,Kai Tyu VII Class,,4728,Dai 9 Sentai,13545,Jyoubi Kantai
KAM,Ro go Dai 36 Sensuikan,submarine,ship_hull_submarine_2,Kai Tyu VII Class,,4728,Dai 9 Sentai,13545,Jyoubi Kantai
KAM,Ro go Dai 37 Sensuikan,submarine,ship_hull_submarine_2,Kai Tyu VII Class,,4728,Dai 9 Sentai,13545,Jyoubi Kantai
KAM,Ro go Dai 38 Sensuikan,submarine,ship_hull_submarine_2,Kai Tyu VII Class,,4728,Dai 9 Sentai,13545,Jyoubi Kantai
KAM,Ro go Dai 39 Sensuikan,submarine,ship_hull_submarine_2,Kai Tyu VII Class,,13545,Dai 10 Sentai,13545,Jyoubi Kantai
KAM,Ro go Dai 40 Sensuikan,submarine,ship_hull_submarine_2,Kai Tyu VII Class,,13545,Dai 10 Sentai,13545,Jyoubi Kantai
KAM,Ro go Dai 41 Sensuikan,submarine,ship_hull_submarine_2,Kai Tyu VII Class,,13545,Dai 10 Sentai,13545,Jyoubi Kantai
KAM,Ro go Dai 42 Sensuikan,submarine,ship_hull_submarine_2,Kai Tyu VII Class,,13545,Dai 10 Sentai,13545,Jyoubi Kantai
NGU,Kumotori,battleship,ship_hull_heavy_2,Kumotori Class,yes,12237,Dai 101 Sentai,12237,Tokubetsu Nanken Kantai
NGU,Suisyou,battleship,ship_hull_heavy_2,Kumotori Class,yes,12237,Dai 101 Sentai,12237,Tokubetsu Nanken Kantai
NGU,Inaba,heavy_cruiser,ship_hull_cruiser_coastal_defense_ship_2,Inaba Class,yes,12237,Dai 101 Sentai,12237,Tokubetsu Nanken Kantai
NGU,Aki,heavy_cruiser,ship_hull_cruiser_coastal_defense_ship_2,Inaba Class,yes,12237,Dai 101 Sentai,12237,Tokubetsu Nanken Kantai
NGU,Takao,heavy_cruiser,ship_hull_cruiser_2,Takao Class,,12237,Dai 102 Sentai,12237,Tokubetsu Nanken Kantai
NGU,Atago,heavy_cruiser,ship_hull_cruiser_2,Takao Class,,12237,Dai 102 Sentai,12237,Tokubetsu Nanken Kantai
NGU,Cyokai,heavy_cruiser,ship_hull_cruiser_2,Takao Class,,12237,Dai 102 Sentai,12237,Tokubetsu Nanken Kantai
NGU,Maya,heavy_cruiser,ship_hull_cruiser_2,Takao Class,,12237,Dai 102 Sentai,12237,Tokubetsu Nanken Kantai
NGU,Unryu,carrier,ship_hull_carrier_1,Unryu Class,,12237,Dai 101 Kouku Sentai,12237,Tokubetsu Nanken Kantai
NGU,Ooyodo,light_cruiser,ship_hull_cruiser_3,Ooyodo Class,,12237,Dai 101 Kouku Sentai,12237,Tokubetsu Nanken Kantai
NGU,Niyodo,light_cruiser,ship_hull_cruiser_3,Ooyodo Class,,12237,Dai 101 Kouku Sentai,12237,Tokubetsu Nanken Kantai
NGU,Yugumo,destroyer,ship_hull_light_3,Yugumo Class,,12237,Dai 101 Kouku Sentai,12237,Tokubetsu Nanken Kantai
NGU,Kazakumo,destroyer,ship_hull_light_3,Yugumo Class,,12237,Dai 101 Kouku Sentai,12237,Tokubetsu Nanken Kantai
NGU,Naganami,destroyer,ship_hull_light_3,Yugumo Class,,12237,Dai 101 Kouku Sentai,12237,Tokubetsu Nanken Kantai
NGU,Tamanami,destroyer,ship_hull_light_3,Yugumo Class,,12237,Dai 101 Kouku Sentai,12237,Tokubetsu Nanken Kantai
NGU,Nashi,destroyer,ship_hull_light_2,Matsu Class,,12237,Dai 101 Suirai Sentai,12237,Tokubetsu Nanken Kantai
NGU,Kurumi,destroyer,ship_hull_light_2,Matsu Class,,12237,Dai 101 Suirai Sentai,12237,Tokubetsu Nanken Kantai
NGU,Hujinami,destroyer,ship_hull_light_3,Yugumo Class,,12237,Dai 101 Suirai Sentai,12237,Tokubetsu Nanken Kantai
NGU,Hayanami,destroyer,ship_hull_light_3,Yugumo Class,,12237,Dai 101 Suirai Sentai,12237,Tokubetsu Nanken Kantai
NGU,Hamanami,destroyer,ship_hull_light_3,Yugumo Class,,12237,Dai 101 Suirai Sentai,12237,Tokubetsu Nanken Kantai
NGU,Yanagi,destroyer,ship_hull_light_2,Matsu Class,,12237,Dai 102 Suirai Sentai,12237,Tokubetsu Nanken Kantai
NGU,Wakatake,destroyer,ship_hull_light_2,Matsu Class,,12237,Dai 102 Suirai Sentai,12237,Tokubetsu Nanken Kantai
NGU,Okinami,destroyer,ship_hull_light_3,Yugumo Class,,12237,Dai 102 Suirai Sentai,12237,Tokubetsu Nanken Kantai
NGU,Kishinami,destroyer,ship_hull_light_3,Yugumo Class,,12237,Dai 102 Suirai Sentai,12237,Tokubetsu Nanken Kantai
NGU,Asashimo,destroyer,ship_hull_light_3,Yugumo Class,,12237,Dai 102 Suirai Sentai,12237,Tokubetsu Nanken Kantai
NGU,I-30,submarine,ship_hull_cruiser_submarine,Jyun Sen Otsu Class,,12237,Dai 101 Sensui Sentai,12237,Tokubetsu Nanken Kantai
NGU,I-31,submarine,ship_hull_cruiser_submarine,Jyun Sen Otsu Class,,12237,Dai 101 Sensui Sentai,12237,Tokubetsu Nanken Kantai
NGU,I-32,submarine,ship_hull_cruiser_submarine,Jyun Sen Otsu Class,,12237,Dai 101 Sensui Sentai,12237,Tokubetsu Nanken Kantai
NGU,I-33,submarine,ship_hull_cruiser_submarine,Jyun Sen Otsu Class,,12237,Dai 101 Sensui Sentai,12237,Tokubetsu Nanken Kantai
NGU,I-34,submarine,ship_hull_cruiser_submarine,Jyun Sen Otsu Class,,12237,Dai 101 Sensui Sentai,12237,Tokubetsu Nanken Kantai
NGU,I-35,submarine,ship_hull_cruiser_submarine,Jyun Sen Otsu Class,,12237,Dai 102 Sensui Sentai,12237,Tokubetsu Nanken Kantai
NGU,I-36,submarine,ship_hull_cruiser_submarine,Jyun Sen Otsu Class,,12237,Dai 102 Sensui Sentai,12237,Tokubetsu Nanken Kantai
NGU,I-37,submarine,ship_hull_cruiser_submarine,Jyun Sen Otsu Class,,12237,Dai 102 Sensui Sentai,12237,Tokubetsu Nanken Kantai
NGU,I-38,submarine,ship_hull_cruiser_submarine,Jyun Sen Otsu Class,,12237,Dai 102 Sensui Sentai,12237,Tokubetsu Nanken Kantai
NGU,I-39,submarine,ship_hull_cruiser_submarine,Jyun Sen Otsu Class,,12237,Dai 102 Sensui Sentai,12237,Tokubetsu Nanken Kantai
NGU,Ukuru,frigate,ship_hull_frigate_2,Ukuru Class,,12237,Dai 101 Syokai Sentai,12237,Tokubetsu Nanken Kantai
NGU,Okinawa,frigate,ship_hull_frigate_2,Ukuru Class,,12237,Dai 101 Syokai Sentai,12237,Tokubetsu Nanken Kantai
NGU,Amami,frigate,ship_hull_frigate_2,Ukuru Class,,12237,Dai 101 Syokai Sentai,12237,Tokubetsu Nanken Kantai
NGU,Aguni,frigate,ship_hull_frigate_2,Ukuru Class,,12237,Dai 101 Syokai Sentai,12237,Tokubetsu Nanken Kantai
NGU,Shinnan,frigate,ship_hull_frigate_2,Ukuru Class,,12237,Dai 101 Syokai Sentai,12237,Tokubetsu Nanken Kantai
NGU,Yaku,frigate,ship_hull_frigate_2,Ukuru Class,,12237,Dai 101 Syokai Sentai,12237,Tokubetsu Nanken Kantai
NGU,Chikubu,frigate,ship_hull_frigate_2,Ukuru Class,,12237,Dai 101 Syokai Sentai,12237,Tokubetsu Nanken Kantai
NGU,Kouzu,frigate,ship_hull_frigate_2,Ukuru Class,,12237,Dai 102 Syokai Sentai,12237,Tokubetsu Nanken Kantai
NGU,Hotaka,frigate,ship_hull_frigate_2,Ukuru Class,,12237,Dai 102 Syokai Sentai,12237,Tokubetsu Nanken Kantai
NGU,Ikara,frigate,ship_hull_frigate_2,Ukuru Class,,12237,Dai 102 Syokai Sentai,12237,Tokubetsu Nanken Kantai
NGU,Ikino,frigate,ship_hull_frigate_2,Ukuru Class,,12237,Dai 102 Syokai Sentai,12237,Tokubetsu Nanken Kantai
NGU,Inagi,frigate,ship_hull_frigate_2,Ukuru Class,,12237,Dai 102 Syokai Sentai,12237,Tokubetsu Nanken Kantai
NGU,Habushi,frigate,ship_hull_frigate_2,Ukuru Class,,12237,Dai 102 Syokai Sentai,12237,Tokubetsu Nanken Kantai
NGU,Ojika,frigate,ship_hull_frigate_2,Ukuru Class,,12237,Dai 102 Syokai Sentai,12237,Tokubetsu Nanken Kantai
NGU,Uku,frigate,ship_hull_frigate_2,Ukuru Class,,12237,Dai 102 Syokai Sentai,12237,Tokubetsu Nanken Kantai
CHI,CNS Qi 1,submarine,ship_hull_submarine_1,U-Boot Class IIA,,7014,101 Submarine Fleet,7014,1st Submarine Fleet
CHI,CNS Qi 2,submarine,ship_hull_submarine_1,U-Boot Class IIA,,7014,101 Submarine Fleet,7014,1st Submarine Fleet
CHI,CNS Qi 3,submarine,ship_hull_submarine_1,U-Boot Class IIA,,7014,101 Submarine Fleet,7014,1st Submarine Fleet
CHI,CNS Qi 4,submarine,ship_hull_submarine_1,U-Boot Class IIA,,7014,101 Submarine Fleet,7014,1st Submarine Fleet
CHI,CNS Qi 5,submarine,ship_hull_submarine_1,U-Boot Class IIA,,7014,101 Submarine Fleet,7014,1st Submarine Fleet
CHI,CNS Qi 6,submarine,ship_hull_submarine_2,U-Boot Class VIIB,,7014,102 Submarine Fleet,7014,1st Submarine Fleet
CHI,CNS Qi 7,submarine,ship_hull_submarine_2,U-Boot Class VIIB,,7014,102 Submarine Fleet,7014,1st Submarine Fleet
CHI,CNS Qi 8,submarine,ship_hull_submarine_2,U-Boot Class VIIB,,7014,102 Submarine Fleet,7014,1st Submarine Fleet
CHI,CNS Qi 9,submarine,ship_hull_submarine_2,U-Boot Class VIIB,,7014,102 Submarine Fleet,7014,1st Submarine Fleet
CHI,CNS Qi 10,submarine,ship_hull_submarine_2,U-Boot Class VIIB,,7014,102 Submarine Fleet,7014,1st Submarine Fleet
CHI,CNS Qi 11,submarine,ship_hull_submarine_2,U-Boot Class VIIC,,7014,103 Submarine Fleet,7014,1st Submarine Fleet
CHI,CNS Qi 12,submarine,ship_hull_submarine_2,U-Boot Class VIIC,,7014,103 Submarine Fleet,7014,1st Submarine Fleet
CHI,CNS Qi 13,submarine,ship_hull_submarine_2,U-Boot Class VIIC,,7014,103 Submarine Fleet,7014,1st Submarine Fleet
CHI,CNS Qi 14,submarine,ship_hull_submarine_2,U-Boot Class VIIC/41,,7014,103 Submarine Fleet,7014,1st Submarine Fleet
CHI,CNS Qi 15,submarine,ship_hull_submarine_2,U-Boot Class VIIC/41,,7014,103 Submarine Fleet,7014,1st Submarine Fleet
CHI,CNS Qi 16,submarine,ship_hull_submarine_2,U-Boot Class VIIC/41,,7014,103 Submarine Fleet,7014,1st Submarine Fleet
CHI,CNS Qi 17,submarine,ship_hull_submarine_2,U-Boot Class VIIC/41,,7014,103 Submarine Fleet,7014,1st Submarine Fleet
CHI,CNS Qi 18,submarine,ship_hull_submarine_2,U-Boot Class VIIC/41,,7014,103 Submarine Fleet,7014,1st Submarine Fleet
CHI,CNS Qi 19,submarine,ship_hull_submarine_2,U-Boot Class VIIC/41,,7014,103 Submarine Fleet,7014,1st Submarine Fleet
CHI,CNS Qi 20,submarine,ship_hull_submarine_2,U-Boot Class VIIC/41,,7014,103 Submarine Fleet,7014,1st Submarine Fleet
CHI,CNS Shenyang,battleship,ship_hull_pre_dreadnought_0,Shenyang Class,,10000,2nd Task Force,10000,1st Squad Fleet
CHI,CNS Changsha,battleship,ship_hull_pre_dreadnought_0,Shenyang Class,,10000,2nd Task Force,10000,1st Squad Fleet
CHI,CNS Chóngqìng,battleship,ship_hull_pre_dreadnought_0,Chóngqìng Class,,10000,2nd Task Force,10000,1st Squad Fleet
CHI,CNS Hénán,battleship,ship_hull_pre_dreadnought_0,Hénán Class,,10000,2nd Task Force,10000,1st Squad Fleet
CHI,CNS Hebei,battleship,ship_hull_pre_dreadnought_0,Hénán Class,,10000,2nd Task Force,10000,1st Squad Fleet
CHI,CNS Hai Tien,heavy_cruiser,ship_hull_cruiser_defenced_cruiser,Hai Tien Class,,10000,3rd Task Force,10000,1st Squad Fleet
CHI,CNS Peng Chao Hai,light_cruiser,ship_hull_cruiser_coastal_defense_ship_1,Peng Chao Hai Class,,10000,3rd Task Force,10000,1st Squad Fleet
CHI,CNS Chin Ou,light_cruiser,ship_hull_cruiser_coastal_defense_ship_1,Chin Ou Class,,10000,3rd Task Force,10000,1st Squad Fleet
CHI,CNS Hai Yung,light_cruiser,ship_hull_cruiser_defenced_cruiser,Hai Yung Class,,7014,4th Task Force,10000,1st Squad Fleet
CHI,CNS Hai Shew,light_cruiser,ship_hull_cruiser_defenced_cruiser,Hai Yung Class,,7014,4th Task Force,10000,1st Squad Fleet
CHI,CNS Hai Shen,light_cruiser,ship_hull_cruiser_defenced_cruiser,Hai Yung Class,,7014,4th Task Force,10000,1st Squad Fleet
CHI,CNS Fei Yuan,light_cruiser,ship_hull_cruiser_defenced_cruiser,Fei Yuan Class,,7014,4th Task Force,10000,1st Squad Fleet
CHI,CNS Chao Ho,light_cruiser,ship_hull_cruiser_defenced_cruiser,Chao Ho Class,,7014,4th Task Force,10000,1st Squad Fleet
CHI,CNS Ying Swei,light_cruiser,ship_hull_cruiser_defenced_cruiser,Chao Ho Class,,7014,4th Task Force,10000,1st Squad Fleet
CHI,CNS Chiangtzu,light_cruiser,ship_hull_cruiser_1,Chiangtzu Class,,7014,5th Task Force,10000,1st Squad Fleet
CHI,CNS Fei Ting,light_cruiser,ship_hull_cruiser_0_transport_remodeling,Fei Ting Class,,7014,6th Task Force,10000,1st Squad Fleet
CHI,CNS Fei Ying,light_cruiser,ship_hull_cruiser_0_transport_remodeling,Fei Ying Class,,7014,6th Task Force,10000,1st Squad Fleet
CHI,CNS Ning Hai,light_cruiser,ship_hull_cruiser_scout_cruiser,Ning Hai Class,,7014,6th Task Force,10000,1st Squad Fleet
CHI,CNS Ping Hai,light_cruiser,ship_hull_cruiser_scout_cruiser,Ning Hai Class,,7014,6th Task Force,10000,1st Squad Fleet
CHI,CNS Hai Hola,destroyer,ship_hull_light_2,Hai Hola Class,,7014,7th Task Force,10000,1st Squad Fleet
CHI,CNS Hai Lung,destroyer,ship_hull_light_2,Hai Lung Class,,7014,7th Task Force,10000,1st Squad Fleet
CHI,CNS Hai Nju,destroyer,ship_hull_light_2,Hai Nju Class,,7014,7th Task Force,10000,1st Squad Fleet
CHI,CNS Fu Bo,destroyer,ship_hull_light_0,Chang Feng Class,,7014,7th Task Force,10000,1st Squad Fleet
CHI,CNS Fei Yuen,destroyer,ship_hull_light_0,Chang Feng Class,,7014,7th Task Force,10000,1st Squad Fleet
CHI,CNS Chen Tung,destroyer,ship_hull_light_1,Chen Tung Class,,7014,7th Task Force,10000,1st Squad Fleet
CHI,CNS Chen Hsi,destroyer,ship_hull_light_1,Chen Tung Class,,7014,7th Task Force,10000,1st Squad Fleet
CHI,CNS Chen Nan,destroyer,ship_hull_light_1,Chen Tung Class,,7014,7th Task Force,10000,1st Squad Fleet
CHI,CNS Chen Pei,destroyer,ship_hull_light_1,Chen Tung Class,,7014,7th Task Force,10000,1st Squad Fleet
CHI,CNS Yung Hsiang,frigate,ship_hull_light_monitor,Yung Hsiang Class,,10000,8th Task Force,10000,1st Squad Fleet
CHI,CNS Yung Feng,frigate,ship_hull_light_monitor,Yung Hsiang Class,,10000,8th Task Force,10000,1st Squad Fleet
CHI,CNS Yongjian,frigate,ship_hull_light_monitor,Yongjian Class,,10000,8th Task Force,10000,1st Squad Fleet
CHI,CNS Yongji,frigate,ship_hull_light_monitor,Yongjian Class,,10000,8th Task Force,10000,1st Squad Fleet
CHI,CNS Yi Xian,frigate,ship_hull_light_monitor,Yi Xian Class,,10000,8th Task Force,10000,1st Squad Fleet
CHI,CNS Kuan Chuan,frigate,ship_hull_light_monitor,Kuan Chuan Class,,10000,8th Task Force,10000,1st Squad Fleet
CHI,CNS An Feng,frigate,ship_hull_light_monitor,Kuan Chuan Class,,10000,8th Task Force,10000,1st Squad Fleet
CHI,CNS Lien Ching,frigate,ship_hull_light_monitor,Kuan Chuan Class,,10000,8th Task Force,10000,1st Squad Fleet
NAF,MRL Alberto di Giussano,light_cruiser,ship_hull_cruiser_1,Alberto di Giussano Class,,1130,La principale flotta libica,1130,Flotta principale
NAF,MRL Eritrea,light_cruiser,ship_hull_cruiser_1,Eritrea Class,,1130,La principale flotta libica,1130,Flotta principale
NAF,MRL Giuseppe Sirtori,destroyer,ship_hull_light_1_old,Giuseppe Sirtori Class,,1130,La principale flotta libica,1130,Flotta principale
NAF,MRL Vincenzo Giordano Orsini,destroyer,ship_hull_light_1_old,Giuseppe Sirtori Class,,1130,La principale flotta libica,1130,Flotta principale
NAF,MRL Francesco Stucco,destroyer,ship_hull_light_1_old,Giuseppe Sirtori Class,,1130,La principale flotta libica,1130,Flotta principale
NAF,MRL Polluce,destroyer,ship_hull_large_frigate,Alcione Class,,1130,La principale flotta libica,1130,Flotta principale
NAF,MRL Pleiadi,destroyer,ship_hull_large_frigate,Alcione Class,,1130,La principale flotta libica,1130,Flotta principale
NAF,MRL Dardo,destroyer,ship_hull_light_1,Freccia Class,,1149,Prima flotta di ricognizione libica,1130,Flotta principale
NAF,MRL Climene,destroyer,ship_hull_large_frigate,Climene Class,,1149,Prima flotta di ricognizione libica,1130,Flotta principale
NAF,MRL Lira,destroyer,ship_hull_large_frigate,Alcione Class,,1149,Prima flotta di ricognizione libica,1130,Flotta principale
NAF,MRL Canopo,destroyer,ship_hull_large_frigate,Climene Class,,1149,Prima flotta di ricognizione libica,1130,Flotta principale
NAF,MRL Cassiopea,destroyer,ship_hull_large_frigate,Climene Class,,1149,Prima flotta di ricognizione libica,1130,Flotta principale
NAF,MRL Castore,destroyer,ship_hull_large_frigate,Climene Class,,1149,Prima flotta di ricognizione libica,1130,Flotta principale
NAF,MRL Centauro,destroyer,ship_hull_large_frigate,Climene Class,,1149,Prima flotta di ricognizione libica,1130,Flotta principale
NAF,MRL Cigno,destroyer,ship_hull_large_frigate,Climene Class,,1149,Prima flotta di ricognizione libica,1130,Flotta principale
NAF,MRL Freccia,destroyer,ship_hull_light_1,Freccia Class,,1130,Seconda flotta di ricognizione libica,1130,Flotta principale
NAF,MRL Lupo,destroyer,ship_hull_large_frigate,Alcione Class,,1130,Seconda flotta di ricognizione libica,1130,Flotta principale
NAF,MRL Aldebaran,destroyer,ship_hull_large_frigate,Perseo Class,,1130,Seconda flotta di ricognizione libica,1130,Flotta principale
NAF,MRL Altair,destroyer,ship_hull_large_frigate,Perseo Class,,1130,Seconda flotta di ricognizione libica,1130,Flotta principale
NAF,MRL Andromeda,destroyer,ship_hull_large_frigate,Perseo Class,,1130,Seconda flotta di ricognizione libica,1130,Flotta principale
NAF,MRL Antares,destroyer,ship_hull_large_frigate,Perseo Class,,1130,Seconda flotta di ricognizione libica,1130,Flotta principale
NAF,MRL Sagittario,destroyer,ship_hull_large_frigate,Perseo Class,,1130,Seconda flotta di ricognizione libica,1130,Flotta principale
NAF,MRL Saetta,destroyer,ship_hull_light_1,Freccia Class,,1130,Terza flotta di ricognizione libica,1130,Flotta principale
NAF,MRL Sirio,destroyer,ship_hull_large_frigate,Perseo Class,,1130,Terza flotta di ricognizione libica,1130,Flotta principale
NAF,MRL Vega,destroyer,ship_hull_large_frigate,Perseo Class,,1130,Terza flotta di ricognizione libica,1130,Flotta principale
NAF,MRL Airone,destroyer,ship_hull_large_frigate,Alcione Class,,1130,Terza flotta di ricognizione libica,1130,Flotta principale
NAF,MRL Alcione,destroyer,ship_hull_large_frigate,Alcione Class,,1130,Terza flotta di ricognizione libica,1130,Flotta principale
NAF,MRL Aretusa,destroyer,ship_hull_large_frigate,Alcione Class,,1130,Terza flotta di ricognizione libica,1130,Flotta principale
NAF,MRL Ariel,destroyer,ship_hull_large_frigate,Alcione Class,,1130,Terza flotta di ricognizione libica,1130,Flotta principale
NAF,MRL Pallade,destroyer,ship_hull_large_frigate,Alcione Class,,1130,Terza flotta di ricognizione libica,1130,Flotta principale
NAF,MRL Strale,destroyer,ship_hull_light_1,Freccia Class,,1149,Quarta Flotta di ricognizione Libia,1130,Flotta principale
NAF,MRL Calipso,destroyer,ship_hull_large_frigate,Alcione Class,,1149,Quarta Flotta di ricognizione Libia,1130,Flotta principale
NAF,MRL Calliope,destroyer,ship_hull_large_frigate,Alcione Class,,1149,Quarta Flotta di ricognizione Libia,1130,Flotta principale
NAF,MRL Circe,destroyer,ship_hull_large_frigate,Alcione Class,,1149,Quarta Flotta di ricognizione Libia,1130,Flotta principale
NAF,MRL Clio,destroyer,ship_hull_large_frigate,Alcione Class,,1149,Quarta Flotta di ricognizione Libia,1130,Flotta principale
NAF,MRL Libra,destroyer,ship_hull_large_frigate,Alcione Class,,1149,Quarta Flotta di ricognizione Libia,1130,Flotta principale
NAF,MRL Lince,destroyer,ship_hull_large_frigate,Alcione Class,,1149,Quarta Flotta di ricognizione Libia,1130,Flotta principale
NAF,MRL Partenope,destroyer,ship_hull_large_frigate,Alcione Class,,1149,Quarta Flotta di ricognizione Libia,1130,Flotta principale
IRE,LÉ Cliona,frigate,ship_hull_frigate_1,Flower Class,,7377,1st Coastal Guard,7377,1st Fleet
IRE,LÉ Maev,frigate,ship_hull_frigate_1,Flower Class,,7377,1st Coastal Guard,7377,1st Fleet
IRE,LÉ Macha,frigate,ship_hull_frigate_1,Flower Class,,7377,1st Coastal Guard,7377,1st Fleet
GER,Admiral Scheer,heavy_cruiser,heavy_cruiser_1,Deutschland Class,,241,Hochseeflotte,241,Kriegsmarine
GER,Admiral Hipper,heavy_cruiser,light_cruiser_2,Admiral Hipper Class,,241,Hochseeflotte,241,Kriegsmarine
GER,Blücher,heavy_cruiser,light_cruiser_2,Admiral Hipper Class,,241,Hochseeflotte,241,Kriegsmarine
GER,Prinz Eugen,heavy_cruiser,light_cruiser_2,Admiral Hipper Class,,241,Hochseeflotte,241,Kriegsmarine
GER,Seydlitz,heavy_cruiser,light_cruiser_2,Admiral Hipper Class,,241,Hochseeflotte,241,Kriegsmarine
ITA,Leonardo da Vinci,battleship,ship_hull_super_heavy_1,Leonardo da Vinci Class,yes,11837,1ª Squadriglia corazzata,11837,Forze d'Altura
ITA,Valcamonica,battleship,ship_hull_heavy_2,Valcamonica Class,,11837,1ª Squadriglia corazzata,11837,Forze d'Altura
ITA,Dante Alighieri,battleship,ship_hull_heavy_2,Valcamonica Class,,11837,1ª Squadriglia corazzata,11837,Forze d'Altura
ITA,Re Galantuomo,battleship,ship_hull_heavy_2,Valcamonica Class,,11837,1ª Squadriglia corazzata,11837,Forze d'Altura
ITA,Italia,battleship,ship_hull_heavy_1,Italia Class,,11837,2ª Squadriglia corazzata,11837,Forze d'Altura
ITA,Vittorio Veneto,battleship,ship_hull_heavy_0,Vittorio Veneto Class,,11837,2ª Squadriglia corazzata,11837,Forze d'Altura
ITA,Littorio,battleship,ship_hull_heavy_0,Vittorio Veneto Class,,11837,2ª Squadriglia corazzata,11837,Forze d'Altura
ITA,Impero,battleship,ship_hull_heavy_0,Vittorio Veneto Class,,11837,2ª Squadriglia corazzata,11837,Forze d'Altura
ITA,Roma,battleship,ship_hull_heavy_0,Vittorio Veneto Class,,11837,2ª Squadriglia corazzata,11837,Forze d'Altura
ITA,Falco,carrier,ship_hull_carrier_2,Falco Class,,11837,1ª Squadriglia portaerei,11837,Forze d'Altura
ITA,Cassowarya,carrier,ship_hull_carrier_2,Falco Class,,11837,1ª Squadriglia portaerei,11837,Forze d'Altura
ITA,Lepre di bosco,carrier,ship_hull_carrier_2,Falco Class,,11837,1ª Squadriglia portaerei,11837,Forze d'Altura
ITA,Gufo,carrier,ship_hull_carrier_2,Falco Class,,11837,1ª Squadriglia portaerei,11837,Forze d'Altura
ITA,Vipsanio Agrippa,light_cruiser,ship_hull_cruiser_3,Capitani Romani Class,,11837,1ª Squadriglia portaerei,11837,Forze d'Altura
ITA,Comandante Margottini,destroyer,ship_hull_light_3,Comandanti Medaglie d'Oro Class,,11837,1ª Squadriglia portaerei,11837,Forze d'Altura
ITA,Comandante Baroni,destroyer,ship_hull_light_3,Comandanti Medaglie d'Oro Class,,11837,1ª Squadriglia portaerei,11837,Forze d'Altura
ITA,Comandante Borsini,destroyer,ship_hull_light_3,Comandanti Medaglie d'Oro Class,,11837,1ª Squadriglia portaerei,11837,Forze d'Altura
ITA,Comandante Botti,destroyer,ship_hull_light_3,Comandanti Medaglie d'Oro Class,,11837,1ª Squadriglia portaerei,11837,Forze d'Altura
ITA,Avvoltoio,light_carrier,ship_hull_light_carrier_2,Avvoltoio Class,,11837,2ª Squadriglia portaerei,11837,Forze d'Altura
ITA,Corvi,light_carrier,ship_hull_light_carrier_2,Avvoltoio Class,,11837,2ª Squadriglia portaerei,11837,Forze d'Altura
ITA,Poiana comune,light_carrier,ship_hull_light_carrier_2,Avvoltoio Class,,11837,2ª Squadriglia portaerei,11837,Forze d'Altura
ITA,Astore,light_carrier,ship_hull_light_carrier_2,Avvoltoio Class,,11837,2ª Squadriglia portaerei,11837,Forze d'Altura
ITA,Ottaviano Augusto,light_cruiser,ship_hull_cruiser_3,Capitani Romani Class,,11837,2ª Squadriglia portaerei,11837,Forze d'Altura
ITA,Comandante Giobbe,destroyer,ship_hull_light_3,Comandanti Medaglie d'Oro Class,,11837,2ª Squadriglia portaerei,11837,Forze d'Altura
ITA,Comandante Giorgis,destroyer,ship_hull_light_3,Comandanti Medaglie d'Oro Class,,11837,2ª Squadriglia portaerei,11837,Forze d'Altura
ITA,Comandante Milano,destroyer,ship_hull_light_3,Comandanti Medaglie d'Oro Class,,11837,2ª Squadriglia portaerei,11837,Forze d'Altura
ITA,Comandante Moccagatta,destroyer,ship_hull_light_3,Comandanti Medaglie d'Oro Class,,11837,2ª Squadriglia portaerei,11837,Forze d'Altura
ITA,Bolzano,heavy_cruiser,ship_hull_cruiser_2,Bolzano Class,,11837,1ª Squadriglia incrociatore,11837,Forze d'Altura
ITA,Trento,heavy_cruiser,ship_hull_cruiser_1,Trento Class,,11837,1ª Squadriglia incrociatore,11837,Forze d'Altura
ITA,Trieste,heavy_cruiser,ship_hull_cruiser_1,Trento Class,,11837,1ª Squadriglia incrociatore,11837,Forze d'Altura
ITA,Ulpio Traiano,light_cruiser,ship_hull_cruiser_3,Capitani Romani Class,,11837,1ª Squadriglia incrociatore,11837,Forze d'Altura
ITA,Paolo Emilio,light_cruiser,ship_hull_cruiser_3,Capitani Romani Class,,11837,1ª Squadriglia incrociatore,11837,Forze d'Altura
ITA,Zara,heavy_cruiser,ship_hull_cruiser_1,Zara Class,,11837,2ª Squadriglia incrociatore,11837,Forze d'Altura
ITA,Fiume,heavy_cruiser,ship_hull_cruiser_1,Zara Class,,11837,2ª Squadriglia incrociatore,11837,Forze d'Altura
ITA,Gorizia,heavy_cruiser,ship_hull_cruiser_1,Zara Class,,11837,2ª Squadriglia incrociatore,11837,Forze d'Altura
ITA,Pola,heavy_cruiser,ship_hull_cruiser_1,Zara Class,,11837,2ª Squadriglia incrociatore,11837,Forze d'Altura
ITA,Comandante Casana,destroyer,ship_hull_light_3,Comandanti Medaglie d'Oro Class,,11837,1ª Squadriglia Cacciatorpediniere,11837,Forze d'Altura
ITA,Comandante Corsi,destroyer,ship_hull_light_3,Comandanti Medaglie d'Oro Class,,11837,1ª Squadriglia Cacciatorpediniere,11837,Forze d'Altura
ITA,Comandante De Cristofaro,destroyer,ship_hull_light_3,Comandanti Medaglie d'Oro Class,,11837,1ª Squadriglia Cacciatorpediniere,11837,Forze d'Altura
ITA,Comandante Dell'Anno,destroyer,ship_hull_light_3,Comandanti Medaglie d'Oro Class,,11837,1ª Squadriglia Cacciatorpediniere,11837,Forze d'Altura
ITA,Comandante Esposito,destroyer,ship_hull_light_3,Comandanti Medaglie d'Oro Class,,11837,1ª Squadriglia Cacciatorpediniere,11837,Forze d'Altura
ITA,Comandante Fiorelli,destroyer,ship_hull_light_3,Comandanti Medaglie d'Oro Class,,11837,1ª Squadriglia Cacciatorpediniere,11837,Forze d'Altura
ITA,Comandante Fontana,destroyer,ship_hull_light_3,Comandanti Medaglie d'Oro Class,,11837,1ª Squadriglia Cacciatorpediniere,11837,Forze d'Altura
ITA,Comandante Giannattasio,destroyer,ship_hull_light_3,Comandanti Medaglie d'Oro Class,,11837,1ª Squadriglia Cacciatorpediniere,11837,Forze d'Altura
ITA,Caio Duilio,battleship,ship_hull_dreadnought,Caio Duilio Class,,11837,3ª Squadriglia corazzata,11837,Forze da Pattugliamento per la Sorveglianza e la Difesa Costiera
ITA,Andrea Doria,battleship,ship_hull_dreadnought,Caio Duilio Class,,11837,3ª Squadriglia corazzata,11837,Forze da Pattugliamento per la Sorveglianza e la Difesa Costiera
ITA,Aquila,light_carrier,ship_hull_carrier_conversion_mc,Aquila Class,,11837,3ª Squadriglia portaerei,11837,Forze da Pattugliamento per la Sorveglianza e la Difesa Costiera
ITA,Sparviero,light_carrier,ship_hull_carrier_conversion_tp,Sparviero Class,,11837,3ª Squadriglia portaerei,11837,Forze da Pattugliamento per la Sorveglianza e la Difesa Costiera
ITA,Costanzo Ciano,light_cruiser,ship_hull_cruiser_3,Costanzo Ciano Class,,11837,3ª Squadriglia portaerei,11837,Forze da Pattugliamento per la Sorveglianza e la Difesa Costiera
ITA,Venezia,light_cruiser,ship_hull_cruiser_3,Costanzo Ciano Class,,11837,3ª Squadriglia portaerei,11837,Forze da Pattugliamento per la Sorveglianza e la Difesa Costiera
ITA,Comandante Novaro,destroyer,ship_hull_light_3,Comandanti Medaglie d'Oro Class,,11837,3ª Squadriglia portaerei,11837,Forze da Pattugliamento per la Sorveglianza e la Difesa Costiera
ITA,Comandante Rodocanacchi,destroyer,ship_hull_light_3,Comandanti Medaglie d'Oro Class,,11837,3ª Squadriglia portaerei,11837,Forze da Pattugliamento per la Sorveglianza e la Difesa Costiera
ITA,Comandante Ruta,destroyer,ship_hull_light_3,Comandanti Medaglie d'Oro Class,,11837,3ª Squadriglia portaerei,11837,Forze da Pattugliamento per la Sorveglianza e la Difesa Costiera
ITA,Comandante Toscano,destroyer,ship_hull_light_3,Comandanti Medaglie d'Oro Class,,11837,3ª Squadriglia portaerei,11837,Forze da Pattugliamento per la Sorveglianza e la Difesa Costiera
ITA,Generale Antonio Cantore,destroyer,ship_hull_light_0_old,Generale Class,,4014,1ª Squadriglia Fregate,11837,Forze da Pattugliamento per la Sorveglianza e la Difesa Costiera
ITA,Carabina,frigate,ship_hull_frigate_1,Gabbiano [Scimitarra] Class,,4014,1ª Squadriglia Fregate,11837,Forze da Pattugliamento per la Sorveglianza e la Difesa Costiera
ITA,Clava,frigate,ship_hull_frigate_1,Gabbiano [Scimitarra] Class,,4014,1ª Squadriglia Fregate,11837,Forze da Pattugliamento per la Sorveglianza e la Difesa Costiera
ITA,Colubrina,frigate,ship_hull_frigate_1,Gabbiano [Scimitarra] Class,,4014,1ª Squadriglia Fregate,11837,Forze da Pattugliamento per la Sorveglianza e la Difesa Costiera
ITA,Zagaglia,frigate,ship_hull_frigate_1,Gabbiano [Scimitarra] Class,,4014,1ª Squadriglia Fregate,11837,Forze da Pattugliamento per la Sorveglianza e la Difesa Costiera
ITA,Scimitarra,frigate,ship_hull_frigate_1,Gabbiano [Scimitarra] Class,,4014,1ª Squadriglia Fregate,11837,Forze da Pattugliamento per la Sorveglianza e la Difesa Costiera
ITA,Scure,frigate,ship_hull_frigate_1,Gabbiano [Scimitarra] Class,,4014,1ª Squadriglia Fregate,11837,Forze da Pattugliamento per la Sorveglianza e la Difesa Costiera
ITA,Spingarda,frigate,ship_hull_frigate_1,Gabbiano [Scimitarra] Class,,4014,1ª Squadriglia Fregate,11837,Forze da Pattugliamento per la Sorveglianza e la Difesa Costiera
ITA,Baionetta,frigate,ship_hull_frigate_1,Gabbiano [Scimitarra] Class,,4014,1ª Squadriglia Fregate,11837,Forze da Pattugliamento per la Sorveglianza e la Difesa Costiera
ITA,Generale Antonino Cascino,destroyer,ship_hull_light_0_old,Generale Class,,6973,2ª Squadriglia Fregate,11837,Forze da Pattugliamento per la Sorveglianza e la Difesa Costiera
ITA,Tersicore,frigate,ship_hull_frigate_1,Gabbiano [Artimede] Class,,6973,2ª Squadriglia Fregate,11837,Forze da Pattugliamento per la Sorveglianza e la Difesa Costiera
ITA,Bombarda,frigate,ship_hull_frigate_1,Gabbiano [Artimede] Class,,6973,2ª Squadriglia Fregate,11837,Forze da Pattugliamento per la Sorveglianza e la Difesa Costiera
ITA,Driade,frigate,ship_hull_frigate_1,Gabbiano [Artimede] Class,,6973,2ª Squadriglia Fregate,11837,Forze da Pattugliamento per la Sorveglianza e la Difesa Costiera
ITA,Berenice,frigate,ship_hull_frigate_1,Gabbiano [Artimede] Class,,6973,2ª Squadriglia Fregate,11837,Forze da Pattugliamento per la Sorveglianza e la Difesa Costiera
ITA,Fenice,frigate,ship_hull_frigate_1,Gabbiano [Artimede] Class,,6973,2ª Squadriglia Fregate,11837,Forze da Pattugliamento per la Sorveglianza e la Difesa Costiera
ITA,Flora,frigate,ship_hull_frigate_1,Gabbiano [Artimede] Class,,6973,2ª Squadriglia Fregate,11837,Forze da Pattugliamento per la Sorveglianza e la Difesa Costiera
ITA,Persefone,frigate,ship_hull_frigate_1,Gabbiano [Artimede] Class,,6973,2ª Squadriglia Fregate,11837,Forze da Pattugliamento per la Sorveglianza e la Difesa Costiera
ITA,Pomona,frigate,ship_hull_frigate_1,Gabbiano [Artimede] Class,,6973,2ª Squadriglia Fregate,11837,Forze da Pattugliamento per la Sorveglianza e la Difesa Costiera
ITA,Minerva,frigate,ship_hull_frigate_1,Gabbiano [Artimede] Class,,6973,2ª Squadriglia Fregate,11837,Forze da Pattugliamento per la Sorveglianza e la Difesa Costiera
ITA,Generale Antonino Chinotto,destroyer,ship_hull_light_0_old,Generale Class,,7059,3ª Squadriglia Fregate,11837,Forze da Pattugliamento per la Sorveglianza e la Difesa Costiera
ITA,Artimede,frigate,ship_hull_frigate_1,Gabbiano [Artimede] Class,,7059,3ª Squadriglia Fregate,11837,Forze da Pattugliamento per la Sorveglianza e la Difesa Costiera
ITA,Urania,frigate,ship_hull_frigate_1,Gabbiano [Artimede] Class,,7059,3ª Squadriglia Fregate,11837,Forze da Pattugliamento per la Sorveglianza e la Difesa Costiera
ITA,Euterpe,frigate,ship_hull_frigate_1,Gabbiano [Artimede] Class,,7059,3ª Squadriglia Fregate,11837,Forze da Pattugliamento per la Sorveglianza e la Difesa Costiera
ITA,Euridice,frigate,ship_hull_frigate_1,Gabbiano [Artimede] Class,,7059,3ª Squadriglia Fregate,11837,Forze da Pattugliamento per la Sorveglianza e la Difesa Costiera
ITA,Egeria,frigate,ship_hull_frigate_1,Gabbiano [Artimede] Class,,7059,3ª Squadriglia Fregate,11837,Forze da Pattugliamento per la Sorveglianza e la Difesa Costiera
ITA,Chimera,frigate,ship_hull_frigate_1,Gabbiano [Artimede] Class,,7059,3ª Squadriglia Fregate,11837,Forze da Pattugliamento per la Sorveglianza e la Difesa Costiera
ITA,Sibilla,frigate,ship_hull_frigate_1,Gabbiano [Artimede] Class,,7059,3ª Squadriglia Fregate,11837,Forze da Pattugliamento per la Sorveglianza e la Difesa Costiera
ITA,Sfinge,frigate,ship_hull_frigate_1,Gabbiano [Artimede] Class,,7059,3ª Squadriglia Fregate,11837,Forze da Pattugliamento per la Sorveglianza e la Difesa Costiera
ITA,Danaide,frigate,ship_hull_frigate_1,Gabbiano [Artimede] Class,,7059,3ª Squadriglia Fregate,11837,Forze da Pattugliamento per la Sorveglianza e la Difesa Costiera
ITA,Generale Carlo Montanari,destroyer,ship_hull_light_0_old,Generale Class,,10074,4ª Squadriglia Fregate,11837,Forze da Pattugliamento per la Sorveglianza e la Difesa Costiera
ITA,Ape,frigate,ship_hull_frigate_1,Gabbiano [Ape] Class,,10074,4ª Squadriglia Fregate,11837,Forze da Pattugliamento per la Sorveglianza e la Difesa Costiera
ITA,Vespa,frigate,ship_hull_frigate_1,Gabbiano [Ape] Class,,10074,4ª Squadriglia Fregate,11837,Forze da Pattugliamento per la Sorveglianza e la Difesa Costiera
ITA,Cavalletta,frigate,ship_hull_frigate_1,Gabbiano [Ape] Class,,10074,4ª Squadriglia Fregate,11837,Forze da Pattugliamento per la Sorveglianza e la Difesa Costiera
ITA,Calabrone,frigate,ship_hull_frigate_1,Gabbiano [Ape] Class,,10074,4ª Squadriglia Fregate,11837,Forze da Pattugliamento per la Sorveglianza e la Difesa Costiera
ITA,Crisalide,frigate,ship_hull_frigate_1,Gabbiano [Ape] Class,,10074,4ª Squadriglia Fregate,11837,Forze da Pattugliamento per la Sorveglianza e la Difesa Costiera
ITA,Grillo,frigate,ship_hull_frigate_1,Gabbiano [Ape] Class,,10074,4ª Squadriglia Fregate,11837,Forze da Pattugliamento per la Sorveglianza e la Difesa Costiera
ITA,Cocciniglia,frigate,ship_hull_frigate_1,Gabbiano [Ape] Class,,10074,4ª Squadriglia Fregate,11837,Forze da Pattugliamento per la Sorveglianza e la Difesa Costiera
ITA,Cicala,frigate,ship_hull_frigate_1,Gabbiano [Ape] Class,,10074,4ª Squadriglia Fregate,11837,Forze da Pattugliamento per la Sorveglianza e la Difesa Costiera
ITA,Maggiolino,frigate,ship_hull_frigate_1,Gabbiano [Ape] Class,,10074,4ª Squadriglia Fregate,11837,Forze da Pattugliamento per la Sorveglianza e la Difesa Costiera
ITA,Generale Achille Papa,destroyer,ship_hull_light_0_old,Generale Class,,6891,5ª Squadriglia Fregate,11837,Forze da Pattugliamento per la Sorveglianza e la Difesa Costiera
ITA,Antilope,frigate,ship_hull_frigate_1,Gabbiano [Antilope] Class,,6891,5ª Squadriglia Fregate,11837,Forze da Pattugliamento per la Sorveglianza e la Difesa Costiera
ITA,Alce,frigate,ship_hull_frigate_1,Gabbiano [Antilope] Class,,6891,5ª Squadriglia Fregate,11837,Forze da Pattugliamento per la Sorveglianza e la Difesa Costiera
ITA,Camoscio,frigate,ship_hull_frigate_1,Gabbiano [Antilope] Class,,6891,5ª Squadriglia Fregate,11837,Forze da Pattugliamento per la Sorveglianza e la Difesa Costiera
ITA,Capriolo,frigate,ship_hull_frigate_1,Gabbiano [Antilope] Class,,6891,5ª Squadriglia Fregate,11837,Forze da Pattugliamento per la Sorveglianza e la Difesa Costiera
ITA,Gazzella,frigate,ship_hull_frigate_1,Gabbiano [Antilope] Class,,6891,5ª Squadriglia Fregate,11837,Forze da Pattugliamento per la Sorveglianza e la Difesa Costiera
ITA,Stambecco,frigate,ship_hull_frigate_1,Gabbiano [Antilope] Class,,6891,5ª Squadriglia Fregate,11837,Forze da Pattugliamento per la Sorveglianza e la Difesa Costiera
ITA,Daino,frigate,ship_hull_frigate_1,Gabbiano [Antilope] Class,,6891,5ª Squadriglia Fregate,11837,Forze da Pattugliamento per la Sorveglianza e la Difesa Costiera
ITA,Cervo,frigate,ship_hull_frigate_1,Gabbiano [Antilope] Class,,6891,5ª Squadriglia Fregate,11837,Forze da Pattugliamento per la Sorveglianza e la Difesa Costiera
ITA,Renna,frigate,ship_hull_frigate_1,Gabbiano [Antilope] Class,,6891,5ª Squadriglia Fregate,11837,Forze da Pattugliamento per la Sorveglianza e la Difesa Costiera
ITA,Generale Marcello Prestinari,destroyer,ship_hull_light_0_old,Generale Class,,3924,6ª Squadriglia Fregate,11837,Forze da Pattugliamento per la Sorveglianza e la Difesa Costiera
ITA,Daniele Manin,destroyer,ship_hull_light_0,Nazario Sauro Class,,3924,6ª Squadriglia Fregate,11837,Forze da Pattugliamento per la Sorveglianza e la Difesa Costiera
ITA,Francesco Nullo,destroyer,ship_hull_light_0,Nazario Sauro Class,,3924,6ª Squadriglia Fregate,11837,Forze da Pattugliamento per la Sorveglianza e la Difesa Costiera
ITA,Pegaso,destroyer,ship_hull_light_1,Orsa Class,,3924,6ª Squadriglia Fregate,11837,Forze da Pattugliamento per la Sorveglianza e la Difesa Costiera
ITA,Procione,destroyer,ship_hull_light_1,Orsa Class,,3924,6ª Squadriglia Fregate,11837,Forze da Pattugliamento per la Sorveglianza e la Difesa Costiera
ITA,Orione,destroyer,ship_hull_light_1,Orsa Class,,3924,6ª Squadriglia Fregate,11837,Forze da Pattugliamento per la Sorveglianza e la Difesa Costiera
ITA,Orsa,destroyer,ship_hull_light_1,Orsa Class,,3924,6ª Squadriglia Fregate,11837,Forze da Pattugliamento per la Sorveglianza e la Difesa Costiera
ITA,Farfalla,frigate,ship_hull_frigate_1,Gabbiano [Ape] Class,,3924,6ª Squadriglia Fregate,11837,Forze da Pattugliamento per la Sorveglianza e la Difesa Costiera
ITA,Libellula,frigate,ship_hull_frigate_1,Gabbiano [Ape] Class,,3924,6ª Squadriglia Fregate,11837,Forze da Pattugliamento per la Sorveglianza e la Difesa Costiera
ITA,Lucciola,frigate,ship_hull_frigate_1,Gabbiano [Ape] Class,,3924,6ª Squadriglia Fregate,11837,Forze da Pattugliamento per la Sorveglianza e la Difesa Costiera
ITA,Attilio Regolo,light_cruiser,ship_hull_cruiser_3,Capitani Romani Class,,4159,3ª Squadriglia incrociatore,4159,Forze Contromisure Mine
ITA,Scipione Africano,light_cruiser,ship_hull_cruiser_3,Capitani Romani Class,,4159,3ª Squadriglia incrociatore,4159,Forze Contromisure Mine
ITA,Giulio Germanico,light_cruiser,ship_hull_cruiser_3,Capitani Romani Class,,4159,3ª Squadriglia incrociatore,4159,Forze Contromisure Mine
ITA,Pompeo Magno,light_cruiser,ship_hull_cruiser_3,Capitani Romani Class,,4159,3ª Squadriglia incrociatore,4159,Forze Contromisure Mine
ITA,Caio Mario,light_cruiser,ship_hull_cruiser_3,Capitani Romani Class,,4159,3ª Squadriglia incrociatore,4159,Forze Contromisure Mine
ITA,Luigi di Savoia Duca degli Abruzzi,light_cruiser,ship_hull_cruiser_3,Luigi di Savoia Duca degli Abruzzi Class,,4159,3ª Squadriglia incrociatore,4159,Forze Contromisure Mine
ITA,Giuseppe Garibaldi,light_cruiser,ship_hull_cruiser_3,Luigi di Savoia Duca degli Abruzzi Class,,4159,3ª Squadriglia incrociatore,4159,Forze Contromisure Mine
ITA,Emanuele Filiberto Duca d'Aosta,light_cruiser,ship_hull_cruiser_2,Emanuele Filiberto Duca d'Aosta Class,,4159,4ª Squadriglia incrociatore,4159,Forze Contromisure Mine
ITA,Eugenio di Savoia,light_cruiser,ship_hull_cruiser_2,Emanuele Filiberto Duca d'Aosta Class,,4159,4ª Squadriglia incrociatore,4159,Forze Contromisure Mine
ITA,Camicia Nera,destroyer,ship_hull_light_2,Camicia Nera Class,,4159,1ª Squadriglia dragamine,4159,Forze Contromisure Mine
ITA,Alpino,destroyer,ship_hull_light_2,Camicia Nera Class,,4159,1ª Squadriglia dragamine,4159,Forze Contromisure Mine
ITA,Bersagliere,destroyer,ship_hull_light_2,Camicia Nera Class,,4159,1ª Squadriglia dragamine,4159,Forze Contromisure Mine
ITA,Geniere,destroyer,ship_hull_light_2,Camicia Nera Class,,4159,1ª Squadriglia dragamine,4159,Forze Contromisure Mine
ITA,Artigliere,destroyer,ship_hull_light_2,Camicia Nera Class,,4159,1ª Squadriglia dragamine,4159,Forze Contromisure Mine
ITA,Granatiere,destroyer,ship_hull_light_2,Camicia Nera Class,,4159,1ª Squadriglia dragamine,4159,Forze Contromisure Mine
ITA,Ascari,destroyer,ship_hull_light_2,Camicia Nera Class,,4159,1ª Squadriglia dragamine,4159,Forze Contromisure Mine
ITA,Lanciere,destroyer,ship_hull_light_2,Camicia Nera Class,,4159,1ª Squadriglia dragamine,4159,Forze Contromisure Mine
ITA,Aviere,destroyer,ship_hull_light_2,Camicia Nera Class,,4159,1ª Squadriglia dragamine,4159,Forze Contromisure Mine
ITA,Corazziere,destroyer,ship_hull_light_2,Camicia Nera Class,,4159,1ª Squadriglia dragamine,4159,Forze Contromisure Mine
ITA,Attinio,submarine,ship_hull_submarine_3,Attinio Class,,4159,1ª Squadriglia sottomarino,11837,Forze Subacquee
ITA,Azoto,submarine,ship_hull_submarine_3,Attinio Class,,4159,1ª Squadriglia sottomarino,11837,Forze Subacquee
ITA,Bromo,submarine,ship_hull_submarine_3,Attinio Class,,4159,1ª Squadriglia sottomarino,11837,Forze Subacquee
ITA,Carbonio,submarine,ship_hull_submarine_3,Attinio Class,,4159,1ª Squadriglia sottomarino,11837,Forze Subacquee
ITA,Elio,submarine,ship_hull_submarine_3,Attinio Class,,4159,1ª Squadriglia sottomarino,11837,Forze Subacquee
ITA,Molibdeno,submarine,ship_hull_submarine_3,Attinio Class,,4159,1ª Squadriglia sottomarino,11837,Forze Subacquee
ITA,Osimo,submarine,ship_hull_submarine_3,Attinio Class,,4159,1ª Squadriglia sottomarino,11837,Forze Subacquee
ITA,Ossigeno,submarine,ship_hull_submarine_3,Attinio Class,,4159,1ª Squadriglia sottomarino,11837,Forze Subacquee
ITA,Plutonio,submarine,ship_hull_submarine_3,Attinio Class,,4159,1ª Squadriglia sottomarino,11837,Forze Subacquee
ITA,Radio,submarine,ship_hull_submarine_3,Attinio Class,,4159,1ª Squadriglia sottomarino,11837,Forze Subacquee
ITA,Selenio,submarine,ship_hull_submarine_3,Attinio Class,,4159,1ª Squadriglia sottomarino,11837,Forze Subacquee
ITA,Tungsteno,submarine,ship_hull_submarine_3,Attinio Class,,4159,1ª Squadriglia sottomarino,11837,Forze Subacquee
ITA,Bario,submarine,ship_hull_submarine_2,Bario Class,,4159,2ª Squadriglia sottomarino,11837,Forze Subacquee
ITA,Alluminio,submarine,ship_hull_submarine_2,Bario Class,,4159,2ª Squadriglia sottomarino,11837,Forze Subacquee
ITA,Amianto,submarine,ship_hull_submarine_2,Bario Class,,4159,2ª Squadriglia sottomarino,11837,Forze Subacquee
ITA,Antimonio,submarine,ship_hull_submarine_2,Bario Class,,4159,2ª Squadriglia sottomarino,11837,Forze Subacquee
ITA,Cadmio,submarine,ship_hull_submarine_2,Bario Class,,4159,2ª Squadriglia sottomarino,11837,Forze Subacquee
ITA,Cromo,submarine,ship_hull_submarine_2,Bario Class,,4159,2ª Squadriglia sottomarino,11837,Forze Subacquee
ITA,Ferro,submarine,ship_hull_submarine_2,Bario Class,,4159,2ª Squadriglia sottomarino,11837,Forze Subacquee
ITA,Fosforo,submarine,ship_hull_submarine_2,Bario Class,,4159,2ª Squadriglia sottomarino,11837,Forze Subacquee
ITA,Iridio,submarine,ship_hull_submarine_2,Bario Class,,4159,2ª Squadriglia sottomarino,11837,Forze Subacquee
ITA,Litio,submarine,ship_hull_submarine_2,Bario Class,,4159,2ª Squadriglia sottomarino,11837,Forze Subacquee
ITA,Magnesio,submarine,ship_hull_submarine_2,Bario Class,,4159,2ª Squadriglia sottomarino,11837,Forze Subacquee
ITA,Manganese,submarine,ship_hull_submarine_2,Bario Class,,4159,2ª Squadriglia sottomarino,11837,Forze Subacquee
ITA,Mercurio,submarine,ship_hull_submarine_2,Bario Class,,4159,2ª Squadriglia sottomarino,11837,Forze Subacquee
ITA,Oro,submarine,ship_hull_submarine_2,Bario Class,,4159,3ª Squadriglia sottomarino,11837,Forze Subacquee
ITA,Ottone,submarine,ship_hull_submarine_2,Bario Class,,4159,3ª Squadriglia sottomarino,11837,Forze Subacquee
ITA,Piombo,submarine,ship_hull_submarine_2,Bario Class,,4159,3ª Squadriglia sottomarino,11837,Forze Subacquee
ITA,Potassio,submarine,ship_hull_submarine_2,Bario Class,,4159,3ª Squadriglia sottomarino,11837,Forze Subacquee
ITA,Rame,submarine,ship_hull_submarine_2,Bario Class,,4159,3ª Squadriglia sottomarino,11837,Forze Subacquee
ITA,Rutenio,submarine,ship_hull_submarine_2,Bario Class,,4159,3ª Squadriglia sottomarino,11837,Forze Subacquee
ITA,Silicio,submarine,ship_hull_submarine_2,Bario Class,,4159,3ª Squadriglia sottomarino,11837,Forze Subacquee
ITA,Vanadio,submarine,ship_hull_submarine_2,Bario Class,,4159,3ª Squadriglia sottomarino,11837,Forze Subacquee
ITA,Sodio,submarine,ship_hull_submarine_2,Bario Class,,4159,3ª Squadriglia sottomarino,11837,Forze Subacquee
ITA,Zinco,submarine,ship_hull_submarine_2,Bario Class,,4159,3ª Squadriglia sottomarino,11837,Forze Subacquee
ITA,Zolfo,submarine,ship_hull_submarine_2,Bario Class,,4159,3ª Squadriglia sottomarino,11837,Forze Subacquee
ITA,Spigola,submarine,ship_hull_submarine_2,Bario Class,,4159,3ª Squadriglia sottomarino,11837,Forze Subacquee
ALF,USS Bennington,carrier,ship_hull_carrier_3,Lexington Class,,4180,Task Group 77.1,4180,Task Force 77
ALF,USS Intrepid,carrier,ship_hull_carrier_3,Essex Class,,4180,Task Group 77.1,4180,Task Force 77
ALF,USS Randolph,carrier,ship_hull_carrier_3,Essex Class,,4180,Task Group 77.1,4180,Task Force 77
ALF,USS Shangri-la,carrier,ship_hull_carrier_3,Shangri-la Class,,4180,Task Group 77.1,4180,Task Force 77
ALF,USS Baltimore,carrier,ship_hull_carrier_conversion_ca_2,Baltimore Class,,4180,Task Group 77.1,4180,Task Force 77
ALF,USS Brooklyn,carrier,ship_hull_carrier_conversion_ca_2,Baltimore Class,,4180,Task Group 77.1,4180,Task Force 77
ALF,USS Missouri,battleship,ship_hull_heavy_3,Iowa Class,,4180,Task Group 77.2,4180,Task Force 77
ALF,USS Wisconsin,battleship,ship_hull_heavy_3,Iowa Class,,4180,Task Group 77.2,4180,Task Force 77
ALF,USS Iowa,battleship,ship_hull_super_heavy_1,Iowa Class,,4180,Task Group 77.2,4180,Task Force 77
ALF,USS New Jersey,battleship,ship_hull_super_heavy_1,Iowa Class,yes,4180,Task Group 77.2,4180,Task Force 77
ALF,USS Indiana,battleship,ship_hull_super_heavy_1,Iowa Class,,4180,Task Group 77.2,4180,Task Force 77
ALF,USS Charleston Harbor,heavy_cruiser,ship_hull_CB,Charleston Harbor Class,,4180,Task Group 77.3,4180,Task Force 77
ALF,USS Cherbourg,heavy_cruiser,ship_hull_CB,Charleston Harbor Class,,4180,Task Group 77.3,4180,Task Force 77
ALF,USS Des Moines,heavy_cruiser,ship_hull_cruiser_3,Des Moines Class,,4180,Task Group 77.4,4180,Task Force 77
ALF,USS Salem,heavy_cruiser,ship_hull_cruiser_3,Des Moines Class,,4180,Task Group 77.4,4180,Task Force 77
ALF,USS Chester,heavy_cruiser,ship_hull_cruiser_3,Des Moines Class,,4180,Task Group 77.4,4180,Task Force 77
ALF,USS Pensacola,heavy_cruiser,ship_hull_cruiser_3,Des Moines Class,,4180,Task Group 77.4,4180,Task Force 77
ALF,USS Fall River,heavy_cruiser,ship_hull_cruiser_1,Baltimore Class,,4180,Task Group 77.4,4180,Task Force 77
ALF,USS Macon,heavy_cruiser,ship_hull_cruiser_1,Baltimore Class,,4180,Task Group 77.4,4180,Task Force 77
ALF,USS Los Angeles,heavy_cruiser,ship_hull_cruiser_1,Baltimore Class,,4180,Task Group 77.4,4180,Task Force 77
ALF,USS Fargo,light_cruiser,ship_hull_cruiser_2,Fargo Class,,4180,Task Group 77.4,4180,Task Force 77
ALF,USS Huntington,light_cruiser,ship_hull_cruiser_2,Fargo Class,,4180,Task Group 77.5,4180,Task Force 77
ALF,USS Newark,light_cruiser,ship_hull_cruiser_2,Fargo Class,,4180,Task Group 77.5,4180,Task Force 77
ALF,USS New Heaven,light_cruiser,ship_hull_cruiser_2,Fargo Class,,4180,Task Group 77.5,4180,Task Force 77
ALF,USS Vincennes,light_cruiser,ship_hull_cruiser_2,Cleveland Class,,4180,Task Group 77.5,4180,Task Force 77
ALF,USS Pasadena,light_cruiser,ship_hull_cruiser_2,Cleveland Class,,4180,Task Group 77.5,4180,Task Force 77
ALF,USS Biloxi,light_cruiser,ship_hull_cruiser_2,Cleveland Class,,4180,Task Group 77.5,4180,Task Force 77
ALF,USS Portsmouth,light_cruiser,ship_hull_cruiser_2,Cleveland Class,,4180,Task Group 77.5,4180,Task Force 77
ALF,USS Atlanta,light_cruiser,ship_hull_cruiser_2,Cleveland Class,,4180,Task Group 77.5,4180,Task Force 77
ALF,USS Worcester,light_cruiser,ship_hull_cruiser_3,Worcester Class,,4180,Task Group 77.5,4180,Task Force 77
ALF,USS Roanoke,light_cruiser,ship_hull_cruiser_3,Worcester Class,,4180,Task Group 77.5,4180,Task Force 77
ALF,USS Allen M.Sumner,destroyer,ship_hull_light_3,Allen M.Sumner Class,,4180,Task Group 77.5,4180,Task Force 77
ALF,USS Moale,destroyer,ship_hull_light_3,Allen M.Sumner Class,,4180,Task Group 77.5,4180,Task Force 77
ALF,USS English,destroyer,ship_hull_light_3,Allen M.Sumner Class,,4180,Task Group 77.5,4180,Task Force 77
ALF,USS Charles S. Sperry,destroyer,ship_hull_light_3,Allen M.Sumner Class,,4180,Task Group 77.5,4180,Task Force 77
ALF,USS Lloyd Thomas,destroyer,ship_hull_light_3,Theodore E. Chandler Class,,4180,Task Group 77.5,4180,Task Force 77
ALF,USS Keppler,destroyer,ship_hull_light_3,Theodore E. Chandler Class,,4180,Task Group 77.5,4180,Task Force 77
ALF,USS Lansdale,destroyer,ship_hull_light_3,Theodore E. Chandler Class,,4180,Task Group 77.5,4180,Task Force 77
ALF,USS Seymour D. Owens,destroyer,ship_hull_light_3,Theodore E. Chandler Class,,4180,Task Group 77.5,4180,Task Force 77
ALF,USS Flimt,light_cruiser,ship_hull_cruiser_2,Atlanta Class,,4180,Task Group 77.6,4180,Task Force 77
ALF,USS Juneau,light_cruiser,ship_hull_cruiser_2,Atlanta Class,,4180,Task Group 77.6,4180,Task Force 77
ALF,USS Epperson,destroyer,ship_hull_light_3,Theodore E. Chandler Class,,4180,Task Group 77.6,4180,Task Force 77
ALF,USS USStle,destroyer,ship_hull_light_3,Theodore E. Chandler Class,,4180,Task Group 77.6,4180,Task Force 77
ALF,USS Woodrow R. Tompson,destroyer,ship_hull_light_3,Theodore E. Chandler Class,,4180,Task Group 77.6,4180,Task Force 77
ALF,USS Haynsworth,destroyer,ship_hull_light_3,Allen M.Sumner Class,,4180,Task Group 77.6,4180,Task Force 77
ALF,USS Hunk,destroyer,ship_hull_light_3,Allen M.Sumner Class,,4180,Task Group 77.6,4180,Task Force 77
ALF,USS Nicholas,destroyer,ship_hull_light_3,Fletcher Class,,4180,Task Group 77.6,4180,Task Force 77
ALF,USS Conway,destroyer,ship_hull_light_3,Fletcher Class,,4180,Task Group 77.6,4180,Task Force 77
ALF,USS Spokane,light_cruiser,ship_hull_cruiser_2,Atlanta Class,,4180,Task Group 77.7,4180,Task Force 77
ALF,USS Fresno,light_cruiser,ship_hull_cruiser_2,Atlanta Class,,4180,Task Group 77.7,4180,Task Force 77
ALF,USS Bryant,destroyer,ship_hull_light_3,Fletcher Class,,4180,Task Group 77.7,4180,Task Force 77
ALF,USS Cotten,destroyer,ship_hull_light_3,Fletcher Class,,4180,Task Group 77.7,4180,Task Force 77
ALF,USS Dortch,destroyer,ship_hull_light_3,Fletcher Class,,4180,Task Group 77.7,4180,Task Force 77
ALF,USS Gatling,destroyer,ship_hull_light_3,Fletcher Class,,4180,Task Group 77.7,4180,Task Force 77
ALF,USS McKean,destroyer,ship_hull_light_3,Theodore E. Chandler Class,,4180,Task Group 77.7,4180,Task Force 77
ALF,USS Henderson,destroyer,ship_hull_light_3,Theodore E. Chandler Class,,4180,Task Group 77.7,4180,Task Force 77
ALF,USS Abner Read,destroyer,ship_hull_light_3,Theodore E. Chandler Class,,4180,Task Group 77.7,4180,Task Force 77
ALF,USS Rowan,destroyer,ship_hull_light_3,Theodore E. Chandler Class,,4180,Task Group 77.7,4180,Task Force 77
ALF,USS Omaha,light_cruiser,ship_hull_cruiser_3,Worcester Class,,4180,Task Group 77.8,4180,Task Force 77
ALF,USS Milwaukee,light_cruiser,ship_hull_cruiser_3,Worcester Class,,4180,Task Group 77.8,4180,Task Force 77
ALF,USS De Haven,destroyer,ship_hull_light_3,Fletcher Class,,4180,Task Group 77.8,4180,Task Force 77
ALF,USS Bache,destroyer,ship_hull_light_3,Fletcher Class,,4180,Task Group 77.8,4180,Task Force 77
ALF,USS Beale,destroyer,ship_hull_light_3,Fletcher Class,,4180,Task Group 77.8,4180,Task Force 77
ALF,USS Guest,destroyer,ship_hull_light_3,Fletcher Class,,4180,Task Group 77.8,4180,Task Force 77
ALF,USS Ault,destroyer,ship_hull_light_3,Allen M.Sumner Class,,4180,Task Group 77.8,4180,Task Force 77
ALF,USS Waldron,destroyer,ship_hull_light_3,Allen M.Sumner Class,,4180,Task Group 77.8,4180,Task Force 77
ALF,USS McCord,destroyer,ship_hull_light_3,Allen M.Sumner Class,,4180,Task Group 77.8,4180,Task Force 77
ALF,USS Hyman,destroyer,ship_hull_light_3,Allen M.Sumner Class,,4180,Task Group 77.8,4180,Task Force 77
ALF,USS Lexington,carrier,ship_hull_carrier_3,Lexington Class,yes,1562,Task Group 29.1,1562,Task Force 29
ALF,USS Bon Homme Richard,carrier,ship_hull_carrier_3,Lexington Class,yes,1562,Task Group 29.1,1562,Task Force 29
ALF,USS Bunker Hill,carrier,ship_hull_carrier_3,Essex Class,,1562,Task Group 29.1,1562,Task Force 29
ALF,USS Wasp,carrier,ship_hull_carrier_3,Essex Class,,1562,Task Group 29.1,1562,Task Force 29
ALF,USS Truk,carrier,ship_hull_carrier_conversion_ca_2,Baltimore Class,,1562,Task Group 29.1,1562,Task Force 29
ALF,USS Wright,carrier,ship_hull_carrier_conversion_ca_2,Baltimore Class,,1562,Task Group 29.1,1562,Task Force 29
ALF,USS St.Louis,carrier,ship_hull_carrier_conversion_ca_2,Baltimore Class,,1562,Task Group 29.1,1562,Task Force 29
ALF,USS Augusta,carrier,ship_hull_carrier_conversion_ca_2,Baltimore Class,,1562,Task Group 29.1,1562,Task Force 29
ALF,USS Montana,battleship,ship_hull_super_heavy_1,Montana Class,,1562,Task Group 29.2,1562,Task Force 29
ALF,USS Ohio,battleship,ship_hull_super_heavy_1,Montana Class,,1562,Task Group 29.2,1562,Task Force 29
ALF,USS Alaska,heavy_cruiser,ship_hull_CB,Alaska Class,,1562,Task Group 29.2,1562,Task Force 29
ALF,USS Guam,heavy_cruiser,ship_hull_CB,Alaska Class,,1562,Task Group 29.2,1562,Task Force 29
ALF,USS Pittsburgh,heavy_cruiser,ship_hull_cruiser_1,Baltimore Class,,1562,Task Group 29.3,1562,Task Force 29
ALF,USS Helena,heavy_cruiser,ship_hull_cruiser_1,Baltimore Class,,1562,Task Group 29.3,1562,Task Force 29
ALF,USS Dallas,heavy_cruiser,ship_hull_cruiser_3,Des Moines Class,,1562,Task Group 29.3,1562,Task Force 29
ALF,USS Newport News,heavy_cruiser,ship_hull_cruiser_3,Des Moines Class,,1562,Task Group 29.3,1562,Task Force 29
ALF,USS Cleveland,light_cruiser,ship_hull_cruiser_2,Cleveland Class,,1562,Task Group 29.3,1562,Task Force 29
ALF,USS Montpelier,light_cruiser,ship_hull_cruiser_2,Cleveland Class,,1562,Task Group 29.3,1562,Task Force 29
ALF,USS Santa Fe,light_cruiser,ship_hull_cruiser_2,Cleveland Class,,1562,Task Group 29.3,1562,Task Force 29
ALF,USS Tallahassee,light_cruiser,ship_hull_cruiser_2,Cleveland Class,,1562,Task Group 29.3,1562,Task Force 29
ALF,USS Amsterdam,light_cruiser,ship_hull_cruiser_2,Cleveland Class,,1562,Task Group 29.3,1562,Task Force 29
ALF,USS Vallejo,light_cruiser,ship_hull_cruiser_3,Worcester Class,,1562,Task Group 29.4,1562,Task Force 29
ALF,USS Gary,light_cruiser,ship_hull_cruiser_3,Worcester Class,,1562,Task Group 29.4,1562,Task Force 29
ALF,USS Carpenter,destroyer,ship_hull_light_3,Gearing Class,,1562,Task Group 29.4,1562,Task Force 29
ALF,USS Robert A. Owens,destroyer,ship_hull_light_3,Gearing Class,,1562,Task Group 29.4,1562,Task Force 29
ALF,USS Richard B. Anderson,destroyer,ship_hull_light_3,Gearing Class,,1562,Task Group 29.4,1562,Task Force 29
ALF,USS James E.Keys,destroyer,ship_hull_light_3,Gearing Class,,1562,Task Group 29.4,1562,Task Force 29
ALF,USS Hollister,destroyer,ship_hull_light_3,Gearing Class,,1562,Task Group 29.4,1562,Task Force 29
ALF,USS Eversole,destroyer,ship_hull_light_3,Gearing Class,,1562,Task Group 29.4,1562,Task Force 29
ALF,USS Shelton,destroyer,ship_hull_light_3,Gearing Class,,1562,Task Group 29.4,1562,Task Force 29
ALF,USS Philadelphia,light_cruiser,ship_hull_cruiser_3,Worcester Class,,1562,Task Group 29.4,1562,Task Force 29
ALF,USS Nashville,light_cruiser,ship_hull_cruiser_3,Worcester Class,,1562,Task Group 29.4,1562,Task Force 29
ALF,USS Theodore E. Chandler,destroyer,ship_hull_light_3,Theodore E. Chandler Class,,1562,Task Group 29.4,1562,Task Force 29
ALF,USS Hamner,destroyer,ship_hull_light_3,Theodore E. Chandler Class,,1562,Task Group 29.4,1562,Task Force 29
ALF,USS Frank knox,destroyer,ship_hull_light_3,Theodore E. Chandler Class,,1562,Task Group 29.4,1562,Task Force 29
ALF,USS Fletcher,destroyer,ship_hull_light_3,Fletcher Class,,1562,Task Group 29.4,1562,Task Force 29
ALF,USS Radford,destroyer,ship_hull_light_3,Fletcher Class,,1562,Task Group 29.4,1562,Task Force 29
ALF,USS Jenkins,destroyer,ship_hull_light_3,Fletcher Class,,1562,Task Group 29.4,1562,Task Force 29
ALF,USS Honolulu,light_cruiser,ship_hull_cruiser_3,Worcester Class,,1562,Task Group 29.5,1562,Task Force 29
ALF,USS Smalley,destroyer,ship_hull_light_3,Fletcher Class,,1562,Task Group 29.5,1562,Task Force 29
ALF,USS Wattts,destroyer,ship_hull_light_3,Fletcher Class,,1562,Task Group 29.5,1562,Task Force 29
ALF,USS Erben,destroyer,ship_hull_light_3,Fletcher Class,,1562,Task Group 29.5,1562,Task Force 29
ALF,USS Isherwood,destroyer,ship_hull_light_3,Fletcher Class,,1562,Task Group 29.5,1562,Task Force 29
ALF,USS Gurke,destroyer,ship_hull_light_3,Theodore E. Chandler Class,,1562,Task Group 29.5,1562,Task Force 29
ALF,USS Mannert L. Abele,destroyer,ship_hull_light_3,Allen M.Sumner Class,,1562,Task Group 29.5,1562,Task Force 29
ALF,USS Raleigh,light_cruiser,ship_hull_cruiser_3,Worcester Class,,1562,Task Group 29.6,1562,Task Force 29
ALF,USS Concord,light_cruiser,ship_hull_cruiser_3,Worcester Class,,1562,Task Group 29.6,1562,Task Force 29
ALF,USS Wallace L. Lind,destroyer,ship_hull_light_3,Allen M.Sumner Class,,1562,Task Group 29.6,1562,Task Force 29
ALF,USS Compton,destroyer,ship_hull_light_3,Allen M.Sumner Class,,1562,Task Group 29.6,1562,Task Force 29
ALF,USS Barton,destroyer,ship_hull_light_3,Allen M.Sumner Class,,1562,Task Group 29.6,1562,Task Force 29
ALF,USS Laffey,destroyer,ship_hull_light_3,Allen M.Sumner Class,,1562,Task Group 29.6,1562,Task Force 29
ALF,USS Yarnall,destroyer,ship_hull_light_3,Fletcher Class,,1562,Task Group 29.6,1562,Task Force 29
ALF,USS Johnston,destroyer,ship_hull_light_3,Fletcher Class,,1562,Task Group 29.6,1562,Task Force 29
ALF,USS Southerland,destroyer,ship_hull_light_3,Theodore E. Chandler Class,,1562,Task Group 29.6,1562,Task Force 29
ALF,USS William C. Lowe,destroyer,ship_hull_light_3,Theodore E. Chandler Class,,1562,Task Group 29.6,1562,Task Force 29
ALF,USS Northampton,heavy_cruiser,ship_hull_cruiser_1,Northampton Class,,7315,Task Group 15.2,7315,Task Force 15
ALF,USS Houston,heavy_cruiser,ship_hull_cruiser_1,Northampton Class,,7315,Task Group 15.2,7315,Task Force 15
ALF,USS Hale,destroyer,ship_hull_light_3,Fletcher Class,,7315,Task Group 15.2,7315,Task Force 15
ALF,USS Albert W. Grant,destroyer,ship_hull_light_3,Fletcher Class,,7315,Task Group 15.2,7315,Task Force 15
ALF,USS Cogswell,destroyer,ship_hull_light_3,Fletcher Class,,7315,Task Group 15.2,7315,Task Force 15
ALF,USS Ingersoll,destroyer,ship_hull_light_3,Fletcher Class,,7315,Task Group 15.2,7315,Task Force 15
ALF,USS Porpoise,submarine,ship_hull_submarine_3,Porpoise Class,,9814,Task Group 1.1,9814,Task Force 1
ALF,USS Pike,submarine,ship_hull_submarine_3,Porpoise Class,,9814,Task Group 1.1,9814,Task Force 1
ALF,USS Quillback,submarine,ship_hull_submarine_3,Tench Class,,9814,Task Group 1.1,9814,Task Force 1
ALF,USS Turbot,submarine,ship_hull_submarine_3,Tench Class,,9814,Task Group 1.1,9814,Task Force 1
ALF,USS Tambour,submarine,ship_hull_submarine_3,Tambor Class,,9814,Task Group 1.2,9814,Task Force 1
ALF,USS Tautog,submarine,ship_hull_submarine_3,Tambor Class,,9814,Task Group 1.2,9814,Task Force 1
ALF,USS Triton,submarine,ship_hull_submarine_3,Tambor Class,,9814,Task Group 1.2,9814,Task Force 1
ALF,USS Grenadier,submarine,ship_hull_submarine_3,Tambor Class,,9814,Task Group 1.2,9814,Task Force 1
ALF,USS Gudgeon,submarine,ship_hull_submarine_3,Tambor Class,,9814,Task Group 1.2,9814,Task Force 1
ALF,USS Gato,submarine,ship_hull_submarine_2,Gato Class,,9671,Task Group 14.1,9671,Task Force 14
ALF,USS Greenling,submarine,ship_hull_submarine_2,Gato Class,,9671,Task Group 14.1,9671,Task Force 14
ALF,USS Grouper,submarine,ship_hull_submarine_2,Gato Class,,9671,Task Group 14.1,9671,Task Force 14
ALF,USS Growler,submarine,ship_hull_submarine_2,Gato Class,,9671,Task Group 14.1,9671,Task Force 14
ALF,USS Albacore,submarine,ship_hull_submarine_2,Gato Class,,9671,Task Group 14.2,9671,Task Force 14
ALF,USS Amberjack,submarine,ship_hull_submarine_2,Gato Class,,9671,Task Group 14.2,9671,Task Force 14
ALF,USS Bluefish,submarine,ship_hull_submarine_2,Gato Class,,9671,Task Group 14.2,9671,Task Force 14
ALF,USS Bonefish,submarine,ship_hull_submarine_2,Gato Class,,9671,Task Group 14.2,9671,Task Force 14
ALF,USS Tench,submarine,ship_hull_submarine_3,Tench Class,,9671,Task Group 68.1,9671,Task Force 68
ALF,USS Thornback,submarine,ship_hull_submarine_3,Tench Class,,9671,Task Group 68.1,9671,Task Force 68
ALF,USS Tigrone,submarine,ship_hull_submarine_3,Tench Class,,9671,Task Group 68.1,9671,Task Force 68
ALF,USS Torsk,submarine,ship_hull_submarine_3,Tench Class,,9671,Task Group 68.1,9671,Task Force 68
ALF,USS Croaker,submarine,ship_hull_submarine_2,Gato Class,,9671,Task Group 68.1,9671,Task Force 68
ALF,USS Peto,submarine,ship_hull_submarine_2,Gato Class,,9671,Task Group 68.1,9671,Task Force 68
ALF,USS Flier,submarine,ship_hull_submarine_2,Gato Class,,9671,Task Group 68.1,9671,Task Force 68
ALF,USS Hake,submarine,ship_hull_submarine_2,Gato Class,,9671,Task Group 68.1,9671,Task Force 68
ALF,USS Harder,submarine,ship_hull_submarine_2,Gato Class,,9671,Task Group 68.1,9671,Task Force 68
ALF,USS Mingo,submarine,ship_hull_submarine_2,Gato Class,,9671,Task Group 68.1,9671,Task Force 68
ALF,USS Pargo,submarine,ship_hull_submarine_2,Gato Class,,9671,Task Group 68.1,9671,Task Force 68
ALF,USS Ulua,submarine,ship_hull_submarine_3,Tench Class,,9671,Task Group 68.1,9671,Task Force 68
ALF,USS Unicorn,submarine,ship_hull_submarine_3,Tench Class,,9671,Task Group 68.1,9671,Task Force 68
ALF,USS Whitefish,submarine,ship_hull_submarine_3,Tench Class,,9671,Task Group 68.1,9671,Task Force 68
ALF,USS Whiting,submarine,ship_hull_submarine_3,Tench Class,,9671,Task Group 68.1,9671,Task Force 68
ALF,USS Wolffish,submarine,ship_hull_submarine_3,Tench Class,,9671,Task Group 68.1,9671,Task Force 68
ALF,USS Ray,submarine,ship_hull_submarine_2,Gato Class,,9671,Task Group 68.1,9671,Task Force 68
ALF,USS Ray,submarine,add_equipment_production,Colorado Class,,9671,Task Group 68.1,9671,Task Force 68
ALF,USS Ray,submarine,add_equipment_production,Charleston Harbor Class,,9671,Task Group 68.1,9671,Task Force 68
ALF,USS Ray,submarine,add_equipment_production,Charleston Harbor Class,,9671,Task Group 68.1,9671,Task Force 68
ALF,USS Ray,submarine,add_equipment_production,Tench Class,,9671,Task Group 68.1,9671,Task Force 68
ALF,USS Ray,submarine,add_equipment_production,Tench Class,,9671,Task Group 68.1,9671,Task Force 68
EAF,RI Giovanni delle Bande Nere,light_cruiser,light_cruiser_1,Luigi Cadorna Class,,12766,Flottiglia del Mar Rosso,12766,Flottiglia del Mar Rosso
EAF,RCT Nazaro Sauro,destroyer,destroyer_1,Nazario Sauro Class,,12766,Flottiglia del Mar Rosso,12766,Flottiglia del Mar Rosso
EAF,RCT Cesare Battisti,destroyer,destroyer_1,Nazario Sauro Class,,12766,Flottiglia del Mar Rosso,12766,Flottiglia del Mar Rosso
EAF,RSmg Galileo Ferraris,submarine,submarine_1,Adua Class,,12766,Flottiglia del Mar Rosso,12766,Flottiglia del Mar Rosso
EAF,RSmg Galileo Galilei,submarine,submarine_1,Adua Class,,12766,Flottiglia del Mar Rosso,12766,Flottiglia del Mar Rosso
EAF,RSmg Archimede,submarine,submarine_1,Adua Class,,12766,Flottiglia del Mar Rosso,12766,Flottiglia del Mar Rosso
EAF,RSmg Perla,submarine,submarine_1,Adua Class,,12941,Flottiglia del Somalia,12941,Flottiglia del'Oceano Indiano
EAF,RSmg Macallé,submarine,submarine_1,Adua Class,,12941,Flottiglia del Somalia,12941,Flottiglia del'Oceano Indiano
EAF,RSmg Guglielmotti,submarine,submarine_1,Adua Class,,12941,Flottiglia del Somalia,12941,Flottiglia del'Oceano Indiano
EAF,RI Luigi Cadorna,light_cruiser,light_cruiser_1,Luigi Cadorna Class,,5210,Prima Flotta di Riserva dell'Africa Orientale,12941,Flottiglia del'Oceano Indiano
EAF,RCT Fuciliere,destroyer,destroyer_1,Nazario Sauro Class,,5210,Prima Flotta di Riserva dell'Africa Orientale,12941,Flottiglia del'Oceano Indiano
EAF,RCT Carabiniere,destroyer,destroyer_1,Nazario Sauro Class,,5210,Prima Flotta di Riserva dell'Africa Orientale,12941,Flottiglia del'Oceano Indiano
FSA,CAS Leyte,carrier,ship_hull_carrier_3,Essex Class,,788,Task Group 17.1,788,Task Force 17
FSA,CAS Kearsarge,carrier,ship_hull_carrier_3,Essex Class,,788,Task Group 17.1,788,Task Force 17
FSA,CAS Cabot,carrier,ship_hull_carrier_conversion_ca_2,Independence Class,,788,Task Group 17.1,788,Task Force 17
FSA,CAS Washington,battleship,ship_hull_heavy_2,North Carolina Class,,788,Task Group  17.2,788,Task Force 17
FSA,CAS Alabama,battleship,ship_hull_heavy_2,South Dakota Class,,788,Task Group  17.2,788,Task Force 17
FSA,CAS Dayton,light_cruiser,ship_hull_cruiser_2,Cleveland Class,,788,Task Group  17.3,788,Task Force 17
FSA,CAS Vicksburg,light_cruiser,ship_hull_cruiser_2,Cleveland Class,,788,Task Group  17.3,788,Task Force 17
FSA,CAS Wichita,heavy_cruiser,ship_hull_cruiser_1,Wichita Class,,788,Task Group  17.3,788,Task Force 17
FSA,CAS Tulsa,heavy_cruiser,ship_hull_cruiser_1,Baltimore Class,,788,Task Group  17.3,788,Task Force 17
FSA,CAS Oakland,light_cruiser,ship_hull_cruiser_3,Oakland Class,,788,Task Group  17.4,788,Task Force 17
FSA,CAS San Diego,light_cruiser,ship_hull_cruiser_3,Oakland Class,,788,Task Group  17.4,788,Task Force 17
FSA,CAS Miller,destroyer,ship_hull_light_3,Fletcher Class,,788,Task Group  17.5,788,Task Force 17
FSA,CAS Stephen Potter,destroyer,ship_hull_light_3,Fletcher Class,,788,Task Group  17.5,788,Task Force 17
FSA,CAS Boyd,destroyer,ship_hull_light_3,Fletcher Class,,788,Task Group  17.5,788,Task Force 17
FSA,CAS Cowell,destroyer,ship_hull_light_3,Fletcher Class,,788,Task Group  17.5,788,Task Force 17
FSA,CAS David W. Tayler,destroyer,ship_hull_light_3,Fletcher Class,,788,Task Group  17.5,788,Task Force 17
FSA,CAS Haggard,destroyer,ship_hull_light_3,Fletcher Class,,788,Task Group  17.5,788,Task Force 17
FSA,CAS Spence,destroyer,ship_hull_light_3,Fletcher Class,,788,Task Group  17.5,788,Task Force 17
FSA,CAS Oriskany,carrier,ship_hull_carrier_3,Essex Class,,1572,Task Group 37.1,1572,Task Force 37
FSA,CAS Independence,carrier,ship_hull_carrier_conversion_ca_2,Independence Class,,1572,Task Group 37.1,1572,Task Force 37
FSA,USS Illinois,battleship,ship_hull_heavy_3,Iowa Class,yes,1572,Task Group 37.2,1572,Task Force 37
FSA,USS Kentucky,battleship,ship_hull_heavy_3,Iowa Class,yes,1572,Task Group 37.2,1572,Task Force 37
FSA,CAS Albany,heavy_cruiser,ship_hull_cruiser_1,Baltimore Class,,1572,Task Group 37.3,1572,Task Force 37
FSA,CAS Bridgeport,heavy_cruiser,ship_hull_cruiser_1,Baltimore Class,,1572,Task Group 37.3,1572,Task Force 37
FSA,CAS Galveston,light_cruiser,ship_hull_cruiser_2,Cleveland Class,,1572,Task Group 37.3,1572,Task Force 37
FSA,CAS Wilkes Barre,light_cruiser,ship_hull_cruiser_2,Cleveland Class,,1572,Task Group 37.3,1572,Task Force 37
FSA,CAS Richmond,light_cruiser,ship_hull_cruiser_3,Worcester Class,,1572,Task Group 37.4,1572,Task Force 37
FSA,CAS Samuel B. Roberts,destroyer,ship_hull_light_3,Samuel B. Roberts Class,,1572,Task Group 37.4,1572,Task Force 37
FSA,CAS Bazilone,destroyer,ship_hull_light_3,Samuel B. Roberts Class,,1572,Task Group 37.4,1572,Task Force 37
FSA,CAS Melvin,destroyer,ship_hull_light_3,Lewis Hancock Class,,1572,Task Group 37.4,1572,Task Force 37
FSA,CAS Remey,destroyer,ship_hull_light_3,Lewis Hancock Class,,1572,Task Group 37.4,1572,Task Force 37
FSA,CAS Waller,destroyer,ship_hull_light_3,Fletcher Class,,1572,Task Group 37.5,1572,Task Force 37
FSA,CAS Taylor,destroyer,ship_hull_light_3,Fletcher Class,,1572,Task Group 37.5,1572,Task Force 37
FSA,CAS Beale,destroyer,ship_hull_light_3,Fletcher Class,,1572,Task Group 37.5,1572,Task Force 37
FSA,CAS Hudson,destroyer,ship_hull_light_3,Fletcher Class,,1572,Task Group 37.5,1572,Task Force 37
FSA,CAS Pringle,destroyer,ship_hull_light_3,Fletcher Class,,1572,Task Group 37.5,1572,Task Force 37
FSA,CAS Philip,destroyer,ship_hull_light_3,Fletcher Class,,1572,Task Group 37.5,1572,Task Force 37
FSA,CAS Converse,destroyer,ship_hull_light_3,Fletcher Class,,1572,Task Group 37.5,1572,Task Force 37
FSA,CAS Henry W. Tucker,destroyer,ship_hull_light_3,Samuel B. Roberts Class,,1572,Task Group 37.5,1572,Task Force 37
FSA,CAS Rogers,destroyer,ship_hull_light_3,Samuel B. Roberts Class,,1572,Task Group 37.5,1572,Task Force 37
FSA,CAS Richard E. Kraus,destroyer,ship_hull_light_3,Samuel B. Roberts Class,,1572,Task Group 37.5,1572,Task Force 37
FSA,CAS Joseph P. Kennedy Jr,destroyer,ship_hull_light_3,Samuel B. Roberts Class,,1572,Task Group 37.5,1572,Task Force 37
FSA,CAS Rupertus,destroyer,ship_hull_light_3,Samuel B. Roberts Class,,1572,Task Group 37.5,1572,Task Force 37
FSA,CAS Leonard F. Mason,destroyer,ship_hull_light_3,Samuel B. Roberts Class,,1572,Task Group 37.5,1572,Task Force 37
FSA,CAS Charles H. Roan,destroyer,ship_hull_light_3,Samuel B. Roberts Class,,1572,Task Group 37.5,1572,Task Force 37
FSA,CAS Fred T. Berry ,destroyer,ship_hull_light_3,Samuel B. Roberts Class,,1572,Task Group 37.5,1572,Task Force 37
FSA,CAS Norris,destroyer,ship_hull_light_3,Samuel B. Roberts Class,,1572,Task Group 37.5,1572,Task Force 37
FSA,CAS McCafeery,destroyer,ship_hull_light_3,Samuel B. Roberts Class,,1572,Task Group 37.5,1572,Task Force 37
FSA,CAS Harwood,destroyer,ship_hull_light_3,Samuel B. Roberts Class,,1572,Task Group 37.5,1572,Task Force 37
FSA,CAS Baussell,destroyer,ship_hull_light_3,Samuel B. Roberts Class,,1572,Task Group 37.5,1572,Task Force 37
FSA,CAS Ozbourn,destroyer,ship_hull_light_3,Samuel B. Roberts Class,,1572,Task Group 37.5,1572,Task Force 37
FSA,CAS Robert L. Willson,destroyer,ship_hull_light_3,Samuel B. Roberts Class,,1572,Task Group 37.5,1572,Task Force 37
FSA,CAS Noa,destroyer,ship_hull_light_3,Samuel B. Roberts Class,,1572,Task Group 37.6,1572,Task Force 37
FSA,CAS Fiske,destroyer,ship_hull_light_3,Samuel B. Roberts Class,,1572,Task Group 37.6,1572,Task Force 37
FSA,CAS Warrington,destroyer,ship_hull_light_3,Samuel B. Roberts Class,,1572,Task Group 37.6,1572,Task Force 37
FSA,CAS Perry,destroyer,ship_hull_light_3,Samuel B. Roberts Class,,1572,Task Group 37.6,1572,Task Force 37
FSA,CAS Witek,destroyer,ship_hull_light_3,Samuel B. Roberts Class,,1572,Task Group 37.6,1572,Task Force 37
FSA,CAS Lowry,destroyer,ship_hull_light_3,Lofberg Class,,1572,Task Group 37.6,1572,Task Force 37
FSA,CAS Lindsey,destroyer,ship_hull_light_3,Lofberg Class,,1572,Task Group 37.6,1572,Task Force 37
FSA,CAS Heerman,destroyer,ship_hull_light_3,Fletcher Class,,1572,Task Group 37.6,1572,Task Force 37
FSA,CAS Tolman,destroyer,ship_hull_light_3,Allen M.Sumner Class,,1572,Task Group 37.6,1572,Task Force 37
FSA,CAS John A. Bole,destroyer,ship_hull_light_3,Allen M.Sumner Class,,1572,Task Group 37.6,1572,Task Force 37
FSA,CAS Putnam,destroyer,ship_hull_light_3,Allen M.Sumner Class,,1572,Task Group 37.6,1572,Task Force 37
FSA,CAS Hampton Roads,carrier,ship_hull_carrier_3,Yorktown Class,,1132,Task Group 58.1,1132,Task Force 58
FSA,CAS Reprisal,carrier,ship_hull_carrier_3,Yorktown Class,,1132,Task Group 58.1,1132,Task Force 58
FSA,CAS Valley Forge,carrier,ship_hull_carrier_3,Yorktown Class,,1132,Task Group 58.1,1132,Task Force 58
FSA,CAS Ranger,carrier,ship_hull_carrier_1,Ranger Class,,1132,Task Group 58.1,1132,Task Force 58
FSA,CAS Bataan,carrier,ship_hull_carrier_conversion_ca_2,Independence Class,,1132,Task Group 58.1,1132,Task Force 58
FSA,CAS San Jacinto,carrier,ship_hull_carrier_conversion_ca_2,Independence Class,,1132,Task Group 58.1,1132,Task Force 58
FSA,CAS Colorado,battleship,ship_hull_super_heavy_1,Colorado Class,,1132,Task Group 58.2,1132,Task Force 58
FSA,CAS Maryland,battleship,ship_hull_super_heavy_1,Colorado Class,,1132,Task Group 58.2,1132,Task Force 58
FSA,CAS Texas,battleship,ship_hull_super_heavy_1,Colorado Class,,1132,Task Group 58.2,1132,Task Force 58
FSA,CAS Norfolk,heavy_cruiser,ship_hull_cruiser_1,Baltimore Class,,788,Task Group 58.3,1132,Task Force 58
FSA,CAS Kansas City,heavy_cruiser,ship_hull_cruiser_1,Baltimore Class,,788,Task Group 58.3,1132,Task Force 58
FSA,CAS Canberra,heavy_cruiser,ship_hull_cruiser_3,Des Moines Class,,788,Task Group 58.3,1132,Task Force 58
FSA,CAS Bremerton,heavy_cruiser,ship_hull_cruiser_3,Des Moines Class,,788,Task Group 58.3,1132,Task Force 58
FSA,CAS Cincinnati,light_cruiser,ship_hull_cruiser_3,Worcester Class,,788,Task Group 58.3,1132,Task Force 58
FSA,CAS Savannah,light_cruiser,ship_hull_cruiser_2,Cleveland Class,,788,Task Group 58.3,1132,Task Force 58
FSA,CAS Trenton,light_cruiser,ship_hull_cruiser_2,Cleveland Class,,788,Task Group 58.3,1132,Task Force 58
FSA,CAS New Orleans,light_cruiser,ship_hull_cruiser_2,Cleveland Class,,788,Task Group 58.3,1132,Task Force 58
FSA,CAS Duluth,light_cruiser,ship_hull_cruiser_2,Cleveland Class,,788,Task Group 58.4,1132,Task Force 58
FSA,CAS Oklahoma City,light_cruiser,ship_hull_cruiser_2,Cleveland Class,,788,Task Group 58.4,1132,Task Force 58
FSA,CAS Little rock,light_cruiser,ship_hull_cruiser_2,Cleveland Class,,788,Task Group 58.4,1132,Task Force 58
FSA,CAS Toledo,light_cruiser,ship_hull_cruiser_2,Cleveland Class,,788,Task Group 58.4,1132,Task Force 58
FSA,CAS Sprotson,light_cruiser,ship_hull_cruiser_2,Cleveland Class,,788,Task Group 58.4,1132,Task Force 58
FSA,CAS Memphis,light_cruiser,ship_hull_cruiser_2,Cleveland Class,,788,Task Group 58.4,1132,Task Force 58
FSA,CAS Wilmington,light_cruiser,ship_hull_cruiser_2,Cleveland Class,,788,Task Group 58.4,1132,Task Force 58
FSA,CAS Lewis Hancock,destroyer,ship_hull_light_3,Lewis Hancock Class,,1132,Task Group 58.5,1132,Task Force 58
FSA,CAS Marshall,destroyer,ship_hull_light_3,Lewis Hancock Class,,1132,Task Group 58.5,1132,Task Force 58
FSA,CAS McGowan,destroyer,ship_hull_light_3,Lewis Hancock Class,,1132,Task Group 58.5,1132,Task Force 58
FSA,CAS Stockham,destroyer,ship_hull_light_3,Lewis Hancock Class,,1132,Task Group 58.5,1132,Task Force 58
FSA,CAS Ault,destroyer,ship_hull_light_3,Allen M.Sumner Class,,1132,Task Group 58.5,1132,Task Force 58
FSA,CAS Wallace L. Wind,destroyer,ship_hull_light_3,Allen M.Sumner Class,,1132,Task Group 58.5,1132,Task Force 58
FSA,CAS Borie,destroyer,ship_hull_light_3,Allen M.Sumner Class,,1132,Task Group 58.5,1132,Task Force 58
FSA,CAS Collett,destroyer,ship_hull_light_3,Allen M.Sumner Class,,1132,Task Group 58.5,1132,Task Force 58
FSA,CAS Lofberg,destroyer,ship_hull_light_3,Lofberg Class,,1132,Task Group 58.5,1132,Task Force 58
FSA,CAS John W. Thomason,destroyer,ship_hull_light_3,Lofberg Class,,1132,Task Group 58.5,1132,Task Force 58
FSA,CAS Buck,destroyer,ship_hull_light_3,Lofberg Class,,1132,Task Group 58.5,1132,Task Force 58
FSA,CAS Henley,destroyer,ship_hull_light_3,Lofberg Class,,1132,Task Group 58.5,1132,Task Force 58
FSA,CAS Gwin,destroyer,ship_hull_light_3,Lofberg Class,,10337,Task Group 24.1,10337,Task Force 24
FSA,CAS Douglas H. Fox,destroyer,ship_hull_light_3,Lofberg Class,,10337,Task Group 24.1,10337,Task Force 24
FSA,CAS Stormes,destroyer,ship_hull_light_3,Lofberg Class,,10337,Task Group 24.1,10337,Task Force 24
FSA,CAS Robert K. Huntington,destroyer,ship_hull_light_3,Lofberg Class,,10337,Task Group 24.1,10337,Task Force 24
FSA,CAS Bristol,destroyer,ship_hull_light_3,Lofberg Class,,10337,Task Group 24.1,10337,Task Force 24
FSA,CAS Forest Royal,destroyer,ship_hull_light_3,Samuel B. Roberts Class,,10337,Task Group 24.1,10337,Task Force 24
FSA,CAS Hawkins,destroyer,ship_hull_light_3,Samuel B. Roberts Class,,10337,Task Group 24.1,10337,Task Force 24
FSA,CAS Stribling,destroyer,ship_hull_light_3,Samuel B. Roberts Class,,10337,Task Group 24.2,10337,Task Force 24
FSA,CAS Brownson,destroyer,ship_hull_light_3,Samuel B. Roberts Class,,10337,Task Group 24.2,10337,Task Force 24
FSA,CAS Arnold J. Isbel,destroyer,ship_hull_light_3,Samuel B. Roberts Class,,10337,Task Group 24.2,10337,Task Force 24
FSA,CAS Fechteler,destroyer,ship_hull_light_3,Samuel B. Roberts Class,,10337,Task Group 24.2,10337,Task Force 24
FSA,CAS Damato,destroyer,ship_hull_light_3,Samuel B. Roberts Class,,10337,Task Group 24.2,10337,Task Force 24
FSA,CAS Dunkan,destroyer,ship_hull_light_3,Samuel B. Roberts Class,,10337,Task Group 24.2,10337,Task Force 24
FSA,CAS Burns,destroyer,ship_hull_light_3,Fletcher Class,,788,Task Group 38.1,788,Task Force 38
FSA,CAS Izard,destroyer,ship_hull_light_3,Fletcher Class,,788,Task Group 38.1,788,Task Force 38
FSA,CAS Killen,destroyer,ship_hull_light_3,Fletcher Class,,788,Task Group 38.1,788,Task Force 38
FSA,CAS Hart,destroyer,ship_hull_light_3,Fletcher Class,,788,Task Group 38.1,788,Task Force 38
FSA,CAS Ingersoll,destroyer,ship_hull_light_3,Fletcher Class,,788,Task Group 38.1,788,Task Force 38
FSA,CAS Agerholm,destroyer,ship_hull_light_3,Samuel B. Roberts Class,,788,Task Group 38.1,788,Task Force 38
FSA,CAS Timmerman,destroyer,ship_hull_light_3,Samuel B. Roberts Class,,788,Task Group 38.1,788,Task Force 38
FSA,CAS Myles C. Fox,destroyer,ship_hull_light_3,Samuel B. Roberts Class,,788,Task Group 38.1,788,Task Force 38
FSA,CAS Evveret F. Larson,destroyer,ship_hull_light_3,Samuel B. Roberts Class,,788,Task Group 38.1,788,Task Force 38
FSA,CAS Goodrich,destroyer,ship_hull_light_3,Samuel B. Roberts Class,,788,Task Group 38.1,788,Task Force 38
FSA,CAS Hanson,destroyer,ship_hull_light_3,Samuel B. Roberts Class,,788,Task Group 38.1,788,Task Force 38
FSA,CAS Herbert J. Thomas ,destroyer,ship_hull_light_3,Samuel B. Roberts Class,,788,Task Group 38.1,788,Task Force 38
FSA,CAS Mertz,destroyer,ship_hull_light_3,Lewis Hancock Class,,788,Task Group 38.2,788,Task Force 38
FSA,CAS Irwin,destroyer,ship_hull_light_3,Lewis Hancock Class,,788,Task Group 38.2,788,Task Force 38
FSA,CAS Preston,destroyer,ship_hull_light_3,Lewis Hancock Class,,788,Task Group 38.2,788,Task Force 38
FSA,CAS Benham,destroyer,ship_hull_light_3,Lewis Hancock Class,,788,Task Group 38.2,788,Task Force 38
FSA,CAS Little,destroyer,ship_hull_light_3,Lewis Hancock Class,,788,Task Group 38.2,788,Task Force 38
FSA,CAS Rooks,destroyer,ship_hull_light_3,Lewis Hancock Class,,788,Task Group 38.2,788,Task Force 38
FSA,CAS Turner,destroyer,ship_hull_light_3,Samuel B. Roberts Class,,788,Task Group 38.2,788,Task Force 38
FSA,"CAS Charles P, Cecil",destroyer,ship_hull_light_3,Samuel B. Roberts Class,,788,Task Group 38.2,788,Task Force 38
FSA,CAS George K. MacKenzie,destroyer,ship_hull_light_3,Samuel B. Roberts Class,,788,Task Group 38.2,788,Task Force 38
FSA,CAS Murray,destroyer,ship_hull_light_3,Fletcher Class,,788,Task Group 38.2,788,Task Force 38
FSA,CAS William D Poter,destroyer,ship_hull_light_3,Fletcher Class,,788,Task Group 38.2,788,Task Force 38
FSA,CAS Bell,destroyer,ship_hull_light_3,Fletcher Class,,788,Task Group 38.2,788,Task Force 38
FSA,CAS Halsey Pawell,submarine,ship_hull_submarine_3,Tench Class,,1572,Task Group 5.1,1572,Task Force 5
FSA,CAS Tiburon,submarine,ship_hull_submarine_3,Tench Class,,1572,Task Group 5.1,1572,Task Force 5
FSA,CAS Odax,submarine,ship_hull_submarine_3,Tench Class,,1572,Task Group 5.1,1572,Task Force 5
FSA,CAS Pomodon,submarine,ship_hull_submarine_3,Tench Class,,1572,Task Group 5.1,1572,Task Force 5
FSA,CAS Corsair,submarine,ship_hull_submarine_3,Tench Class,,1572,Task Group 5.1,1572,Task Force 5
FSA,CAS Grampus,submarine,ship_hull_submarine_3,Tench Class,,1572,Task Group 5.1,1572,Task Force 5
FSA,CAS Apogon,submarine,ship_hull_submarine_2,Gato Class,,1572,Task Group 5.1,1572,Task Force 5
FSA,CAS Barbel,submarine,ship_hull_submarine_2,Gato Class,,1572,Task Group 5.1,1572,Task Force 5
GER,Ulrich von Hutten,battleship,ship_GER_hull_super_heavy_1,Ulrich von Hutten Class,yes,241,I. Schlachtschiff Geschwader,241,Hochseeflotte
GER,Bismarck,battleship,ship_hull_heavy_1,Bismarck Class,,241,I. Schlachtschiff Geschwader,241,Hochseeflotte
GER,Tirpitz,battleship,ship_hull_heavy_1,Bismarck Class,,241,I. Schlachtschiff Geschwader,241,Hochseeflotte
GER,Derfflinger,battleship,ship_hull_heavy_1,Derfflinger Class,,241,I. Schlachtschiff Geschwader,241,Hochseeflotte
GER,Hindenburg,battleship,ship_hull_heavy_1,Derfflinger Class,,241,I. Schlachtschiff Geschwader,241,Hochseeflotte
GER,Z83,destroyer,ship_hull_light_3,Z69 Class,,241,I. Schlachtschiff Geschwader,241,Hochseeflotte
GER,Z84,destroyer,ship_hull_light_3,Z69 Class,,241,I. Schlachtschiff Geschwader,241,Hochseeflotte
GER,Z85,destroyer,ship_hull_light_3,Z69 Class,,241,I. Schlachtschiff Geschwader,241,Hochseeflotte
GER,Z86,destroyer,ship_hull_light_3,Z69 Class,,241,I. Schlachtschiff Geschwader,241,Hochseeflotte
GER,Z87,destroyer,ship_hull_light_3,Z69 Class,,241,I. Schlachtschiff Geschwader,241,Hochseeflotte
GER,Z88,destroyer,ship_hull_light_3,Z69 Class,,241,I. Schlachtschiff Geschwader,241,Hochseeflotte
GER,Z89,destroyer,ship_hull_light_3,Z69 Class,,241,I. Schlachtschiff Geschwader,241,Hochseeflotte
GER,Z90,destroyer,ship_hull_light_3,Z69 Class,,241,I. Schlachtschiff Geschwader,241,Hochseeflotte
GER,Deutschland,heavy_cruiser,ship_hull_cruiser_panzerschiff,Deutschland Class,,241,I. Kreuzer Geschwader,241,Hochseeflotte
GER,Admiral Scheer,heavy_cruiser,ship_hull_cruiser_panzerschiff,Deutschland Class,,241,I. Kreuzer Geschwader,241,Hochseeflotte
GER,Admiral Graf Spee,heavy_cruiser,ship_hull_cruiser_panzerschiff,Deutschland Class,,241,I. Kreuzer Geschwader,241,Hochseeflotte
GER,Prinz Eugen,heavy_cruiser,ship_hull_cruiser_2,Admiral Hipper Class,,241,I. Kreuzer Geschwader,241,Hochseeflotte
GER,Seydlitz,heavy_cruiser,ship_hull_cruiser_2,Admiral Hipper Class,,241,I. Kreuzer Geschwader,241,Hochseeflotte
GER,Lützow,heavy_cruiser,ship_hull_cruiser_2,Admiral Hipper Class,,241,I. Kreuzer Geschwader,241,Hochseeflotte
GER,Z75,destroyer,ship_hull_light_3,Z69 Class,,241,I. Kreuzer Geschwader,241,Hochseeflotte
GER,Z76,destroyer,ship_hull_light_3,Z69 Class,,241,I. Kreuzer Geschwader,241,Hochseeflotte
GER,Z77,destroyer,ship_hull_light_3,Z69 Class,,241,I. Kreuzer Geschwader,241,Hochseeflotte
GER,Z78,destroyer,ship_hull_light_3,Z69 Class,,241,I. Kreuzer Geschwader,241,Hochseeflotte
GER,Z79,destroyer,ship_hull_light_3,Z69 Class,,241,I. Kreuzer Geschwader,241,Hochseeflotte
GER,Z80,destroyer,ship_hull_light_3,Z69 Class,,241,I. Kreuzer Geschwader,241,Hochseeflotte
GER,Z81,destroyer,ship_hull_light_3,Z69 Class,,241,I. Kreuzer Geschwader,241,Hochseeflotte
GER,Z82,destroyer,ship_hull_light_3,Z69 Class,,241,I. Kreuzer Geschwader,241,Hochseeflotte
GER,Augusta,light_cruiser,ship_hull_cruiser_2,Augusta Class,,6332,II. Kreuzer Geschwader,241,Hochseeflotte
GER,Victoria,light_cruiser,ship_hull_cruiser_2,Augusta Class,,6332,II. Kreuzer Geschwader,241,Hochseeflotte
GER,Bielefeld,light_cruiser,ship_hull_cruiser_2,Bielefeld Class,,6332,II. Kreuzer Geschwader,241,Hochseeflotte
GER,Bonn,light_cruiser,ship_hull_cruiser_2,Bielefeld Class,,6332,II. Kreuzer Geschwader,241,Hochseeflotte
GER,Emden,light_cruiser,ship_hull_cruiser_1,Emden Class,,6332,II. Kreuzer Geschwader,241,Hochseeflotte
GER,Leipzig,light_cruiser,ship_hull_cruiser_1,Leipzig Class,,6332,II. Kreuzer Geschwader,241,Hochseeflotte
GER,Nürnberg,light_cruiser,ship_hull_cruiser_1,Leipzig Class,,6332,II. Kreuzer Geschwader,241,Hochseeflotte
GER,Arcona,light_cruiser,ship_hull_cruiser_scout_cruiser,Arcona Class,,241,IV. Kreuzer Geschwader,241,Hochseeflotte
GER,Gazelle,light_cruiser,ship_hull_cruiser_scout_cruiser,Arcona Class,,241,IV. Kreuzer Geschwader,241,Hochseeflotte
GER,Vineta,light_cruiser,ship_hull_cruiser_scout_cruiser,Arcona Class,,241,IV. Kreuzer Geschwader,241,Hochseeflotte
GER,Z35,destroyer,ship_hull_light_3,Z35 Class,,241,I. Zerstörer Geschwader,241,Hochseeflotte
GER,Z37,destroyer,ship_hull_light_3,Z35 Class,,241,I. Zerstörer Geschwader,241,Hochseeflotte
GER,Z38,destroyer,ship_hull_light_3,Z35 Class,,241,I. Zerstörer Geschwader,241,Hochseeflotte
GER,Z43,destroyer,ship_hull_light_3,Z35 Class,,241,I. Zerstörer Geschwader,241,Hochseeflotte
GER,Z44,destroyer,ship_hull_light_3,Z35 Class,,241,I. Zerstörer Geschwader,241,Hochseeflotte
GER,Z45,destroyer,ship_hull_light_3,Z35 Class,,241,I. Zerstörer Geschwader,241,Hochseeflotte
GER,Z69,destroyer,ship_hull_light_3,Z69 Class,,241,II. Zerstörer Geschwader,241,Hochseeflotte
GER,Z70,destroyer,ship_hull_light_3,Z69 Class,,241,II. Zerstörer Geschwader,241,Hochseeflotte
GER,Z71,destroyer,ship_hull_light_3,Z69 Class,,241,II. Zerstörer Geschwader,241,Hochseeflotte
GER,Z72,destroyer,ship_hull_light_3,Z69 Class,,241,II. Zerstörer Geschwader,241,Hochseeflotte
GER,Z73,destroyer,ship_hull_light_3,Z69 Class,,241,II. Zerstörer Geschwader,241,Hochseeflotte
GER,Z74,destroyer,ship_hull_light_3,Z69 Class,,241,II. Zerstörer Geschwader,241,Hochseeflotte
GER,Friedrich der Grose,battleship,ship_hull_super_heavy_1,Friedrich der Grose Class,,6332,II. Schlachtschiff Geschwader,241,Ostseeflotte
GER,Großdeutschland,battleship,ship_hull_super_heavy_1,Friedrich der Grose Class,,6332,II. Schlachtschiff Geschwader,241,Ostseeflotte
GER,Scharnhorst,battle_cruiser,ship_hull_heavy_0,Scharnhorst Class,,6332,II. Schlachtschiff Geschwader,241,Ostseeflotte
GER,Gneisenau,battle_cruiser,ship_hull_heavy_0,Scharnhorst Class,,6332,II. Schlachtschiff Geschwader,241,Ostseeflotte
GER,Mackensen,battle_cruiser,ship_hull_heavy_1,Mackensen Class,,6332,II. Schlachtschiff Geschwader,241,Ostseeflotte
GER,Prinz Eitel Friedrich,battle_cruiser,ship_hull_heavy_1,Mackensen Class,,6332,II. Schlachtschiff Geschwader,241,Ostseeflotte
GER,München,light_cruiser,ship_hull_cruiser_2,München Class,,6332,III. Kreuzer Geschwader,241,Ostseeflotte
GER,Augsburg,light_cruiser,ship_hull_cruiser_2,München Class,,6332,III. Kreuzer Geschwader,241,Ostseeflotte
GER,Krefeld,light_cruiser,ship_hull_cruiser_2,München Class,,6332,III. Kreuzer Geschwader,241,Ostseeflotte
GER,Regensburg,light_cruiser,ship_hull_cruiser_2,München Class,,6332,III. Kreuzer Geschwader,241,Ostseeflotte
GER,Nixe,light_cruiser,ship_hull_cruiser_1,Nixe Class,,6332,I. leichte Kreuzer flotte,241,Ostseeflotte
GER,Köln,light_cruiser,ship_hull_cruiser_1,Königsberg Class,,6332,I. leichte Kreuzer flotte,241,Ostseeflotte
GER,Z46,destroyer,ship_hull_light_3,Z46 Class,,6332,I. leichte Kreuzer flotte,241,Ostseeflotte
GER,Z47,destroyer,ship_hull_light_3,Z46 Class,,6332,I. leichte Kreuzer flotte,241,Ostseeflotte
GER,Z48,destroyer,ship_hull_light_3,Z46 Class,,6332,I. leichte Kreuzer flotte,241,Ostseeflotte
GER,Z49,destroyer,ship_hull_light_3,Z46 Class,,6332,I. leichte Kreuzer flotte,241,Ostseeflotte
GER,Z50,destroyer,ship_hull_light_3,Z46 Class,,6332,I. leichte Kreuzer flotte,241,Ostseeflotte
GER,Z23,destroyer,ship_hull_light_3,Z23 Class,,6389,III. Zerstörer Geschwader,241,Ostseeflotte
GER,Z24,destroyer,ship_hull_light_3,Z23 Class,,6389,III. Zerstörer Geschwader,241,Ostseeflotte
GER,Z25,destroyer,ship_hull_light_3,Z23 Class,,6389,III. Zerstörer Geschwader,241,Ostseeflotte
GER,Z26,destroyer,ship_hull_light_3,Z23 Class,,6389,III. Zerstörer Geschwader,241,Ostseeflotte
GER,Z27,destroyer,ship_hull_light_3,Z23 Class,,6389,III. Zerstörer Geschwader,241,Ostseeflotte
GER,Z28,destroyer,ship_hull_light_3,Z23 Class,,6389,III. Zerstörer Geschwader,241,Ostseeflotte
GER,Z29,destroyer,ship_hull_light_3,Z23 Class,,6389,III. Zerstörer Geschwader,241,Ostseeflotte
GER,Z30,destroyer,ship_hull_light_3,Z23 Class,,6389,III. Zerstörer Geschwader,241,Ostseeflotte
GER,Z31,destroyer,ship_hull_light_3,Z23 Class,,6389,III. Zerstörer Geschwader,241,Ostseeflotte
GER,Z32,destroyer,ship_hull_light_3,Z23 Class,,6389,III. Zerstörer Geschwader,241,Ostseeflotte
GER,Z33,destroyer,ship_hull_light_3,Z23 Class,,6389,III. Zerstörer Geschwader,241,Ostseeflotte
GER,Z34,destroyer,ship_hull_light_3,Z23 Class,,6389,III. Zerstörer Geschwader,241,Ostseeflotte
GER,Z51,destroyer,ship_hull_light_3,Z51 Class,,6389,IV. Zerstörer Geschwader,241,Ostseeflotte
GER,Z58,destroyer,ship_hull_light_3,Z51 Class,,6389,IV. Zerstörer Geschwader,241,Ostseeflotte
GER,Z59,destroyer,ship_hull_light_3,Z51 Class,,6389,IV. Zerstörer Geschwader,241,Ostseeflotte
GER,Z60,destroyer,ship_hull_light_3,Z51 Class,,6389,IV. Zerstörer Geschwader,241,Ostseeflotte
GER,Z61,destroyer,ship_hull_light_3,Z51 Class,,6389,IV. Zerstörer Geschwader,241,Ostseeflotte
GER,Z62,destroyer,ship_hull_light_3,Z51 Class,,6389,IV. Zerstörer Geschwader,241,Ostseeflotte
GER,Z63,destroyer,ship_hull_light_3,Z51 Class,,6389,IV. Zerstörer Geschwader,241,Ostseeflotte
GER,Z64,destroyer,ship_hull_light_3,Z51 Class,,6389,IV. Zerstörer Geschwader,241,Ostseeflotte
GER,Z65,destroyer,ship_hull_light_3,Z51 Class,,6389,IV. Zerstörer Geschwader,241,Ostseeflotte
GER,Z66,destroyer,ship_hull_light_3,Z51 Class,,6389,IV. Zerstörer Geschwader,241,Ostseeflotte
GER,Z67,destroyer,ship_hull_light_3,Z51 Class,,6389,IV. Zerstörer Geschwader,241,Ostseeflotte
GER,U-37,submarine,ship_hull_cruiser_submarine,U-Boot Class IXA,,6389,I. U-Boots Flottille Weddigen,6389,Unterseeboots-Flotte 
GER,U-38,submarine,ship_hull_cruiser_submarine,U-Boot Class IXA,,6389,I. U-Boots Flottille Weddigen,6389,Unterseeboots-Flotte 
GER,U-64,submarine,ship_hull_cruiser_submarine,U-Boot Class IXB,,6389,I. U-Boots Flottille Weddigen,6389,Unterseeboots-Flotte 
GER,U-65,submarine,ship_hull_cruiser_submarine,U-Boot Class IXB,,6389,I. U-Boots Flottille Weddigen,6389,Unterseeboots-Flotte 
GER,U-103,submarine,ship_hull_cruiser_submarine,U-Boot Class IXB,,6389,I. U-Boots Flottille Weddigen,6389,Unterseeboots-Flotte 
GER,U-104,submarine,ship_hull_cruiser_submarine,U-Boot Class IXB,,6389,I. U-Boots Flottille Weddigen,6389,Unterseeboots-Flotte 
GER,U-341,submarine,ship_hull_submarine_2,U-Boot Class VIIC/42,,6389,II. U-Boots Flottille Saltzwedel,6389,Unterseeboots-Flotte 
GER,U-342,submarine,ship_hull_submarine_2,U-Boot Class VIIC/42,,6389,II. U-Boots Flottille Saltzwedel,6389,Unterseeboots-Flotte 
GER,U-343,submarine,ship_hull_submarine_2,U-Boot Class VIIC/42,,6389,II. U-Boots Flottille Saltzwedel,6389,Unterseeboots-Flotte 
GER,U-344,submarine,ship_hull_submarine_2,U-Boot Class VIIC/42,,6389,II. U-Boots Flottille Saltzwedel,6389,Unterseeboots-Flotte 
GER,U-345,submarine,ship_hull_submarine_2,U-Boot Class VIIC/42,,6389,II. U-Boots Flottille Saltzwedel,6389,Unterseeboots-Flotte 
GER,U-346,submarine,ship_hull_submarine_2,U-Boot Class VIIC/42,,6389,II. U-Boots Flottille Saltzwedel,6389,Unterseeboots-Flotte 
GER,U-347,submarine,ship_hull_submarine_2,U-Boot Class VIIC/42,,6389,II. U-Boots Flottille Saltzwedel,6389,Unterseeboots-Flotte 
GER,U-348,submarine,ship_hull_submarine_2,U-Boot Class VIIC/42,,6389,II. U-Boots Flottille Saltzwedel,6389,Unterseeboots-Flotte 
GER,U-349,submarine,ship_hull_submarine_2,U-Boot Class VIIC/42,,6389,II. U-Boots Flottille Saltzwedel,6389,Unterseeboots-Flotte 
GER,U-350,submarine,ship_hull_submarine_2,U-Boot Class VIIC/42,,6389,II. U-Boots Flottille Saltzwedel,6389,Unterseeboots-Flotte 
GER,U-351,submarine,ship_hull_submarine_2,U-Boot Class VIIC/42,,6389,II. U-Boots Flottille Saltzwedel,6389,Unterseeboots-Flotte 
GER,U-352,submarine,ship_hull_submarine_2,U-Boot Class VIIC/42,,6389,II. U-Boots Flottille Saltzwedel,6389,Unterseeboots-Flotte 
GER,U-353,submarine,ship_hull_submarine_2,U-Boot Class VIIC/42,,6389,II. U-Boots Flottille Saltzwedel,6389,Unterseeboots-Flotte 
GER,U-213,submarine,ship_hull_submarine_2,U-Boot Class VIID,,6389,III. U-Boots Flottille Lohs,6389,Unterseeboots-Flotte 
GER,U-214,submarine,ship_hull_submarine_2,U-Boot Class VIID,,6389,III. U-Boots Flottille Lohs,6389,Unterseeboots-Flotte 
GER,U-215,submarine,ship_hull_submarine_2,U-Boot Class VIID,,6389,III. U-Boots Flottille Lohs,6389,Unterseeboots-Flotte 
GER,U-216,submarine,ship_hull_submarine_2,U-Boot Class VIID,,6389,III. U-Boots Flottille Lohs,6389,Unterseeboots-Flotte 
GER,U-217,submarine,ship_hull_submarine_2,U-Boot Class VIID,,6389,III. U-Boots Flottille Lohs,6389,Unterseeboots-Flotte 
GER,U-218,submarine,ship_hull_submarine_2,U-Boot Class VIID,,6389,III. U-Boots Flottille Lohs,6389,Unterseeboots-Flotte 
GER,U-9,submarine,ship_hull_submarine_1,U-Boot Class IIB,,6389,IV. U-Boots Flottille,6389,Unterseeboots-Flotte 
GER,U-10,submarine,ship_hull_submarine_1,U-Boot Class IIB,,6389,IV. U-Boots Flottille,6389,Unterseeboots-Flotte 
GER,U-12,submarine,ship_hull_submarine_1,U-Boot Class IIB,,6389,IV. U-Boots Flottille,6389,Unterseeboots-Flotte 
GER,U-18,submarine,ship_hull_submarine_1,U-Boot Class IIB,,6389,IV. U-Boots Flottille,6389,Unterseeboots-Flotte 
GER,U-19,submarine,ship_hull_submarine_1,U-Boot Class IIB,,6389,IV. U-Boots Flottille,6389,Unterseeboots-Flotte 
GER,U-20,submarine,ship_hull_submarine_1,U-Boot Class IIB,,6389,IV. U-Boots Flottille,6389,Unterseeboots-Flotte 
GER,U-21,submarine,ship_hull_submarine_1,U-Boot Class IIB,,6389,IV. U-Boots Flottille,6389,Unterseeboots-Flotte 
GER,U-56,submarine,ship_hull_submarine_1,U-Boot Class IIC,,6389,IV. U-Boots Flottille,6389,Unterseeboots-Flotte 
GER,U-57,submarine,ship_hull_submarine_1,U-Boot Class IIC,,6389,IV. U-Boots Flottille,6389,Unterseeboots-Flotte 
GER,U-58,submarine,ship_hull_submarine_1,U-Boot Class IIC,,6389,IV. U-Boots Flottille,6389,Unterseeboots-Flotte 
GER,U-137,submarine,ship_hull_submarine_1,U-Boot Class IID,,6389,IV. U-Boots Flottille,6389,Unterseeboots-Flotte 
GER,U-143,submarine,ship_hull_submarine_1,U-Boot Class IID,,6389,IV. U-Boots Flottille,6389,Unterseeboots-Flotte 
GER,U-144,submarine,ship_hull_submarine_1,U-Boot Class IID,,6389,IV. U-Boots Flottille,6389,Unterseeboots-Flotte 
GER,U-150,submarine,ship_hull_submarine_1,U-Boot Class IID,,6389,IV. U-Boots Flottille,6389,Unterseeboots-Flotte 
GER,U-256,submarine,ship_hull_submarine_2,U-Boot Class U-Flak,,6389,V. U-Boots Flottille Emsmann,6389,Unterseeboots-Flotte 
GER,U-441,submarine,ship_hull_submarine_2,U-Boot Class U-Flak,,6389,V. U-Boots Flottille Emsmann,6389,Unterseeboots-Flotte 
GER,U-621,submarine,ship_hull_submarine_2,U-Boot Class U-Flak,,6389,V. U-Boots Flottille Emsmann,6389,Unterseeboots-Flotte 
GER,U-27,submarine,ship_hull_submarine_2,U-Boot Class VIIB,,6389,V. U-Boots Flottille Emsmann,6389,Unterseeboots-Flotte 
GER,U-29,submarine,ship_hull_submarine_2,U-Boot Class VIIB,,6389,V. U-Boots Flottille Emsmann,6389,Unterseeboots-Flotte 
GER,U-30,submarine,ship_hull_submarine_2,U-Boot Class VIIB,,6389,V. U-Boots Flottille Emsmann,6389,Unterseeboots-Flotte 
GER,U-116,submarine,ship_hull_submarine_1,U-Boot Class XB,,6389,VI. U-Boots Flottille Hundius,6389,Unterseeboots-Flotte 
GER,U-117,submarine,ship_hull_submarine_1,U-Boot Class XB,,6389,VI. U-Boots Flottille Hundius,6389,Unterseeboots-Flotte 
GER,U-118,submarine,ship_hull_submarine_1,U-Boot Class XB,,6389,VI. U-Boots Flottille Hundius,6389,Unterseeboots-Flotte 
GER,U-119,submarine,ship_hull_submarine_1,U-Boot Class XB,,6389,VI. U-Boots Flottille Hundius,6389,Unterseeboots-Flotte 
GER,U-1405,submarine,ship_hull_submarine_2,U-Boot Class XVIIB,,6389,VI. U-Boots Flottille Hundius,6389,Unterseeboots-Flotte 
GER,U-1406,submarine,ship_hull_submarine_2,U-Boot Class XVIIB,,6389,VI. U-Boots Flottille Hundius,6389,Unterseeboots-Flotte 
GER,U-1407,submarine,ship_hull_submarine_2,U-Boot Class XVIIB,,6389,VI. U-Boots Flottille Hundius,6389,Unterseeboots-Flotte 
GER,U-45,submarine,ship_hull_submarine_2,U-Boot Class VIIC,,6389,VII. U-Boots Flottille Wegener,6389,Unterseeboots-Flotte 
GER,U-46,submarine,ship_hull_submarine_2,U-Boot Class VIIC,,6389,VII. U-Boots Flottille Wegener,6389,Unterseeboots-Flotte 
GER,U-48,submarine,ship_hull_submarine_2,U-Boot Class VIIC,,6389,VII. U-Boots Flottille Wegener,6389,Unterseeboots-Flotte 
GER,U-50,submarine,ship_hull_submarine_2,U-Boot Class VIIC,,6389,VII. U-Boots Flottille Wegener,6389,Unterseeboots-Flotte 
GER,U-51,submarine,ship_hull_submarine_2,U-Boot Class VIIC,,6389,VII. U-Boots Flottille Wegener,6389,Unterseeboots-Flotte 
GER,U-54,submarine,ship_hull_submarine_2,U-Boot Class VIIC,,6389,VII. U-Boots Flottille Wegener,6389,Unterseeboots-Flotte 
GER,U-55,submarine,ship_hull_submarine_2,U-Boot Class VIIC,,6389,VII. U-Boots Flottille Wegener,6389,Unterseeboots-Flotte 
GER,U-133,submarine,ship_hull_submarine_2,U-Boot Class VIIC,,6389,VII. U-Boots Flottille Wegener,6389,Unterseeboots-Flotte 
GER,U-136,submarine,ship_hull_submarine_2,U-Boot Class VIIC,,6389,VII. U-Boots Flottille Wegener,6389,Unterseeboots-Flotte 
GER,U-201,submarine,ship_hull_submarine_2,U-Boot Class VIIC,,6389,VII. U-Boots Flottille Wegener,6389,Unterseeboots-Flotte 
GER,U-202,submarine,ship_hull_submarine_2,U-Boot Class VIIC,,6389,VII. U-Boots Flottille Wegener,6389,Unterseeboots-Flotte 
GER,U-203,submarine,ship_hull_submarine_2,U-Boot Class VIIC,,6389,VII. U-Boots Flottille Wegener,6389,Unterseeboots-Flotte 
GER,U-204,submarine,ship_hull_submarine_2,U-Boot Class VIIC,,6389,VII. U-Boots Flottille Wegener,6389,Unterseeboots-Flotte 
GER,U-205,submarine,ship_hull_submarine_2,U-Boot Class VIIC,,6389,VII. U-Boots Flottille Wegener,6389,Unterseeboots-Flotte 
GER,U-207,submarine,ship_hull_submarine_2,U-Boot Class VIIC,,6389,VII. U-Boots Flottille Wegener,6389,Unterseeboots-Flotte 
GER,U-208,submarine,ship_hull_submarine_2,U-Boot Class VIIC,,6389,VII. U-Boots Flottille Wegener,6389,Unterseeboots-Flotte 
GER,U-209,submarine,ship_hull_submarine_2,U-Boot Class VIIC,,6389,VII. U-Boots Flottille Wegener,6389,Unterseeboots-Flotte 
GER,U-210,submarine,ship_hull_submarine_2,U-Boot Class VIIC,,6389,VII. U-Boots Flottille Wegener,6389,Unterseeboots-Flotte 
GER,U-211,submarine,ship_hull_submarine_2,U-Boot Class VIIC,,6389,VII. U-Boots Flottille Wegener,6389,Unterseeboots-Flotte 
GER,U-212,submarine,ship_hull_submarine_2,U-Boot Class VIIC,,6389,VII. U-Boots Flottille Wegener,6389,Unterseeboots-Flotte 
GER,U-260,submarine,ship_hull_submarine_2,U-Boot Class VIIC,,6389,VII. U-Boots Flottille Wegener,6389,Unterseeboots-Flotte 
GER,U-180,submarine,ship_hull_cruiser_submarine,U-Boot Class IXD/1,,6389,VIII. U-Boots Flottille,6389,Unterseeboots-Flotte 
GER,U-182,submarine,ship_hull_cruiser_submarine,U-Boot Class IXD/2,,6389,VIII. U-Boots Flottille,6389,Unterseeboots-Flotte 
GER,U-850,submarine,ship_hull_cruiser_submarine,U-Boot Class IXD/2,,6389,VIII. U-Boots Flottille,6389,Unterseeboots-Flotte 
GER,U-885,submarine,ship_hull_cruiser_submarine,U-Boot Class IXD/42,,6389,VIII. U-Boots Flottille,6389,Unterseeboots-Flotte 
GER,U-886,submarine,ship_hull_cruiser_submarine,U-Boot Class IXD/42,,6389,VIII. U-Boots Flottille,6389,Unterseeboots-Flotte 
GER,U-887,submarine,ship_hull_cruiser_submarine,U-Boot Class IXD/42,,6389,VIII. U-Boots Flottille,6389,Unterseeboots-Flotte 
GER,U-888,submarine,ship_hull_cruiser_submarine,U-Boot Class IXD/42,,6389,VIII. U-Boots Flottille,6389,Unterseeboots-Flotte 
GER,U-889,submarine,ship_hull_cruiser_submarine,U-Boot Class IXD/42,,6389,VIII. U-Boots Flottille,6389,Unterseeboots-Flotte 
GER,U-890,submarine,ship_hull_cruiser_submarine,U-Boot Class IXD/42,,6389,VIII. U-Boots Flottille,6389,Unterseeboots-Flotte 
GER,U-221,submarine,ship_hull_submarine_2,U-Boot Class VIIC,,6389,IX. U-Boots Flottille,6389,Unterseeboots-Flotte 
GER,U-222,submarine,ship_hull_submarine_2,U-Boot Class VIIC,,6389,IX. U-Boots Flottille,6389,Unterseeboots-Flotte 
GER,U-223,submarine,ship_hull_submarine_2,U-Boot Class VIIC,,6389,IX. U-Boots Flottille,6389,Unterseeboots-Flotte 
GER,U-224,submarine,ship_hull_submarine_2,U-Boot Class VIIC,,6389,IX. U-Boots Flottille,6389,Unterseeboots-Flotte 
GER,U-225,submarine,ship_hull_submarine_2,U-Boot Class VIIC,,6389,IX. U-Boots Flottille,6389,Unterseeboots-Flotte 
GER,U-226,submarine,ship_hull_submarine_2,U-Boot Class VIIC,,6389,IX. U-Boots Flottille,6389,Unterseeboots-Flotte 
GER,U-227,submarine,ship_hull_submarine_2,U-Boot Class VIIC,,6389,IX. U-Boots Flottille,6389,Unterseeboots-Flotte 
GER,U-228,submarine,ship_hull_submarine_2,U-Boot Class VIIC,,6389,IX. U-Boots Flottille,6389,Unterseeboots-Flotte 
GER,U-242,submarine,ship_hull_submarine_2,U-Boot Class VIIC,,6389,IX. U-Boots Flottille,6389,Unterseeboots-Flotte 
GER,U-243,submarine,ship_hull_submarine_2,U-Boot Class VIIC,,6389,IX. U-Boots Flottille,6389,Unterseeboots-Flotte 
GER,U-244,submarine,ship_hull_submarine_2,U-Boot Class VIIC,,6389,IX. U-Boots Flottille,6389,Unterseeboots-Flotte 
GER,U-245,submarine,ship_hull_submarine_2,U-Boot Class VIIC,,6389,IX. U-Boots Flottille,6389,Unterseeboots-Flotte 
GER,U-246,submarine,ship_hull_submarine_2,U-Boot Class VIIC,,6389,IX. U-Boots Flottille,6389,Unterseeboots-Flotte 
GER,U-247,submarine,ship_hull_submarine_2,U-Boot Class VIIC,,6389,IX. U-Boots Flottille,6389,Unterseeboots-Flotte 
GER,U-248,submarine,ship_hull_submarine_2,U-Boot Class VIIC,,6389,IX. U-Boots Flottille,6389,Unterseeboots-Flotte 
GER,U-249,submarine,ship_hull_submarine_2,U-Boot Class VIIC,,6389,IX. U-Boots Flottille,6389,Unterseeboots-Flotte 
GER,U-250,submarine,ship_hull_submarine_2,U-Boot Class VIIC,,6389,IX. U-Boots Flottille,6389,Unterseeboots-Flotte 
GER,U-251,submarine,ship_hull_submarine_2,U-Boot Class VIIC,,6389,IX. U-Boots Flottille,6389,Unterseeboots-Flotte 
GER,U-252,submarine,ship_hull_submarine_2,U-Boot Class VIIC,,6389,IX. U-Boots Flottille,6389,Unterseeboots-Flotte 
GER,U-253,submarine,ship_hull_submarine_2,U-Boot Class VIIC,,6389,IX. U-Boots Flottille,6389,Unterseeboots-Flotte 
GER,U-254,submarine,ship_hull_submarine_2,U-Boot Class VIIC,,6389,IX. U-Boots Flottille,6389,Unterseeboots-Flotte 
GER,U-261,submarine,ship_hull_submarine_2,U-Boot Class VIIC,,6389,IX. U-Boots Flottille,6389,Unterseeboots-Flotte 
GER,U-66,submarine,ship_hull_cruiser_submarine,U-Boot Class IXC,,6389,X. U-Boots Flottille,6389,Unterseeboots-Flotte 
GER,U-67,submarine,ship_hull_cruiser_submarine,U-Boot Class IXC,,6389,X. U-Boots Flottille,6389,Unterseeboots-Flotte 
GER,U-68,submarine,ship_hull_cruiser_submarine,U-Boot Class IXC,,6389,X. U-Boots Flottille,6389,Unterseeboots-Flotte 
GER,U-126,submarine,ship_hull_cruiser_submarine,U-Boot Class IXC,,6389,X. U-Boots Flottille,6389,Unterseeboots-Flotte 
GER,U-127,submarine,ship_hull_cruiser_submarine,U-Boot Class IXC,,6389,X. U-Boots Flottille,6389,Unterseeboots-Flotte 
GER,U-167,submarine,ship_hull_cruiser_submarine,U-Boot Class IXC/40,,6389,X. U-Boots Flottille,6389,Unterseeboots-Flotte 
GER,U-168,submarine,ship_hull_cruiser_submarine,U-Boot Class IXC/40,,6389,X. U-Boots Flottille,6389,Unterseeboots-Flotte 
GER,U-170,submarine,ship_hull_cruiser_submarine,U-Boot Class IXC/40,,6389,X. U-Boots Flottille,6389,Unterseeboots-Flotte 
GER,U-183,submarine,ship_hull_cruiser_submarine,U-Boot Class IXC/40,,6389,X. U-Boots Flottille,6389,Unterseeboots-Flotte 
GER,U-2501,submarine,ship_hull_submarine_2,U-Boot Class XXI,,6389,XI. U-Boots Flottille,6389,Unterseeboots-Flotte 
GER,U-2502,submarine,ship_hull_submarine_2,U-Boot Class XXI,,6389,XI. U-Boots Flottille,6389,Unterseeboots-Flotte 
GER,U-2503,submarine,ship_hull_submarine_2,U-Boot Class XXI,,6389,XI. U-Boots Flottille,6389,Unterseeboots-Flotte 
GER,U-2504,submarine,ship_hull_submarine_2,U-Boot Class XXI,,6389,XI. U-Boots Flottille,6389,Unterseeboots-Flotte 
GER,U-2505,submarine,ship_hull_submarine_2,U-Boot Class XXI,,6389,XI. U-Boots Flottille,6389,Unterseeboots-Flotte 
GER,U-2506,submarine,ship_hull_submarine_2,U-Boot Class XXI,,6389,XI. U-Boots Flottille,6389,Unterseeboots-Flotte 
GER,U-2507,submarine,ship_hull_submarine_2,U-Boot Class XXI,,6389,XI. U-Boots Flottille,6389,Unterseeboots-Flotte 
GER,U-2508,submarine,ship_hull_submarine_2,U-Boot Class XXI,,6389,XI. U-Boots Flottille,6389,Unterseeboots-Flotte 
GER,U-2509,submarine,ship_hull_submarine_2,U-Boot Class XXI,,6389,XI. U-Boots Flottille,6389,Unterseeboots-Flotte 
GER,U-2510,submarine,ship_hull_submarine_2,U-Boot Class XXI,,6389,XI. U-Boots Flottille,6389,Unterseeboots-Flotte 
GER,U-2511,submarine,ship_hull_submarine_2,U-Boot Class XXI,,6389,XI. U-Boots Flottille,6389,Unterseeboots-Flotte 
GER,U-2512,submarine,ship_hull_submarine_3,U-Boot Class XXV,,6389,XII. U-Boots Flottille,6389,Unterseeboots-Flotte 
GER,U-2513,submarine,ship_hull_submarine_3,U-Boot Class XXV,,6389,XII. U-Boots Flottille,6389,Unterseeboots-Flotte 
GER,U-2514,submarine,ship_hull_submarine_3,U-Boot Class XXV,,6389,XII. U-Boots Flottille,6389,Unterseeboots-Flotte 
GER,U-2515,submarine,ship_hull_submarine_3,U-Boot Class XXV,,6389,XII. U-Boots Flottille,6389,Unterseeboots-Flotte 
GER,U-2516,submarine,ship_hull_submarine_3,U-Boot Class XXV,,6389,XII. U-Boots Flottille,6389,Unterseeboots-Flotte 
GER,U-2517,submarine,ship_hull_submarine_3,U-Boot Class XXV,,6389,XII. U-Boots Flottille,6389,Unterseeboots-Flotte 
GER,U-2518,submarine,ship_hull_submarine_3,U-Boot Class XXV,,6389,XII. U-Boots Flottille,6389,Unterseeboots-Flotte 
GER,U-2519,submarine,ship_hull_submarine_3,U-Boot Class XXV,,6389,XII. U-Boots Flottille,6389,Unterseeboots-Flotte 
GER,U-2520,submarine,ship_hull_submarine_3,U-Boot Class XXV,,6389,XII. U-Boots Flottille,6389,Unterseeboots-Flotte 
GER,U-2521,submarine,ship_hull_submarine_3,U-Boot Class XXV,,6389,XII. U-Boots Flottille,6389,Unterseeboots-Flotte 
GER,U-2321,submarine,ship_hull_miget_sub,U-Boot Class XXIII,,6389,XIII. U-Boots Flottille,6389,Unterseeboots-Flotte 
GER,U-2322,submarine,ship_hull_miget_sub,U-Boot Class XXIII,,6389,XIII. U-Boots Flottille,6389,Unterseeboots-Flotte 
GER,U-2323,submarine,ship_hull_miget_sub,U-Boot Class XXIII,,6389,XIII. U-Boots Flottille,6389,Unterseeboots-Flotte 
GER,U-2324,submarine,ship_hull_miget_sub,U-Boot Class XXIII,,6389,XIII. U-Boots Flottille,6389,Unterseeboots-Flotte 
GER,U-2325,submarine,ship_hull_miget_sub,U-Boot Class XXIII,,6389,XIII. U-Boots Flottille,6389,Unterseeboots-Flotte 
GER,U-2326,submarine,ship_hull_miget_sub,U-Boot Class XXIII,,6389,XIII. U-Boots Flottille,6389,Unterseeboots-Flotte 
GER,U-2327,submarine,ship_hull_miget_sub,U-Boot Class XXIII,,6389,XIII. U-Boots Flottille,6389,Unterseeboots-Flotte 
GER,U-2328,submarine,ship_hull_miget_sub,U-Boot Class XXIII,,6389,XIII. U-Boots Flottille,6389,Unterseeboots-Flotte 
GER,U-2329,submarine,ship_hull_miget_sub,U-Boot Class XXIII,,6389,XIII. U-Boots Flottille,6389,Unterseeboots-Flotte 
GER,U-2330,submarine,ship_hull_miget_sub,U-Boot Class XXIII,,6389,XIII. U-Boots Flottille,6389,Unterseeboots-Flotte 
GER,U-2331,submarine,ship_hull_miget_sub,U-Boot Class XXIII,,6389,XIII. U-Boots Flottille,6389,Unterseeboots-Flotte 
GER,U-2332,submarine,ship_hull_miget_sub,U-Boot Class XXIII,,6389,XIII. U-Boots Flottille,6389,Unterseeboots-Flotte 
GER,U-2333,submarine,ship_hull_miget_sub,U-Boot Class XXIII,,6389,XIII. U-Boots Flottille,6389,Unterseeboots-Flotte 
GER,U-2334,submarine,ship_hull_miget_sub,U-Boot Class XXIII,,6389,XIII. U-Boots Flottille,6389,Unterseeboots-Flotte 
GER,U-302,submarine,ship_hull_submarine_2,U-Boot Class VIIC/41,,6389,XIV. U-Boots Flottille,6389,Unterseeboots-Flotte 
GER,U-303,submarine,ship_hull_submarine_2,U-Boot Class VIIC/41,,6389,XIV. U-Boots Flottille,6389,Unterseeboots-Flotte 
GER,U-304,submarine,ship_hull_submarine_2,U-Boot Class VIIC/41,,6389,XIV. U-Boots Flottille,6389,Unterseeboots-Flotte 
GER,U-305,submarine,ship_hull_submarine_2,U-Boot Class VIIC/41,,6389,XIV. U-Boots Flottille,6389,Unterseeboots-Flotte 
GER,U-306,submarine,ship_hull_submarine_2,U-Boot Class VIIC/41,,6389,XIV. U-Boots Flottille,6389,Unterseeboots-Flotte 
GER,U-307,submarine,ship_hull_submarine_2,U-Boot Class VIIC/41,,6389,XIV. U-Boots Flottille,6389,Unterseeboots-Flotte 
GER,U-308,submarine,ship_hull_submarine_2,U-Boot Class VIIC/41,,6389,XIV. U-Boots Flottille,6389,Unterseeboots-Flotte 
GER,U-309,submarine,ship_hull_submarine_2,U-Boot Class VIIC/41,,6389,XIV. U-Boots Flottille,6389,Unterseeboots-Flotte 
GER,U-310,submarine,ship_hull_submarine_2,U-Boot Class VIIC/41,,6389,XIV. U-Boots Flottille,6389,Unterseeboots-Flotte 
GER,U-311,submarine,ship_hull_submarine_2,U-Boot Class VIIC/41,,6389,XIV. U-Boots Flottille,6389,Unterseeboots-Flotte 
GER,U-312,submarine,ship_hull_submarine_2,U-Boot Class VIIC/41,,6389,XV. U-Boots Flottille,6389,Unterseeboots-Flotte 
GER,U-313,submarine,ship_hull_submarine_2,U-Boot Class VIIC/41,,6389,XV. U-Boots Flottille,6389,Unterseeboots-Flotte 
GER,U-314,submarine,ship_hull_submarine_2,U-Boot Class VIIC/41,,6389,XV. U-Boots Flottille,6389,Unterseeboots-Flotte 
GER,U-315,submarine,ship_hull_submarine_2,U-Boot Class VIIC/41,,6389,XV. U-Boots Flottille,6389,Unterseeboots-Flotte 
GER,U-316,submarine,ship_hull_submarine_2,U-Boot Class VIIC/41,,6389,XV. U-Boots Flottille,6389,Unterseeboots-Flotte 
GER,U-317,submarine,ship_hull_submarine_2,U-Boot Class VIIC/41,,6389,XV. U-Boots Flottille,6389,Unterseeboots-Flotte 
GER,U-318,submarine,ship_hull_submarine_2,U-Boot Class VIIC/41,,6389,XV. U-Boots Flottille,6389,Unterseeboots-Flotte 
GER,U-319,submarine,ship_hull_submarine_2,U-Boot Class VIIC/41,,6389,XV. U-Boots Flottille,6389,Unterseeboots-Flotte 
GER,U-320,submarine,ship_hull_submarine_2,U-Boot Class VIIC/41,,6389,XV. U-Boots Flottille,6389,Unterseeboots-Flotte 
GER,U-321,submarine,ship_hull_submarine_2,U-Boot Class VIIC/41,,6389,XV. U-Boots Flottille,6389,Unterseeboots-Flotte 
GER,U-322,submarine,ship_hull_submarine_2,U-Boot Class VIIC/41,,6389,XV. U-Boots Flottille,6389,Unterseeboots-Flotte 
NEL,USS Iowa,battleship,ship_hull_heavy_3,Iowa Class,yes,3878,TF.1,3878,First Fleet
NEL,USS Massachusetts,battleship,ship_hull_heavy_2,South Dakota Class,,3878,TF.1,3878,First Fleet
NEL,USS North Carolina,battleship,ship_hull_heavy_2,North Carolina Class,,3878,TF.1,3878,First Fleet
NEL,USS Enterprise,carrier,ship_hull_carrier_1,Yorktown Class,,6732,TF.2,3878,First Fleet
NEL,USS Ticonderoga,carrier,ship_hull_carrier_3,Ticonderoga Class,,6732,TF.2,3878,First Fleet
NEL,USS Antietam,carrier,ship_hull_carrier_3,Ticonderoga Class,,6732,TF.2,3878,First Fleet
NEL,USS Atlanta,light_cruiser,ship_hull_cruiser_2,Atlanta Class,,6732,TF.2,3878,First Fleet
NEL,USS San Diego,light_cruiser,ship_hull_cruiser_2,Atlanta Class,,6732,TF.2,3878,First Fleet
NEL,USS San Juan,light_cruiser,ship_hull_cruiser_2,Atlanta Class,,6732,TF.2,3878,First Fleet
NEL,USS Terry,destroyer,ship_hull_light_3,Fletcher Class,,6732,TF.2,3878,First Fleet
NEL,USS Trathen,destroyer,ship_hull_light_3,Fletcher Class,,6732,TF.2,3878,First Fleet
NEL,USS Rocks,destroyer,ship_hull_light_3,Fletcher Class,,6732,TF.2,3878,First Fleet
NEL,USS Gregory,destroyer,ship_hull_light_3,Fletcher Class,,6732,TF.2,3878,First Fleet
NEL,USS Chicago,heavy_cruiser,ship_hull_cruiser_1,Baltimore Class,,6732,TF.3,3878,First Fleet
NEL,USS Columbus,heavy_cruiser,ship_hull_cruiser_1,Baltimore Class,,6732,TF.3,3878,First Fleet
NEL,USS Hickox,destroyer,ship_hull_light_3,Fletcher Class,,6732,TF.3,3878,First Fleet
NEL,USS Albert W.Grant,destroyer,ship_hull_light_3,Fletcher Class,,6732,TF.3,3878,First Fleet
NEL,USS Charles J.Badger,destroyer,ship_hull_light_3,Fletcher Class,,6732,TF.3,3878,First Fleet
NEL,USS Van Valkenburgh,destroyer,ship_hull_light_3,Fletcher Class,,6732,TF.3,3878,First Fleet
NEL,USS Commencement Bay,light_carrier,ship_hull_light_carrier_1,Commencement Bay Class,,3878,TF.4,3878,First Fleet
NEL,USS Siboney,light_carrier,ship_hull_light_carrier_1,Commencement Bay Class,,3878,TF.4,3878,First Fleet
NEL,USS Sicily,light_carrier,ship_hull_light_carrier_1,Commencement Bay Class,,3878,TF.4,3878,First Fleet
NEL,USS Oakland,light_cruiser,ship_hull_cruiser_2,Atlanta Class,,3878,TF.4,3878,First Fleet
NEL,USS Reno,light_cruiser,ship_hull_cruiser_2,Atlanta Class,,3878,TF.4,3878,First Fleet
NEL,USS Flint,light_cruiser,ship_hull_cruiser_2,Atlanta Class,,3878,TF.4,3878,First Fleet
NEL,USS Richard P.Leary,destroyer,ship_hull_light_3,Fletcher Class,,3878,TF.4,3878,First Fleet
NEL,USS Strong,destroyer,ship_hull_light_3,Fletcher Class,,3878,TF.4,3878,First Fleet
NEL,USS Tucson,light_cruiser,ship_hull_cruiser_2,Atlanta Class,,6732,TF.5,3878,First Fleet
NEL,USS Mannert L.Abele,destroyer,ship_hull_light_3,Allen M.Sumner Class,,6732,TF.5,3878,First Fleet
NEL,USS O'Brien,destroyer,ship_hull_light_3,Allen M.Sumner Class,,6732,TF.5,3878,First Fleet
NEL,USS John W.Thomason,destroyer,ship_hull_light_3,Allen M.Sumner Class,,6732,TF.5,3878,First Fleet
NEL,USS Massey,destroyer,ship_hull_light_3,Allen M.Sumner Class,,6732,TF.5,3878,First Fleet
NEL,USS Zellars,destroyer,ship_hull_light_3,Allen M.Sumner Class,,6732,TF.5,3878,First Fleet
NEL,USS Drexler,destroyer,ship_hull_light_3,Allen M.Sumner Class,,6732,TF.5,3878,First Fleet
NEL,USS Hank,destroyer,ship_hull_light_3,Allen M.Sumner Class,,6732,TF.5,3878,First Fleet
NEL,USS Alfred A.Cunningham,destroyer,ship_hull_light_3,Allen M.Sumner Class,,6732,TF.5,3878,First Fleet
NEL,USS Purdy,destroyer,ship_hull_light_3,Allen M.Sumner Class,,6732,TF.5,3878,First Fleet
NEL,USS Ingraham,destroyer,ship_hull_light_3,Allen M.Sumner Class,,6732,TF.5,3878,First Fleet
NEL,USS Rudderow,destroyer,ship_hull_light_3,Rudderow Class,,3878,TF.6,3878,First Fleet
NEL,USS Day,destroyer,ship_hull_light_3,Rudderow Class,,3878,TF.6,3878,First Fleet
NEL,USS Chaffee,destroyer,ship_hull_light_3,Rudderow Class,,3878,TF.6,3878,First Fleet
NEL,USS Hodges,destroyer,ship_hull_light_3,Rudderow Class,,3878,TF.6,3878,First Fleet
NEL,USS Riley,destroyer,ship_hull_light_3,Rudderow Class,,3878,TF.6,3878,First Fleet
NEL,USS Leslie L.B. Knox,destroyer,ship_hull_light_3,Rudderow Class,,3878,TF.6,3878,First Fleet
NEL,USS McNulty,destroyer,ship_hull_light_3,Rudderow Class,,3878,TF.6,3878,First Fleet
NEL,USS Metivier,destroyer,ship_hull_light_3,Rudderow Class,,3878,TF.6,3878,First Fleet
NEL,USS George A. Johnson,destroyer,ship_hull_light_3,Rudderow Class,,3878,TF.6,3878,First Fleet
NEL,USS Charles J. Kimmel,destroyer,ship_hull_light_3,Rudderow Class,,3878,TF.6,3878,First Fleet
NEL,USS Charles J. Kimmel,destroyer,add_equipment_production,Ticonderoga Class,,3878,TF.6,3878,First Fleet
SAF,HMSAS Artifex,light_cruiser,ship_hull_cruiser_0_remodeling,Artifex Class,,4696,Task Force 1,1468,Main squadron
SAF,HMSAS Fleetwood,frigate,ship_hull_frigate_1,Grimsby Class,,4696,Task Force 1,1468,Main squadron
PHI,BRP Great Pleiades,heavy_cruiser,ship_hull_cruiser_coastal_defense_ship_2,Great Pleiades Class,yes,10265,Main squadron,10265,Main Fleet
PHI,BRP Alcyone,heavy_cruiser,ship_hull_cruiser_coastal_defense_ship_2,Great Pleiades Class,,10265,Main squadron,10265,Main Fleet
PHI,BRP Pinatubo,heavy_cruiser,ship_hull_cruiser_1,Pinatubo Class,,10265,Main squadron,10265,Main Fleet
PHI,BRP Quickness,light_cruiser,ship_hull_cruiser_1,Quickness Class,,10265,Cruiser squadron,10265,Main Fleet
PHI,BRP Davao del Sur,light_cruiser,ship_hull_torpedo_cruiser_1,Tarlac Class,,10265,Cruiser squadron,10265,Main Fleet
PHI,BRP Tarlac,light_cruiser,ship_hull_torpedo_cruiser_1,Tarlac Class,,10265,Cruiser squadron,10265,Main Fleet
PHI,BRP Starfish,destroyer,ship_hull_light_0,Starfish Class,,10265,Cruiser squadron,10265,Main Fleet
PHI,BRP Eagle,frigate,ship_hull_frigate_1,Eagle Class,,10265,Cruiser squadron,10265,Main Fleet
PHI,BRP Bulbul,frigate,ship_hull_frigate_1,Eagle Class,,10265,Cruiser squadron,10265,Main Fleet
PHI,BRP Datu Kalantiaw,destroyer,ship_hull_light_0,Datu Kalantiaw Class,,10265,Destroyer Squadron,10265,Main Fleet
PHI,BRP Datu Sikatuna,destroyer,ship_hull_light_0,Datu Kalantiaw Class,,10265,Destroyer Squadron,10265,Main Fleet
PHI,BRP Rajah Humabon,destroyer,ship_hull_light_0,Datu Kalantiaw Class,,10265,Destroyer Squadron,10265,Main Fleet
PHI,BRP Gregorio del Pilar,destroyer,ship_hull_light_1,Gregorio del Pilar Class,,10265,Destroyer Squadron,10265,Main Fleet
PHI,BRP Ramon Alcaraz,destroyer,ship_hull_light_1,Gregorio del Pilar Class,,10265,Destroyer Squadron,10265,Main Fleet
PHI,BRP Andres Bonifacio,destroyer,ship_hull_light_1,Gregorio del Pilar Class,,10265,Destroyer Squadron,10265,Main Fleet
PHI,BRP General Mariano Alvarez,destroyer,ship_hull_light_1,Gregorio del Pilar Class,,10265,Escort squadron,10265,Main Fleet
PHI,BRP Clam,destroyer,ship_hull_light_1,Clam Class,,10265,Escort squadron,10265,Main Fleet
PHI,BRP PF01,frigate,ship_hull_frigate_2,PF01 Class,,10265,Escort squadron,10265,Main Fleet
PHI,BRP PF02,frigate,ship_hull_frigate_2,PF01 Class,,10265,Escort squadron,10265,Main Fleet
PHI,BRP PF03,frigate,ship_hull_frigate_2,PF01 Class,,10265,Escort squadron,10265,Main Fleet
PHI,BRP PF04,frigate,ship_hull_frigate_2,PF01 Class,,10265,Escort squadron,10265,Main Fleet
PHI,BRP PF05,frigate,ship_hull_frigate_2,PF01 Class,,10265,Escort squadron,10265,Main Fleet
PHI,BRP S01,submarine,ship_hull_submarine_3,S01 Class,,10265,Submarine squadron,10265,Main Fleet
PHI,BRP S02,submarine,ship_hull_submarine_3,S01 Class,,10265,Submarine squadron,10265,Main Fleet
PHI,BRP S03,submarine,ship_hull_submarine_3,S01 Class,,10265,Submarine squadron,10265,Main Fleet
PHI,BRP S04,submarine,ship_hull_submarine_3,S01 Class,,10265,Submarine squadron,10265,Main Fleet
PHI,BRP S05,submarine,ship_hull_submarine_3,S01 Class,,10265,Submarine squadron,10265,Main Fleet
SER,Zmaj,light_cruiser,ship_hull_cruiser_0_transport_remodeling,Zmaj Class,,9809,1. površinska eskadrila,9809,Prva flota
SER,Dalmacija,light_cruiser,ship_hull_cruiser_defenced_cruiser,Dalmacija Class,,9809,1. površinska eskadrila,9809,Prva flota
SER,Dubrovnik,destroyer,ship_hull_light_1,Dubrovnik Class,,9809,1. površinska eskadrila,9809,Prva flota
SER,Beograd,destroyer,ship_hull_light_1,Beograd Class,,9809,1. površinska eskadrila,9809,Prva flota
SER,Zagreb,destroyer,ship_hull_light_1,Beograd Class,,9809,1. površinska eskadrila,9809,Prva flota
SER,Ljubljana,destroyer,ship_hull_light_1,Beograd Class,,9809,1. površinska eskadrila,9809,Prva flota
SER,Lubin,light_cruiser,ship_hull_cruiser_0_remodeling,Lubin Class,,9809,2. površinska eskadrila,9809,Prva flota
SER,Nestin,destroyer,ship_hull_large_frigate,Nestin Class,,9809,2. površinska eskadrila,9809,Prva flota
SER,Novi Sad,destroyer,ship_hull_large_frigate,Nestin Class,,9809,2. površinska eskadrila,9809,Prva flota
SER,T5,frigate,ship_hull_micro_3,T5 Class,,9809,2. površinska eskadrila,9809,Prva flota
SER,T6,frigate,ship_hull_micro_3,T5 Class,,9809,2. površinska eskadrila,9809,Prva flota
SER,T7,frigate,ship_hull_micro_3,T5 Class,,9809,2. površinska eskadrila,9809,Prva flota
SER,T8,frigate,ship_hull_micro_3,T5 Class,,9809,2. površinska eskadrila,9809,Prva flota
SER,Hrabri,submarine,ship_hull_submarine_1,Hrabri Class,,9809,1. eskadrila podmornica,9809,Prva flota
SER,Nebojša,submarine,ship_hull_submarine_1,Hrabri Class,,9809,1. eskadrila podmornica,9809,Prva flota
SER,Smeli,submarine,ship_hull_submarine_1,Smeli Class,,9809,1. eskadrila podmornica,9809,Prva flota
SER,Osvetnik,submarine,ship_hull_submarine_1,Smeli Class,,9809,1. eskadrila podmornica,9809,Prva flota
SER,Orjen,frigate,ship_hull_micro_2,Orjen Class,,9809,1. jurišna gardijska eskandrila,9809,Bezbednosna flota
SER,Velebit,frigate,ship_hull_micro_2,Orjen Class,,9809,1. jurišna gardijska eskandrila,9809,Bezbednosna flota
SER,Dinara,frigate,ship_hull_micro_2,Orjen Class,,9809,1. jurišna gardijska eskandrila,9809,Bezbednosna flota
SER,Triglav,frigate,ship_hull_micro_2,Orjen Class,,9809,1. jurišna gardijska eskandrila,9809,Bezbednosna flota
SER,Suvobor,frigate,ship_hull_micro_2,Orjen Class,,9809,1. jurišna gardijska eskandrila,9809,Bezbednosna flota
SER,Rudnik,frigate,ship_hull_micro_2,Orjen Class,,9809,1. jurišna gardijska eskandrila,9809,Bezbednosna flota
SER,Kajmakčalan,frigate,ship_hull_micro_2,Orjen Class,,9809,1. jurišna gardijska eskandrila,9809,Bezbednosna flota
SER,Durmitor,frigate,ship_hull_micro_2,Orjen Class,,9809,1. jurišna gardijska eskandrila,9809,Bezbednosna flota
SER,T1,frigate,ship_hull_micro_3,T1 Class,,9809,2. jurišna gardijska eskandrila,9809,Bezbednosna flota
SER,T2,frigate,ship_hull_micro_3,T1 Class,,9809,2. jurišna gardijska eskandrila,9809,Bezbednosna flota
SER,T3,frigate,ship_hull_micro_3,T1 Class,,9809,2. jurišna gardijska eskandrila,9809,Bezbednosna flota
SER,T4,frigate,ship_hull_micro_3,T1 Class,,9809,2. jurišna gardijska eskandrila,9809,Bezbednosna flota
SER,Uskok,frigate,ship_hull_micro_2,Uskok Class,,9809,2. jurišna gardijska eskandrila,9809,Bezbednosna flota
SER,Četnik,frigate,ship_hull_micro_2,Uskok Class,,9809,2. jurišna gardijska eskandrila,9809,Bezbednosna flota
SER,Orao,frigate,ship_hull_frigate_1,Orao Class,,9809,eskadrila minolovaca,9809,Bezbednosna flota
SER,Galeb,frigate,ship_hull_frigate_1,Orao Class,,9809,eskadrila minolovaca,9809,Bezbednosna flota
SER,Gavran,frigate,ship_hull_frigate_1,Orao Class,,9809,eskadrila minolovaca,9809,Bezbednosna flota
SER,Jastreb,frigate,ship_hull_frigate_1,Orao Class,,9809,eskadrila minolovaca,9809,Bezbednosna flota
SER,Kobac,frigate,ship_hull_frigate_1,Orao Class,,9809,eskadrila minolovaca,9809,Bezbednosna flota
SER,Sokol,frigate,ship_hull_frigate_1,Orao Class,,9809,eskadrila minolovaca,9809,Bezbednosna flota
SER,Marjan,frigate,ship_hull_micro_2,Marjan Class,,9809,eskadrila minolovaca,9809,Bezbednosna flota
SER,Malinska,frigate,ship_hull_micro_2,Marjan Class,,9809,eskadrila minolovaca,9809,Bezbednosna flota
SER,Mosor,frigate,ship_hull_micro_2,Marjan Class,,9809,eskadrila minolovaca,9809,Bezbednosna flota
SER,Meljine,frigate,ship_hull_micro_2,Marjan Class,,9809,eskadrila minolovaca,9809,Bezbednosna flota
SER,Mljet,frigate,ship_hull_micro_2,Marjan Class,,9809,eskadrila minolovaca,9809,Bezbednosna flota
SER,Beli Orao,frigate,ship_hull_micro_4,Beli Orao Class,,9809,1. jurišna gardijska eskandrila,9809,Bezbednosna flota
SER,D2,frigate,ship_hull_frigate_1,D1 Class,,9809,1. jurišna gardijska eskandrila,9809,Bezbednosna flota
SER,Zlarin,light_cruiser,ship_hull_cruiser_unprotected_cruiser,Zlarin Class,,9809,1. jurišna gardijska eskandrila,9809,Bezbednosna flota
SER,Skradin,light_cruiser,ship_hull_cruiser_unprotected_cruiser,Zlarin Class,,9809,1. jurišna gardijska eskandrila,9809,Bezbednosna flota
SER,Neretva,light_cruiser,ship_hull_ironclad,Neretva Class,,9809,1. jurišna gardijska eskandrila,9809,Bezbednosna flota
CAY,Dunkerque,battleship,ship_hull_heavy_2,Dunkerque Class,,2887,Première force,12885,Forces de haute mer
CAY,Strasbourg,battleship,ship_hull_heavy_2,Dunkerque Class,,2887,Première force,12885,Forces de haute mer
CAY,Richelieu,battleship,ship_hull_heavy_2,Richelieu Class,,2887,Première force,12885,Forces de haute mer
CAY,Jean Bart,battleship,ship_hull_heavy_2,Richelieu Class,,2887,Première force,12885,Forces de haute mer
CAY,Justice,battleship,ship_hull_heavy_0,Pennsylvania Class,,12885,Deuxième escadron,12885,Forces de haute mer
CAY,Vérité,battleship,ship_hull_heavy_0,Pennsylvania Class,,12885,Deuxième escadron,12885,Forces de haute mer
CAY,Charlemagne,battleship,ship_hull_heavy_0,New Mexico Class,,12885,Deuxième escadron,12885,Forces de haute mer
CAY,Saint Louis,battleship,ship_hull_heavy_0,New Mexico Class,,12885,Deuxième escadron,12885,Forces de haute mer
CAY,Gaulois,battleship,ship_hull_heavy_0,New Mexico Class,,12885,Deuxième escadron,12885,Forces de haute mer
CAY,République,battleship,ship_hull_heavy_1,Tennessee Class,,12885,Deuxième escadron,12885,Forces de haute mer
CAY,Patrie,battleship,ship_hull_heavy_1,Tennessee Class,,12885,Deuxième escadron,12885,Forces de haute mer
CAY,Alsace,battleship,ship_hull_heavy_1,Colorado Class,,12885,Deuxième escadron,12885,Forces de haute mer
CAY,Normandie,battleship,ship_hull_heavy_1,Colorado Class,,12885,Deuxième escadron,12885,Forces de haute mer
CAY,Bourgogne,battleship,ship_hull_heavy_1,Colorado Class,,12885,Deuxième escadron,12885,Forces de haute mer
CAY,Danton,battleship,ship_hull_pre_dreadnought_1,Danton Class,,12885,Troisième escadron,12885,Forces de haute mer
CAY,Courbet,battleship,ship_hull_dreadnought,Courbet Class,,12885,Troisième escadron,12885,Forces de haute mer
CAY,Océan,battleship,ship_hull_dreadnought,Courbet Class,,12885,Troisième escadron,12885,Forces de haute mer
CAY,Amiral Baudin,battleship,ship_hull_dreadnought,Wyoming Class,,12885,Troisième escadron,12885,Forces de haute mer
CAY,Provence,battleship,ship_hull_heavy_0,Provence Class,,12885,Troisième escadron,12885,Forces de haute mer
CAY,Bretagne,battleship,ship_hull_heavy_0,Provence Class,,12885,Troisième escadron,12885,Forces de haute mer
CAY,Hoche,battleship,ship_hull_heavy_0,Nevada Class,,12885,Troisième escadron,12885,Forces de haute mer
CAY,Chamois,destroyer,ship_hull_large_frigate,Chamois Class,,9377,1er Escadron de torpilles,12885,Forces de haute mer
CAY,Gazelle,destroyer,ship_hull_large_frigate,Chamois Class,,9377,1er Escadron de torpilles,12885,Forces de haute mer
CAY,ORP Gazelle,destroyer,ship_hull_light_1,Grom Class,,9377,1er Escadron de torpilles,12885,Forces de haute mer
CAY,ORP Brennus,destroyer,ship_hull_light_1,Grom Class,,9377,1er Escadron de torpilles,12885,Forces de haute mer
CAY,ORP Bouclier,destroyer,ship_hull_light_1,Burza Class,,9377,1er Escadron de torpilles,12885,Forces de haute mer
CAY,Bakou,destroyer,ship_hull_light_1,Leningrad Class,,9377,1er Escadron de torpilles,12885,Forces de haute mer
CAY,Emile Bertin,light_cruiser,ship_hull_cruiser_2,Emile Bertin Class,,11350,2e escadron de torpilles,12885,Forces de haute mer
CAY,Le Fantasque,light_cruiser,ship_hull_cruiser_scout_cruiser,Le Fantasque Class,,11350,2e escadron de torpilles,12885,Forces de haute mer
CAY,Le Triomphant,light_cruiser,ship_hull_cruiser_scout_cruiser,Le Fantasque Class,,11350,2e escadron de torpilles,12885,Forces de haute mer
CAY,Le Malin,light_cruiser,ship_hull_cruiser_scout_cruiser,Le Fantasque Class,,11350,2e escadron de torpilles,12885,Forces de haute mer
CAY,Commandant Bory,frigate,ship_hull_frigate_1,Élan Class,,9377,Escadron d'initiation,12885,Forces de haute mer
CAY,Commandant Dominié,frigate,ship_hull_frigate_1,Élan Class,,9377,Escadron d'initiation,12885,Forces de haute mer
CAY,Commandant Duboc,frigate,ship_hull_frigate_1,Élan Class,,9377,Escadron d'initiation,12885,Forces de haute mer
CAY,Engageante,frigate,ship_hull_frigate_1,Diligente Class,,9377,Escadron d'initiation,12885,Forces de haute mer
CAY,Diligente,frigate,ship_hull_frigate_1,Diligente Class,,9377,Escadron d'initiation,12885,Forces de haute mer
CAY,Surcouf,submarine,ship_hull_cruiser_submarine,Surcouf Class,,9377,Flotte de sous-marins,12885,Forces de haute mer
CAY,ORP Saphir,submarine,ship_hull_submarine_2,Orzeł Class,,9377,Flotte de sous-marins,12885,Forces de haute mer
CAY,ORP Sirene,submarine,ship_hull_submarine_2,Orzeł Class,,9377,Flotte de sous-marins,12885,Forces de haute mer
CAY,Savoie,battleship,ship_hull_heavy_3,Iowa Class,,2887,Premier escadron d'attaque,11350,Flotte aérienne mobile
CAY,France,battle_cruiser,ship_hull_heavy_3,France Class,,2887,Premier escadron d'attaque,11350,Flotte aérienne mobile
CAY,Paris,battle_cruiser,ship_hull_heavy_3,France Class,,2887,Premier escadron d'attaque,11350,Flotte aérienne mobile
CAY,Lyon,heavy_cruiser,ship_hull_CB,Alaska Class,,11350,Deuxième escadron d'attaque,11350,Flotte aérienne mobile
CAY,Lille,heavy_cruiser,ship_hull_CB,Alaska Class,,11350,Deuxième escadron d'attaque,11350,Flotte aérienne mobile
CAY,Algérie,heavy_cruiser,ship_hull_cruiser_1,Algérie Class,,11350,Deuxième escadron d'attaque,11350,Flotte aérienne mobile
CAY,Béarn,carrier,ship_hull_carrier_conversion_bb,Béarn Class,,9377,Escadron de porte-avions,11350,Flotte aérienne mobile
CAY,Joffre,carrier,ship_hull_carrier_1,Joffre Class,,9377,Escadron de porte-avions,11350,Flotte aérienne mobile
CAY,Lorraine,carrier,ship_hull_carrier_conversion_bb,Lorraine Class,,9377,Escadron de porte-avions,11350,Flotte aérienne mobile
CAY,Comandant Teste,carrier,ship_hull_carrier_1,Comandant Teste Class,,9377,Escadron de porte-avions,11350,Flotte aérienne mobile
CAY,Spahi,destroyer,ship_hull_light_3,Evarts Class,,9377,Escadron de porte-avions,11350,Flotte aérienne mobile
CAY,Hussard,destroyer,ship_hull_light_3,Evarts Class,,9377,Escadron de porte-avions,11350,Flotte aérienne mobile
CAY,Carabinier,destroyer,ship_hull_light_3,Evarts Class,,9377,Escadron de porte-avions,11350,Flotte aérienne mobile
CAY,Lansquenet,destroyer,ship_hull_light_3,Evarts Class,,9377,Escadron de porte-avions,11350,Flotte aérienne mobile
CAY,Mameluk,destroyer,ship_hull_light_3,Evarts Class,,9377,Escadron de porte-avions,11350,Flotte aérienne mobile
CAY,Bois Belleau,light_carrier,ship_hull_carrier_conversion_ca_2,Independence Class,,12885,Escadron de porte-avions,11350,Flotte aérienne mobile
CAY,La Fayette,light_carrier,ship_hull_carrier_conversion_ca_2,Independence Class,,12885,Escadron de porte-avions,11350,Flotte aérienne mobile
CAY,La Résolue,light_carrier,ship_hull_light_carrier_1,Commencement Bay Class,,12885,Escadron de porte-avions,11350,Flotte aérienne mobile
CAY,Verdun,light_carrier,ship_hull_light_carrier_1,Commencement Bay Class,,12885,Escadron de porte-avions,11350,Flotte aérienne mobile
CAY,Dixmude,light_carrier,ship_hull_carrier_conversion_mc,Casablanca Class,,12885,Escadron de porte-avions,11350,Flotte aérienne mobile
CAY,Chasseur,destroyer,ship_hull_light_3,Evarts Class,,12885,Escadron de porte-avions,11350,Flotte aérienne mobile
CAY,Janissaire,destroyer,ship_hull_light_3,Evarts Class,,12885,Escadron de porte-avions,11350,Flotte aérienne mobile
CAY,Fantassin,destroyer,ship_hull_light_3,Evarts Class,,12885,Escadron de porte-avions,11350,Flotte aérienne mobile
CAY,Cavalier,destroyer,ship_hull_light_3,Evarts Class,,12885,Escadron de porte-avions,11350,Flotte aérienne mobile
CAY,Aventurier,destroyer,ship_hull_light_3,Evarts Class,,12885,Escadron de porte-avions,11350,Flotte aérienne mobile
CAY,Chateaurenault,light_cruiser,ship_hull_cruiser_1,Omaha Class,,12885,Troisième escadron de torpilles,11350,Flotte aérienne mobile
CAY,Guichen,light_cruiser,ship_hull_cruiser_1,Omaha Class,,12885,Troisième escadron de torpilles,11350,Flotte aérienne mobile
CAY,Metz,light_cruiser,ship_hull_cruiser_1,Omaha Class,,12885,Troisième escadron de torpilles,11350,Flotte aérienne mobile
CAY,De Grasse,light_cruiser,ship_hull_cruiser_2,De Grasse Class,,12885,Troisième escadron de torpilles,11350,Flotte aérienne mobile
CAY,L`Adroit,destroyer,ship_hull_light_3,Fletcher Class,,12885,Troisième escadron de torpilles,11350,Flotte aérienne mobile
CAY,L`Alcyon,destroyer,ship_hull_light_3,Fletcher Class,,12885,Troisième escadron de torpilles,11350,Flotte aérienne mobile
CAY,La Palme,destroyer,ship_hull_light_3,Fletcher Class,,12885,Troisième escadron de torpilles,11350,Flotte aérienne mobile
CAY,Le Mars,destroyer,ship_hull_light_3,Fletcher Class,,12885,Troisième escadron de torpilles,11350,Flotte aérienne mobile
CAY,La Railleuse,destroyer,ship_hull_light_3,Fletcher Class,,12885,Troisième escadron de torpilles,11350,Flotte aérienne mobile
CAY,Lamotte Picquet,light_cruiser,ship_hull_cruiser_1,Duguay Trouin Class,,9377,Quatrième escadron de torpilles,11350,Flotte aérienne mobile
CAY,Primauguet,light_cruiser,ship_hull_cruiser_1,Duguay Trouin Class,,9377,Quatrième escadron de torpilles,11350,Flotte aérienne mobile
CAY,La Galissonnière,light_cruiser,ship_hull_cruiser_2,La Galissonnière Class,,9377,Quatrième escadron de torpilles,11350,Flotte aérienne mobile
CAY,Jean de Vienne,light_cruiser,ship_hull_cruiser_2,La Galissonnière Class,,9377,Quatrième escadron de torpilles,11350,Flotte aérienne mobile
CAY,Marseillaise,light_cruiser,ship_hull_cruiser_2,La Galissonnière Class,,9377,Quatrième escadron de torpilles,11350,Flotte aérienne mobile
CAY,Le Fortune,destroyer,ship_hull_light_3,Fletcher Class,,9377,Quatrième escadron de torpilles,11350,Flotte aérienne mobile
CAY,Brestois,destroyer,ship_hull_light_3,Fletcher Class,,9377,Quatrième escadron de torpilles,11350,Flotte aérienne mobile
CAY,Boulonnais,destroyer,ship_hull_light_3,Fletcher Class,,9377,Quatrième escadron de torpilles,11350,Flotte aérienne mobile
CAY,Forbin,destroyer,ship_hull_light_3,Fletcher Class,,9377,Quatrième escadron de torpilles,11350,Flotte aérienne mobile
CAY,Frondeur,destroyer,ship_hull_light_3,Fletcher Class,,9377,Quatrième escadron de torpilles,11350,Flotte aérienne mobile
CAY,Jeanne D'Arc,light_cruiser,ship_hull_cruiser_1,Jeanne D'Arc Class,,2887,Quatrième escadron de torpilles,11350,Flotte aérienne mobile
CAY,ORP D'Entrecasteaux,light_cruiser,ship_hull_cruiser_scout_cruiser,Gryf Class,,2887,Quatrième escadron de torpilles,11350,Flotte aérienne mobile
CAY,Le Corse,frigate,ship_hull_frigate_2,Tacoma Class,,2887,Quatrième escadron de torpilles,11350,Flotte aérienne mobile
CAY,Le Brestois,frigate,ship_hull_frigate_2,Tacoma Class,,2887,Quatrième escadron de torpilles,11350,Flotte aérienne mobile
CAY,Le Boulonnais,frigate,ship_hull_frigate_2,Tacoma Class,,2887,Quatrième escadron de torpilles,11350,Flotte aérienne mobile
CAY,Le Normand,frigate,ship_hull_frigate_2,Tacoma Class,,2887,Quatrième escadron de torpilles,11350,Flotte aérienne mobile
CAY,Le Picard,frigate,ship_hull_frigate_2,Tacoma Class,,2887,Quatrième escadron de torpilles,11350,Flotte aérienne mobile
CAY,Le Gascon,frigate,ship_hull_frigate_2,Tacoma Class,,2887,Quatrième escadron de torpilles,11350,Flotte aérienne mobile
CAY,Le Lorrain,frigate,ship_hull_frigate_2,Tacoma Class,,2887,Quatrième escadron de torpilles,11350,Flotte aérienne mobile
CAY,Le Bourguignon,frigate,ship_hull_frigate_2,Tacoma Class,,2887,Quatrième escadron de torpilles,11350,Flotte aérienne mobile
CAY,Le Champenois,frigate,ship_hull_frigate_2,Tacoma Class,,2887,Quatrième escadron de torpilles,11350,Flotte aérienne mobile
CAY,Le Savoyard,frigate,ship_hull_frigate_2,Tacoma Class,,2887,Quatrième escadron de torpilles,11350,Flotte aérienne mobile
TUR,Yavuz,battleship,ship_hull_dreadnought,Moltke Class,yes,4112,Su üstü harp gemi̇si̇,4112,Ana fi̇lo
TUR,Demirhisar,destroyer,ship_hull_light_1,Demirhisar Class,,4112,Su üstü harp gemi̇si̇,4112,Ana fi̇lo
TUR,Sultanhisar,destroyer,ship_hull_light_1,Demirhisar Class,,4112,Su üstü harp gemi̇si̇,4112,Ana fi̇lo
TUR,Kocatepe,destroyer,ship_hull_light_1,Kocatepe Class,,4112,Su üstü harp gemi̇si̇,4112,Ana fi̇lo
TUR,Adatepe,destroyer,ship_hull_light_1,Kocatepe Class,,4112,Su üstü harp gemi̇si̇,4112,Ana fi̇lo
TUR,Tinaztepe,destroyer,ship_hull_light_1,Tinaztepe Class,,4112,Su üstü harp gemi̇si̇,4112,Ana fi̇lo
TUR,Zafer,destroyer,ship_hull_light_1,Tinaztepe Class,,4112,Su üstü harp gemi̇si̇,4112,Ana fi̇lo
TUR,Batıray,submarine,ship_hull_submarine_1,Ay Class,,9833,deni̇zalti fi̇losu,4112,Ana fi̇lo
TUR,Atılay,submarine,ship_hull_submarine_1,Ay Class,,9833,deni̇zalti fi̇losu,4112,Ana fi̇lo
TUR,Saldıray,submarine,ship_hull_submarine_1,Ay Class,,9833,deni̇zalti fi̇losu,4112,Ana fi̇lo
TUR,Murat Reis,submarine,ship_hull_submarine_1,Oruç Reis Class,,9833,deni̇zalti fi̇losu,4112,Ana fi̇lo
TUR,Oruç Reis,submarine,ship_hull_submarine_1,Oruç Reis Class,,9833,deni̇zalti fi̇losu,4112,Ana fi̇lo
TUR,Gür,submarine,ship_hull_submarine_1,U-Boot Class Type I,,9833,deni̇zalti fi̇losu,4112,Ana fi̇lo
TUR,Birinci İnönü,submarine,ship_hull_submarine_1,U-Boot Class Type UB III,,9833,deni̇zalti fi̇losu,4112,Ana fi̇lo
TUR,İkinci İnönü,submarine,ship_hull_submarine_1,U-Boot Class Type UB III,,9833,deni̇zalti fi̇losu,4112,Ana fi̇lo
TUR,Dumlupınar,submarine,ship_hull_submarine_1,Vettor Pisani Class,,9833,deni̇zalti fi̇losu,4112,Ana fi̇lo
TUR,Sakarya,submarine,ship_hull_miget_sub,Argonauta Class,,9833,deni̇zalti fi̇losu,4112,Ana fi̇lo
WPA,S-1,submarine,ship_hull_miget_sub,Sen ko II Class,,12386,Armada Patroli Pesisir,12386,Armada pertama
WPA,S-2,submarine,ship_hull_miget_sub,Sen ko II Class,,12386,Armada Patroli Pesisir,12386,Armada pertama
WPA,S-3,submarine,ship_hull_miget_sub,Sen ko II Class,,12386,Armada Patroli Pesisir,12386,Armada pertama
WPA,S-4,submarine,ship_hull_miget_sub,Sen ko II Class,,12386,Armada Patroli Pesisir,12386,Armada pertama
FAE,Sisoy Velikiy,battleship,ship_hull_pre_dreadnought_1,Settsu Class,,957,Pervyy Udarnyy flot,957,Podgotovitel'nyy flot
FAE,Admiral Nakhimov,heavy_cruiser,ship_hull_cruiser_2,project 26-bis Class,,957,Pervyy Udarnyy flot,957,Podgotovitel'nyy flot
FAE,Pamyat' Azova,heavy_cruiser,ship_hull_cruiser_2,project 26-bis Class,,957,Pervyy Udarnyy flot,957,Podgotovitel'nyy flot
FAE,Снег,light_cruiser,ship_hull_cruiser_0,Tenryu Class,,957,Mobil'nyy shturmovoy flot,957,Podgotovitel'nyy flot
FAE,Purga,light_cruiser,ship_hull_cruiser_0,Kuma Class,,957,Mobil'nyy shturmovoy flot,957,Podgotovitel'nyy flot
FAE,Zarnitsa,light_cruiser,ship_hull_cruiser_0,Kuma Class,,957,Mobil'nyy shturmovoy flot,957,Podgotovitel'nyy flot
FAE,Rezvyy,destroyer,ship_hull_light_2,Gnevny Class,,957,Mobil'nyy shturmovoy flot,957,Podgotovitel'nyy flot
FAE,R'yanyy,destroyer,ship_hull_light_2,Gnevny Class,,957,Mobil'nyy shturmovoy flot,957,Podgotovitel'nyy flot
FAE,Rastoropnyy,destroyer,ship_hull_light_2,Gnevny Class,,957,Mobil'nyy shturmovoy flot,957,Podgotovitel'nyy flot
FAE,Redkiy,destroyer,ship_hull_light_2,Gnevny Class,,957,Mobil'nyy shturmovoy flot,957,Podgotovitel'nyy flot
FAE,Razyashchiy,destroyer,ship_hull_light_2,Gnevny Class,,957,Mobil'nyy shturmovoy flot,957,Podgotovitel'nyy flot
FAE,Reshitel'nyy,destroyer,ship_hull_light_2,Gnevny Class,,957,Mobil'nyy shturmovoy flot,957,Podgotovitel'nyy flot
FAE,Retivyy,destroyer,ship_hull_light_2,Gnevny Class,,957,Mobil'nyy shturmovoy flot,957,Podgotovitel'nyy flot
FAE,Revnostnyy,destroyer,ship_hull_light_2,Gnevny Class,,957,Mobil'nyy shturmovoy flot,957,Podgotovitel'nyy flot
FAE,Razyaryonnyy,destroyer,ship_hull_light_2,Gnevny Class,,957,Mobil'nyy shturmovoy flot,957,Podgotovitel'nyy flot
FAE,Razumnyy,destroyer,ship_hull_light_2,Gnevny Class,,957,Mobil'nyy shturmovoy flot,957,Podgotovitel'nyy flot
FAE,Rekordnyy,destroyer,ship_hull_light_2,Gnevny Class,,957,Mobil'nyy shturmovoy flot,957,Podgotovitel'nyy flot
FAE,Rezkiy,destroyer,ship_hull_light_2,Gnevny Class,,957,Mobil'nyy shturmovoy flot,957,Podgotovitel'nyy flot
FAE,Vnushitel'nyy,frigate,ship_hull_frigate_2,Hei Kai Class,,957,Flot morskikh tral'shchikov,957,Podgotovitel'nyy flot
FAE,Vlastnyy,frigate,ship_hull_frigate_2,Hei Kai Class,,957,Flot morskikh tral'shchikov,957,Podgotovitel'nyy flot
FAE,Vinoslivy,frigate,ship_hull_frigate_2,Hei Kai Class,,957,Flot morskikh tral'shchikov,957,Podgotovitel'nyy flot
FAE,Uragan,frigate,ship_hull_frigate_2,Etorofu Class,,957,Flot morskikh tral'shchikov,957,Podgotovitel'nyy flot
FAE,Tayfun,frigate,ship_hull_frigate_2,Etorofu Class,,957,Flot morskikh tral'shchikov,957,Podgotovitel'nyy flot
FAE,Smerch,frigate,ship_hull_frigate_2,Etorofu Class,,957,Flot morskikh tral'shchikov,957,Podgotovitel'nyy flot
FAE,Tsiklon,frigate,ship_hull_frigate_2,Etorofu Class,,957,Flot morskikh tral'shchikov,957,Podgotovitel'nyy flot
FAE,Otverzhennyy,frigate,ship_hull_frigate_2,Etorofu Kai Class,,957,Flot morskikh tral'shchikov,957,Podgotovitel'nyy flot
FAE,Organizatsionnyy,frigate,ship_hull_frigate_2,Etorofu Kai Class,,957,Flot morskikh tral'shchikov,957,Podgotovitel'nyy flot
FAE,Ozornoy,frigate,ship_hull_frigate_2,Etorofu Kai Class,,957,Flot morskikh tral'shchikov,957,Podgotovitel'nyy flot
FAE,Ognevoy,frigate,ship_hull_frigate_2,Mikura Class,,957,Flot morskikh tral'shchikov,957,Podgotovitel'nyy flot
FAE,52,submarine,ship_hull_submarine_2,IXbis Class,,957,Podvodnyy flot,957,Podgotovitel'nyy flot
FAE,53,submarine,ship_hull_submarine_2,IXbis Class,,957,Podvodnyy flot,957,Podgotovitel'nyy flot
FAE,13,submarine,ship_hull_submarine_2,XI Class,,957,Podvodnyy flot,957,Podgotovitel'nyy flot
FAE,14,submarine,ship_hull_submarine_2,XI Class,,957,Podvodnyy flot,957,Podgotovitel'nyy flot
FAE,15,submarine,ship_hull_submarine_2,XI Class,,957,Podvodnyy flot,957,Podgotovitel'nyy flot
FAE,16,submarine,ship_hull_submarine_2,XI Class,,957,Podvodnyy flot,957,Podgotovitel'nyy flot
FAE,17,submarine,ship_hull_submarine_2,XI Class,,957,Podvodnyy flot,957,Podgotovitel'nyy flot
FAE,18,submarine,ship_hull_submarine_2,XI Class,,957,Podvodnyy flot,957,Podgotovitel'nyy flot
FAE,19,submarine,ship_hull_submarine_2,XI Class,,957,Podvodnyy flot,957,Podgotovitel'nyy flot
FAE,1,submarine,ship_hull_submarine_3,VI Class,,957,Podvodnyy flot,957,Podgotovitel'nyy flot
FAE,2,submarine,ship_hull_submarine_3,VI Class,,957,Podvodnyy flot,957,Podgotovitel'nyy flot
FAE,3,submarine,ship_hull_submarine_3,VI Class,,957,Podvodnyy flot,957,Podgotovitel'nyy flot
FAE,4,submarine,ship_hull_submarine_3,VI Class,,957,Podvodnyy flot,957,Podgotovitel'nyy flot
FAE,5,submarine,ship_hull_submarine_3,VI Class,,957,Podvodnyy flot,957,Podgotovitel'nyy flot
FAE,6,submarine,ship_hull_submarine_3,VI Class,,957,Podvodnyy flot,957,Podgotovitel'nyy flot
FAE,7,submarine,ship_hull_submarine_3,VI Class,,957,Podvodnyy flot,957,Podgotovitel'nyy flot
FAE,8,submarine,ship_hull_submarine_3,VI Class,,957,Podvodnyy flot,957,Podgotovitel'nyy flot
FAE,9,submarine,ship_hull_submarine_3,VI Class,,957,Podvodnyy flot,957,Podgotovitel'nyy flot
FAE,10,submarine,ship_hull_submarine_3,VI Class,,957,Podvodnyy flot,957,Podgotovitel'nyy flot
FAE,43,submarine,ship_hull_submarine_3,VIbis Class,,957,Podvodnyy flot,957,Podgotovitel'nyy flot
FAE,44,submarine,ship_hull_submarine_3,VIbis Class,,957,Podvodnyy flot,957,Podgotovitel'nyy flot
FAE,45,submarine,ship_hull_submarine_3,VIbis Class,,957,Podvodnyy flot,957,Podgotovitel'nyy flot
FAE,46,submarine,ship_hull_submarine_3,VIbis Class,,957,Podvodnyy flot,957,Podgotovitel'nyy flot
FAE,47,submarine,ship_hull_submarine_3,VIbis Class,,957,Podvodnyy flot,957,Podgotovitel'nyy flot
FAE,48,submarine,ship_hull_submarine_3,VIbis Class,,957,Podvodnyy flot,957,Podgotovitel'nyy flot
FAE,Grom,light_cruiser,ship_hull_cruiser_0_transport_remodeling,Minoo Class,,957,Flot rybolovnykh patryl'nykh sudov,957,Flot rybolovnykh patryl'nykh sudov
FAE,Buran,destroyer,ship_hull_light_0,Shirataka Class,,957,Flot rybolovnykh patryl'nykh sudov,957,Flot rybolovnykh patryl'nykh sudov
FAE,Shkval,destroyer,ship_hull_light_0,Dai 31 Go Syokai Tei Class,,957,Flot rybolovnykh patryl'nykh sudov,957,Flot rybolovnykh patryl'nykh sudov
FAE,Shtorm,destroyer,ship_hull_light_0,Tsukushi Class,,957,Flot rybolovnykh patryl'nykh sudov,957,Flot rybolovnykh patryl'nykh sudov
FAE,Metel',destroyer,ship_hull_light_0,Tsukushi Class,,957,Flot rybolovnykh patryl'nykh sudov,957,Flot rybolovnykh patryl'nykh sudov
SIA,HTMS Maia,heavy_cruiser,ship_hull_cruiser_coastal_defense_ship_2,Great Pleiades Class,,7408,Fungbin hlak,7408,Kong Ruea Hlak
SIA,HTMS Pleione,heavy_cruiser,ship_hull_cruiser_coastal_defense_ship_2,Great Pleiades Class,,7408,Fungbin hlak,7408,Kong Ruea Hlak
SIA,HTMS Dhonburi,heavy_cruiser,ship_hull_cruiser_coastal_defense_ship_1,Dhonburi Class,,7408,Fungbin hlak,7408,Kong Ruea Hlak
SIA,HTMS Sri Ayuthia,heavy_cruiser,ship_hull_cruiser_2,Sri Ayuthia Class,,7408,Fungbin hlak,7408,Kong Ruea Hlak
SIA,HTMS Doi Ang Khang,heavy_cruiser,ship_hull_cruiser_1,Doi Ang Khang Class,,7408,Kong ruea khrui soer,7408,Kong Ruea Hlak
SIA,HTMS Phu Kradueng,heavy_cruiser,ship_hull_cruiser_1,Phu Kradueng Class,,7408,Kong ruea khrui soer,7408,Kong Ruea Hlak
SIA,HTMS Taksin,light_cruiser,ship_hull_cruiser_1,Taksin Class,,7408,Kong ruea khrui soer,7408,Kong Ruea Hlak
SIA,HTMS Naresuan,light_cruiser,ship_hull_cruiser_1,Taksin Class,,7408,Kong ruea khrui soer,7408,Kong Ruea Hlak
SIA,HTMS Chakri Naruebet,carrier,ship_hull_carrier_1,Chakri Naruebet Class,yes,7408,Kong ruea brrthuk khrueang bin,7408,Kong Ruea Hlak
SIA,HTMS Phra Ruang,destroyer,ship_hull_light_0,Phra Ruang Class,,7408,Kong ruea brrthuk khrueang bin,7408,Kong Ruea Hlak
SIA,HTMS Prap Porapak,destroyer,ship_hull_light_1,Prap Porapak Class,,7408,Kong ruea brrthuk khrueang bin,7408,Kong Ruea Hlak
SIA,HTMS Tewa Suraram,destroyer,ship_hull_light_1,Prap Porapak Class,,7408,Kong ruea brrthuk khrueang bin,7408,Kong Ruea Hlak
SIA,HTMS Pi Sua Nam,destroyer,ship_hull_light_1,Prap Porapak Class,,7408,Kong ruea brrthuk khrueang bin,7408,Kong Ruea Hlak
SIA,HTMS Kechon,destroyer,ship_hull_light_1,Prap Porapak Class,,7408,Kong ruea brrthuk khrueang bin,7408,Kong Ruea Hlak
SIA,HTMS Maeklong,frigate,ship_hull_frigate_2,Maeklong Class,,7408,Kong ruea paongkan chaifang,7408,Kong Ruea Hlak
SIA,HTMS Tachin,frigate,ship_hull_frigate_2,Maeklong Class,,7408,Kong ruea paongkan chaifang,7408,Kong Ruea Hlak
SIA,HTMS Ratnakosindra,frigate,ship_hull_micro,Ratnakosindra Class,,7408,Kong ruea paongkan chaifang,7408,Kong Ruea Hlak
SIA,HTMS Sukhothai,frigate,ship_hull_micro,Ratnakosindra Class,,7408,Kong ruea paongkan chaifang,7408,Kong Ruea Hlak
SIA,HTMS Sua Thayan Chon,frigate,ship_hull_frigate_2,Sua Thayan Chon Class,,7408,Kong ruea paongkan chaifang,7408,Kong Ruea Hlak
SIA,HTMS Sua Khamron Sin,frigate,ship_hull_frigate_2,Sua Thayan Chon Class,,7408,Kong ruea paongkan chaifang,7408,Kong Ruea Hlak
SIA,HTMS Sriya Monthon,frigate,ship_hull_frigate_2,Sriya Monthon Class,,7408,Kong ruea paongkan chaifang,7408,Kong Ruea Hlak
SIA,HTMS Sunthorn Phu,submarine,ship_hull_cruiser_submarine,Sunthorn Phu Class,,7408,Kong ruea da na,7408,Kong Ruea Hlak
SIA,HTMS Matchanu,submarine,ship_hull_submarine_1,Matchanu Class,,7408,Kong ruea da na,7408,Kong Ruea Hlak
SIA,HTMS Wirun,submarine,ship_hull_submarine_1,Matchanu Class,,7408,Kong ruea da na,7408,Kong Ruea Hlak
SIA,HTMS Sinsamut,submarine,ship_hull_submarine_1,Matchanu Class,,7408,Kong ruea da na,7408,Kong Ruea Hlak
SIA,HTMS Phlai-chumphon,submarine,ship_hull_submarine_1,Matchanu Class,,7408,Kong ruea da na,7408,Kong Ruea Hlak
SIA,HTMS Bali,light_cruiser,ship_hull_cruiser_2,Bali Class,,7408,Kong ruea lad trawen,7408,Kong Ruea Hlak
SIA,HTMS Sugrib,light_cruiser,ship_hull_cruiser_2,Bali Class,,7408,Kong ruea lad trawen,7408,Kong Ruea Hlak
SIA,HTMS Trad,frigate,ship_hull_frigate_2,Trad Class,,7408,Kong ruea lad trawen,7408,Kong Ruea Hlak
SIA,HTMS Puket,frigate,ship_hull_frigate_2,Trad Class,,7408,Kong ruea lad trawen,7408,Kong Ruea Hlak
SIA,HTMS Patani,frigate,ship_hull_frigate_2,Trad Class,,7408,Kong ruea lad trawen,7408,Kong Ruea Hlak
SIA,HTMS Surasdra,frigate,ship_hull_frigate_2,Trad Class,,7408,Kong ruea lad trawen,7408,Kong Ruea Hlak
SIA,HTMS Chanrdaburi,frigate,ship_hull_frigate_2,Trad Class,,7408,Kong ruea lad trawen,7408,Kong Ruea Hlak
SIA,HTMS Rayong,frigate,ship_hull_frigate_2,Trad Class,,7408,Kong ruea lad trawen,7408,Kong Ruea Hlak
SIA,HTMS Chunphorn,frigate,ship_hull_frigate_2,Trad Class,,7408,Kong ruea lad trawen,7408,Kong Ruea Hlak
